2026-08-16T08:50:29.960+05:30  INFO 11200 --- [user] [restartedMain] com.ecommerce.user.UserApplication       : Starting UserApplication using Java 22.0.2 with PID 11200 (C:\Java_Projects\Updated_Ecom_Project\user\target\classes started by baibh in C:\Java_Projects\Updated_Ecom_Project)
2026-08-16T08:50:29.965+05:30  INFO 11200 --- [user] [restartedMain] com.ecommerce.user.UserApplication       : No active profile set, falling back to 1 default profile: "default"
2026-08-16T08:50:30.083+05:30  INFO 11200 --- [user] [restartedMain] o.s.c.c.c.ConfigServerConfigDataLoader   : Fetching config from server at : http://localhost:8888
2026-08-16T08:50:30.084+05:30  INFO 11200 --- [user] [restartedMain] o.s.c.c.c.ConfigServerConfigDataLoader   : Located environment: name=user, profiles=[default], label=null, version=null, state=null
2026-08-16T08:50:30.090+05:30  INFO 11200 --- [user] [restartedMain] .e.DevToolsPropertyDefaultsPostProcessor : Devtools property defaults active! Set 'spring.devtools.add-properties' to 'false' to disable
2026-08-16T08:50:30.091+05:30  INFO 11200 --- [user] [restartedMain] .e.DevToolsPropertyDefaultsPostProcessor : For additional web related logging consider setting the 'logging.level.web' property to 'DEBUG'
2026-08-16T08:50:35.077+05:30  INFO 11200 --- [user] [restartedMain] .s.d.r.c.RepositoryConfigurationDelegate : Bootstrapping Spring Data JPA repositories in DEFAULT mode.
2026-08-16T08:50:35.459+05:30  INFO 11200 --- [user] [restartedMain] .s.d.r.c.RepositoryConfigurationDelegate : Finished Spring Data repository scanning in 354 ms. Found 1 JPA repository interface.
2026-08-16T08:50:36.858+05:30  INFO 11200 --- [user] [restartedMain] o.s.cloud.context.scope.GenericScope     : BeanFactory id=384fb243-166a-36f2-b889-43543ef04c73
2026-08-16T08:50:39.320+05:30  INFO 11200 --- [user] [restartedMain] o.s.b.w.embedded.tomcat.TomcatWebServer  : Tomcat initialized with port 8082 (http)
2026-08-16T08:50:39.362+05:30  INFO 11200 --- [user] [restartedMain] o.apache.catalina.core.StandardService   : Starting service [Tomcat]
2026-08-16T08:50:39.363+05:30  INFO 11200 --- [user] [restartedMain] o.apache.catalina.core.StandardEngine    : Starting Servlet engine: [Apache Tomcat/10.1.34]
2026-08-16T08:50:39.539+05:30  INFO 11200 --- [user] [restartedMain] o.a.c.c.C.[Tomcat].[localhost].[/]       : Initializing Spring embedded WebApplicationContext
2026-08-16T08:50:39.540+05:30  INFO 11200 --- [user] [restartedMain] w.s.c.ServletWebServerApplicationContext : Root WebApplicationContext: initialization completed in 9447 ms
2026-08-16T08:50:40.708+05:30  INFO 11200 --- [user] [restartedMain] o.hibernate.jpa.internal.util.LogHelper  : HHH000204: Processing PersistenceUnitInfo [name: default]
2026-08-16T08:50:40.930+05:30  INFO 11200 --- [user] [restartedMain] org.hibernate.Version                    : HHH000412: Hibernate ORM core version 6.6.4.Final
2026-08-16T08:50:41.056+05:30  INFO 11200 --- [user] [restartedMain] o.h.c.internal.RegionFactoryInitiator    : HHH000026: Second-level cache disabled
2026-08-16T08:50:41.909+05:30  INFO 11200 --- [user] [restartedMain] o.s.o.j.p.SpringPersistenceUnitInfo      : No LoadTimeWeaver setup: ignoring JPA class transformer
2026-08-16T08:50:41.994+05:30  INFO 11200 --- [user] [restartedMain] com.zaxxer.hikari.HikariDataSource       : HikariPool-1 - Starting...
2026-08-16T08:50:43.227+05:30  INFO 11200 --- [user] [restartedMain] com.zaxxer.hikari.pool.HikariPool        : HikariPool-1 - Added connection com.mysql.cj.jdbc.ConnectionImpl@454be827
2026-08-16T08:50:43.232+05:30  INFO 11200 --- [user] [restartedMain] com.zaxxer.hikari.HikariDataSource       : HikariPool-1 - Start completed.
2026-08-16T08:50:43.463+05:30  WARN 11200 --- [user] [restartedMain] org.hibernate.orm.deprecation            : HHH90000025: MySQL8Dialect does not need to be specified explicitly using 'hibernate.dialect' (remove the property setting and it will be selected by default)
2026-08-16T08:50:43.466+05:30  WARN 11200 --- [user] [restartedMain] org.hibernate.orm.deprecation            : HHH90000026: MySQL8Dialect has been deprecated; use org.hibernate.dialect.MySQLDialect instead
2026-08-16T08:50:43.519+05:30  INFO 11200 --- [user] [restartedMain] org.hibernate.orm.connections.pooling    : HHH10001005: Database info:
	Database JDBC URL [Connecting through datasource 'HikariDataSource (HikariPool-1)']
	Database driver: undefined/unknown
	Database version: 8.0
	Autocommit mode: undefined/unknown
	Isolation level: undefined/unknown
	Minimum pool size: undefined/unknown
	Maximum pool size: undefined/unknown
2026-08-16T08:50:46.472+05:30  INFO 11200 --- [user] [restartedMain] o.h.e.t.j.p.i.JtaPlatformInitiator       : HHH000489: No JTA platform available (set 'hibernate.transaction.jta.platform' to enable JTA platform integration)
2026-08-16T08:50:46.655+05:30  INFO 11200 --- [user] [restartedMain] j.LocalContainerEntityManagerFactoryBean : Initialized JPA EntityManagerFactory for persistence unit 'default'
2026-08-16T08:50:48.851+05:30  INFO 11200 --- [user] [restartedMain] eAuthenticationProviderManagerConfigurer : Global AuthenticationManager configured with AuthenticationProvider bean with name authProvider
2026-08-16T08:50:48.852+05:30  WARN 11200 --- [user] [restartedMain] r$InitializeUserDetailsManagerConfigurer : Global AuthenticationManager configured with an AuthenticationProvider bean. UserDetailsService beans will not be used by Spring Security for automatically configuring username/password login. Consider removing the AuthenticationProvider bean. Alternatively, consider using the UserDetailsService in a manually instantiated DaoAuthenticationProvider. If the current configuration is intentional, to turn off this warning, increase the logging level of 'org.springframework.security.config.annotation.authentication.configuration.InitializeUserDetailsBeanManagerConfigurer' to ERROR
2026-08-16T08:50:48.966+05:30  WARN 11200 --- [user] [restartedMain] JpaBaseConfiguration$JpaWebConfiguration : spring.jpa.open-in-view is enabled by default. Therefore, database queries may be performed during view rendering. Explicitly configure spring.jpa.open-in-view to disable this warning
2026-08-16T08:50:52.666+05:30  INFO 11200 --- [user] [restartedMain] o.s.b.a.e.web.EndpointLinksResolver      : Exposing 18 endpoints beneath base path '/actuator'
2026-08-16T08:50:57.113+05:30  WARN 11200 --- [user] [restartedMain] o.s.b.d.a.OptionalLiveReloadServer       : Unable to start LiveReload server
2026-08-16T08:50:57.258+05:30  INFO 11200 --- [user] [restartedMain] DiscoveryClientOptionalArgsConfiguration : Eureka HTTP Client uses RestTemplate.
2026-08-16T08:50:57.601+05:30  WARN 11200 --- [user] [restartedMain] iguration$LoadBalancerCaffeineWarnLogger : Spring Cloud LoadBalancer is currently working with the default cache. While this cache implementation is useful for development and tests, it's recommended to use Caffeine cache in production.You can switch to using Caffeine cache, by adding it and org.springframework.cache.caffeine.CaffeineCacheManager to the classpath.
2026-08-16T08:50:58.059+05:30  INFO 11200 --- [user] [restartedMain] o.s.c.n.eureka.InstanceInfoFactory       : Setting initial instance status as: STARTING
2026-08-16T08:50:58.244+05:30  INFO 11200 --- [user] [restartedMain] com.netflix.discovery.DiscoveryClient    : Initializing Eureka in region us-east-1
2026-08-16T08:50:58.253+05:30  INFO 11200 --- [user] [restartedMain] c.n.d.s.r.aws.ConfigClusterResolver      : Resolving eureka endpoints via configuration
2026-08-16T08:50:58.291+05:30  INFO 11200 --- [user] [restartedMain] com.netflix.discovery.DiscoveryClient    : Disable delta property : false
2026-08-16T08:50:58.292+05:30  INFO 11200 --- [user] [restartedMain] com.netflix.discovery.DiscoveryClient    : Single vip registry refresh property : null
2026-08-16T08:50:58.293+05:30  INFO 11200 --- [user] [restartedMain] com.netflix.discovery.DiscoveryClient    : Force full registry fetch : false
2026-08-16T08:50:58.293+05:30  INFO 11200 --- [user] [restartedMain] com.netflix.discovery.DiscoveryClient    : Application is null : false
2026-08-16T08:50:58.294+05:30  INFO 11200 --- [user] [restartedMain] com.netflix.discovery.DiscoveryClient    : Registered Applications size is zero : true
2026-08-16T08:50:58.294+05:30  INFO 11200 --- [user] [restartedMain] com.netflix.discovery.DiscoveryClient    : Application version is -1: true
2026-08-16T08:50:58.295+05:30  INFO 11200 --- [user] [restartedMain] com.netflix.discovery.DiscoveryClient    : Getting all instance registry info from the eureka server
2026-08-16T08:50:58.999+05:30  INFO 11200 --- [user] [restartedMain] com.netflix.discovery.DiscoveryClient    : The response status is 200
2026-08-16T08:50:59.002+05:30  INFO 11200 --- [user] [restartedMain] com.netflix.discovery.DiscoveryClient    : Starting heartbeat executor: renew interval is: 30
2026-08-16T08:50:59.006+05:30  INFO 11200 --- [user] [restartedMain] c.n.discovery.InstanceInfoReplicator     : InstanceInfoReplicator onDemand update allowed rate per min is 4
2026-08-16T08:50:59.010+05:30  INFO 11200 --- [user] [restartedMain] com.netflix.discovery.DiscoveryClient    : Discovery Client initialized at timestamp 1786850459009 with initial instances count: 0
2026-08-16T08:50:59.025+05:30  INFO 11200 --- [user] [restartedMain] o.s.c.n.e.s.EurekaServiceRegistry        : Registering application USER with eureka with status UP
2026-08-16T08:50:59.026+05:30  INFO 11200 --- [user] [restartedMain] com.netflix.discovery.DiscoveryClient    : Saw local status change event StatusChangeEvent [timestamp=1786850459026, current=UP, previous=STARTING]
2026-08-16T08:50:59.030+05:30  INFO 11200 --- [user] [DiscoveryClient-InstanceInfoReplicator-%d] com.netflix.discovery.DiscoveryClient    : DiscoveryClient_USER/LAPTOP-5SP7S7OV:user:8082: registering service...
2026-08-16T08:50:59.070+05:30  INFO 11200 --- [user] [restartedMain] o.s.b.w.embedded.tomcat.TomcatWebServer  : Tomcat started on port 8082 (http) with context path '/'
2026-08-16T08:50:59.073+05:30  INFO 11200 --- [user] [restartedMain] .s.c.n.e.s.EurekaAutoServiceRegistration : Updating port to 8082
2026-08-16T08:50:59.121+05:30  INFO 11200 --- [user] [DiscoveryClient-InstanceInfoReplicator-%d] com.netflix.discovery.DiscoveryClient    : DiscoveryClient_USER/LAPTOP-5SP7S7OV:user:8082 - registration status: 204
2026-08-16T08:50:59.130+05:30  INFO 11200 --- [user] [restartedMain] com.ecommerce.user.UserApplication       : Started UserApplication in 33.21 seconds (process running for 36.265)
2026-08-16T08:51:29.016+05:30  INFO 11200 --- [user] [DiscoveryClient-CacheRefreshExecutor-%d] com.netflix.discovery.DiscoveryClient    : Disable delta property : false
2026-08-16T08:51:29.017+05:30  INFO 11200 --- [user] [DiscoveryClient-CacheRefreshExecutor-%d] com.netflix.discovery.DiscoveryClient    : Single vip registry refresh property : null
2026-08-16T08:51:29.017+05:30  INFO 11200 --- [user] [DiscoveryClient-CacheRefreshExecutor-%d] com.netflix.discovery.DiscoveryClient    : Force full registry fetch : false
2026-08-16T08:51:29.017+05:30  INFO 11200 --- [user] [DiscoveryClient-CacheRefreshExecutor-%d] com.netflix.discovery.DiscoveryClient    : Application is null : false
2026-08-16T08:51:29.017+05:30  INFO 11200 --- [user] [DiscoveryClient-CacheRefreshExecutor-%d] com.netflix.discovery.DiscoveryClient    : Registered Applications size is zero : true
2026-08-16T08:51:29.017+05:30  INFO 11200 --- [user] [DiscoveryClient-CacheRefreshExecutor-%d] com.netflix.discovery.DiscoveryClient    : Application version is -1: false
2026-08-16T08:51:29.017+05:30  INFO 11200 --- [user] [DiscoveryClient-CacheRefreshExecutor-%d] com.netflix.discovery.DiscoveryClient    : Getting all instance registry info from the eureka server
2026-08-16T08:51:29.049+05:30  INFO 11200 --- [user] [DiscoveryClient-CacheRefreshExecutor-%d] com.netflix.discovery.DiscoveryClient    : The response status is 200
2026-08-16T08:52:12.107+05:30  INFO 11200 --- [user] [http-nio-8082-exec-1] o.a.c.c.C.[Tomcat].[localhost].[/]       : Initializing Spring DispatcherServlet 'dispatcherServlet'
2026-08-16T08:52:12.108+05:30  INFO 11200 --- [user] [http-nio-8082-exec-1] o.s.web.servlet.DispatcherServlet        : Initializing Servlet 'dispatcherServlet'
2026-08-16T08:52:12.110+05:30  INFO 11200 --- [user] [http-nio-8082-exec-1] o.s.web.servlet.DispatcherServlet        : Completed initialization in 2 ms
2026-08-16T08:52:12.205+05:30  INFO 11200 --- [user] [http-nio-8082-exec-1] c.e.user.controller.UserController       : Post request for the Login for user:john@gmail.com, received
2026-08-16T08:52:12.205+05:30  INFO 11200 --- [user] [http-nio-8082-exec-1] com.ecommerce.user.service.UserService   : Initiating the Authetication for the user:john@gmail.com
2026-08-16T08:52:12.526+05:30  INFO 11200 --- [user] [http-nio-8082-exec-1] com.ecommerce.user.service.UserService   : Authentication Successfully generating the token
2026-08-16T08:52:31.719+05:30  INFO 11200 --- [user] [http-nio-8082-exec-2] c.e.user.controller.UserController       : Post request for the Login for user:john@gmail.com, received
2026-08-16T08:52:31.719+05:30  INFO 11200 --- [user] [http-nio-8082-exec-2] com.ecommerce.user.service.UserService   : Initiating the Authetication for the user:john@gmail.com
2026-08-16T08:52:31.734+05:30  INFO 11200 --- [user] [http-nio-8082-exec-2] com.ecommerce.user.service.UserService   : Authentication Successfully generating the token
2026-08-16T08:53:28.861+05:30  INFO 11200 --- [user] [http-nio-8082-exec-4] c.e.user.controller.UserController       : Get request for the user with id:1, received
2026-08-16T08:53:28.862+05:30  INFO 11200 --- [user] [http-nio-8082-exec-4] com.ecommerce.user.service.UserService   : Fetching the User with id:1
2026-08-16T08:53:49.330+05:30  INFO 11200 --- [user] [SpringApplicationShutdownHook] o.s.c.n.e.s.EurekaServiceRegistry        : Unregistering application USER with eureka with status DOWN
2026-08-16T08:53:49.331+05:30  INFO 11200 --- [user] [SpringApplicationShutdownHook] com.netflix.discovery.DiscoveryClient    : Saw local status change event StatusChangeEvent [timestamp=1786850629331, current=DOWN, previous=UP]
2026-08-16T08:53:49.331+05:30  INFO 11200 --- [user] [DiscoveryClient-InstanceInfoReplicator-%d] com.netflix.discovery.DiscoveryClient    : DiscoveryClient_USER/LAPTOP-5SP7S7OV:user:8082: registering service...
2026-08-16T08:53:49.335+05:30  INFO 11200 --- [user] [SpringApplicationShutdownHook] o.s.b.w.e.tomcat.GracefulShutdown        : Commencing graceful shutdown. Waiting for active requests to complete
2026-08-16T08:53:49.343+05:30  INFO 11200 --- [user] [tomcat-shutdown] o.s.b.w.e.tomcat.GracefulShutdown        : Graceful shutdown complete
2026-08-16T08:53:49.351+05:30  INFO 11200 --- [user] [DiscoveryClient-InstanceInfoReplicator-%d] com.netflix.discovery.DiscoveryClient    : DiscoveryClient_USER/LAPTOP-5SP7S7OV:user:8082 - registration status: 204
2026-08-16T08:53:49.356+05:30  INFO 11200 --- [user] [SpringApplicationShutdownHook] j.LocalContainerEntityManagerFactoryBean : Closing JPA EntityManagerFactory for persistence unit 'default'
2026-08-16T08:53:49.362+05:30  INFO 11200 --- [user] [SpringApplicationShutdownHook] com.zaxxer.hikari.HikariDataSource       : HikariPool-1 - Shutdown initiated...
2026-08-16T08:53:49.382+05:30  INFO 11200 --- [user] [SpringApplicationShutdownHook] com.zaxxer.hikari.HikariDataSource       : HikariPool-1 - Shutdown completed.
2026-08-16T08:53:49.384+05:30  INFO 11200 --- [user] [SpringApplicationShutdownHook] com.netflix.discovery.DiscoveryClient    : Shutting down DiscoveryClient ...
2026-08-16T08:53:52.400+05:30  INFO 11200 --- [user] [SpringApplicationShutdownHook] com.netflix.discovery.DiscoveryClient    : Unregistering ...
2026-08-16T08:53:52.420+05:30  INFO 11200 --- [user] [SpringApplicationShutdownHook] c.n.d.s.t.d.RedirectingEurekaHttpClient  : Request execution error. endpoint=DefaultEndpoint{ serviceUrl='http://localhost:8761/eureka/} exception=I/O error on DELETE request for "http://localhost:8761/eureka/apps/USER/LAPTOP-5SP7S7OV:user:8082": Connect to http://localhost:8761 [localhost/127.0.0.1, localhost/0:0:0:0:0:0:0:1] failed: Connection refused: getsockopt stacktrace=org.springframework.web.client.ResourceAccessException: I/O error on DELETE request for "http://localhost:8761/eureka/apps/USER/LAPTOP-5SP7S7OV:user:8082": Connect to http://localhost:8761 [localhost/127.0.0.1, localhost/0:0:0:0:0:0:0:1] failed: Connection refused: getsockopt
	at org.springframework.web.client.RestTemplate.createResourceAccessException(RestTemplate.java:926)
	at org.springframework.web.client.RestTemplate.doExecute(RestTemplate.java:906)
	at org.springframework.web.client.RestTemplate.execute(RestTemplate.java:841)
	at org.springframework.web.client.RestTemplate.exchange(RestTemplate.java:702)
	at org.springframework.cloud.netflix.eureka.http.RestTemplateEurekaHttpClient.cancel(RestTemplateEurekaHttpClient.java:100)
	at com.netflix.discovery.shared.transport.decorator.EurekaHttpClientDecorator$2.execute(EurekaHttpClientDecorator.java:74)
	at com.netflix.discovery.shared.transport.decorator.RedirectingEurekaHttpClient.execute(RedirectingEurekaHttpClient.java:91)
	at com.netflix.discovery.shared.transport.decorator.EurekaHttpClientDecorator.cancel(EurekaHttpClientDecorator.java:71)
	at com.netflix.discovery.shared.transport.decorator.EurekaHttpClientDecorator$2.execute(EurekaHttpClientDecorator.java:74)
	at com.netflix.discovery.shared.transport.decorator.RetryableEurekaHttpClient.execute(RetryableEurekaHttpClient.java:120)
	at com.netflix.discovery.shared.transport.decorator.EurekaHttpClientDecorator.cancel(EurekaHttpClientDecorator.java:71)
	at com.netflix.discovery.shared.transport.decorator.EurekaHttpClientDecorator$2.execute(EurekaHttpClientDecorator.java:74)
	at com.netflix.discovery.shared.transport.decorator.SessionedEurekaHttpClient.execute(SessionedEurekaHttpClient.java:76)
	at com.netflix.discovery.shared.transport.decorator.EurekaHttpClientDecorator.cancel(EurekaHttpClientDecorator.java:71)
	at com.netflix.discovery.DiscoveryClient.unregister(DiscoveryClient.java:919)
	at com.netflix.discovery.DiscoveryClient.shutdown(DiscoveryClient.java:900)
	at java.base/jdk.internal.reflect.DirectMethodHandleAccessor.invoke(DirectMethodHandleAccessor.java:103)
	at java.base/java.lang.reflect.Method.invoke(Method.java:580)
	at org.springframework.beans.factory.annotation.InitDestroyAnnotationBeanPostProcessor$LifecycleMethod.invoke(InitDestroyAnnotationBeanPostProcessor.java:457)
	at org.springframework.beans.factory.annotation.InitDestroyAnnotationBeanPostProcessor$LifecycleMetadata.invokeDestroyMethods(InitDestroyAnnotationBeanPostProcessor.java:415)
	at org.springframework.beans.factory.annotation.InitDestroyAnnotationBeanPostProcessor.postProcessBeforeDestruction(InitDestroyAnnotationBeanPostProcessor.java:239)
	at org.springframework.beans.factory.support.DisposableBeanAdapter.destroy(DisposableBeanAdapter.java:202)
	at org.springframework.beans.factory.support.DisposableBeanAdapter.run(DisposableBeanAdapter.java:195)
	at org.springframework.cloud.context.scope.GenericScope$BeanLifecycleWrapper.destroy(GenericScope.java:389)
	at org.springframework.cloud.context.scope.GenericScope.destroy(GenericScope.java:136)
	at org.springframework.beans.factory.support.DisposableBeanAdapter.destroy(DisposableBeanAdapter.java:211)
	at org.springframework.beans.factory.support.DefaultSingletonBeanRegistry.destroyBean(DefaultSingletonBeanRegistry.java:668)
	at org.springframework.beans.factory.support.DefaultSingletonBeanRegistry.destroySingleton(DefaultSingletonBeanRegistry.java:625)
	at org.springframework.beans.factory.support.DefaultListableBeanFactory.destroySingleton(DefaultListableBeanFactory.java:1368)
	at org.springframework.beans.factory.support.DefaultSingletonBeanRegistry.destroySingletons(DefaultSingletonBeanRegistry.java:584)
	at org.springframework.beans.factory.support.DefaultListableBeanFactory.destroySingletons(DefaultListableBeanFactory.java:1361)
	at org.springframework.context.support.AbstractApplicationContext.destroyBeans(AbstractApplicationContext.java:1219)
	at org.springframework.context.support.AbstractApplicationContext.doClose(AbstractApplicationContext.java:1180)
	at org.springframework.boot.web.servlet.context.ServletWebServerApplicationContext.doClose(ServletWebServerApplicationContext.java:174)
	at org.springframework.context.support.AbstractApplicationContext.close(AbstractApplicationContext.java:1126)
	at org.springframework.boot.SpringApplicationShutdownHook.closeAndWait(SpringApplicationShutdownHook.java:147)
	at java.base/java.lang.Iterable.forEach(Iterable.java:75)
	at org.springframework.boot.SpringApplicationShutdownHook.run(SpringApplicationShutdownHook.java:116)
	at java.base/java.lang.Thread.run(Thread.java:1570)
Caused by: org.apache.hc.client5.http.HttpHostConnectException: Connect to http://localhost:8761 [localhost/127.0.0.1, localhost/0:0:0:0:0:0:0:1] failed: Connection refused: getsockopt
	at java.base/sun.nio.ch.Net.pollConnect(Native Method)
	at java.base/sun.nio.ch.Net.pollConnectNow(Net.java:682)
	at java.base/sun.nio.ch.NioSocketImpl.timedFinishConnect(NioSocketImpl.java:542)
	at java.base/sun.nio.ch.NioSocketImpl.connect(NioSocketImpl.java:592)
	at java.base/java.net.SocksSocketImpl.connect(SocksSocketImpl.java:327)
	at java.base/java.net.Socket.connect(Socket.java:752)
	at org.apache.hc.client5.http.impl.io.DefaultHttpClientConnectionOperator.connect(DefaultHttpClientConnectionOperator.java:216)
	at org.apache.hc.client5.http.impl.io.PoolingHttpClientConnectionManager.connect(PoolingHttpClientConnectionManager.java:490)
	at org.apache.hc.client5.http.impl.classic.InternalExecRuntime.connectEndpoint(InternalExecRuntime.java:164)
	at org.apache.hc.client5.http.impl.classic.InternalExecRuntime.connectEndpoint(InternalExecRuntime.java:174)
	at org.apache.hc.client5.http.impl.classic.ConnectExec.execute(ConnectExec.java:144)
	at org.apache.hc.client5.http.impl.classic.ExecChainElement.execute(ExecChainElement.java:51)
	at org.apache.hc.client5.http.impl.classic.ProtocolExec.execute(ProtocolExec.java:192)
	at org.apache.hc.client5.http.impl.classic.ExecChainElement.execute(ExecChainElement.java:51)
	at org.apache.hc.client5.http.impl.classic.ContentCompressionExec.execute(ContentCompressionExec.java:150)
	at org.apache.hc.client5.http.impl.classic.ExecChainElement.execute(ExecChainElement.java:51)
	at org.apache.hc.client5.http.impl.classic.HttpRequestRetryExec.execute(HttpRequestRetryExec.java:113)
	at org.apache.hc.client5.http.impl.classic.ExecChainElement.execute(ExecChainElement.java:51)
	at org.apache.hc.client5.http.impl.classic.RedirectExec.execute(RedirectExec.java:110)
	at org.apache.hc.client5.http.impl.classic.ExecChainElement.execute(ExecChainElement.java:51)
	at org.apache.hc.client5.http.impl.classic.InternalHttpClient.doExecute(InternalHttpClient.java:174)
	at org.apache.hc.client5.http.impl.classic.CloseableHttpClient.execute(CloseableHttpClient.java:87)
	at org.apache.hc.client5.http.impl.classic.CloseableHttpClient.execute(CloseableHttpClient.java:55)
	at org.apache.hc.client5.http.classic.HttpClient.executeOpen(HttpClient.java:183)
	at org.springframework.http.client.HttpComponentsClientHttpRequest.executeInternal(HttpComponentsClientHttpRequest.java:99)
	at org.springframework.http.client.AbstractStreamingClientHttpRequest.executeInternal(AbstractStreamingClientHttpRequest.java:71)
	at org.springframework.http.client.AbstractClientHttpRequest.execute(AbstractClientHttpRequest.java:81)
	at org.springframework.http.client.InterceptingClientHttpRequest$InterceptingRequestExecution.execute(InterceptingClientHttpRequest.java:117)
	at org.springframework.cloud.netflix.eureka.http.RestTemplateTransportClientFactory.lambda$restTemplate$3(RestTemplateTransportClientFactory.java:141)
	at org.springframework.http.client.InterceptingClientHttpRequest$InterceptingRequestExecution.execute(InterceptingClientHttpRequest.java:88)
	at org.springframework.http.client.InterceptingClientHttpRequest.executeInternal(InterceptingClientHttpRequest.java:72)
	at org.springframework.http.client.AbstractBufferingClientHttpRequest.executeInternal(AbstractBufferingClientHttpRequest.java:48)
	at org.springframework.http.client.AbstractClientHttpRequest.execute(AbstractClientHttpRequest.java:81)
	at org.springframework.web.client.RestTemplate.doExecute(RestTemplate.java:900)
	... 37 more

2026-08-16T08:53:52.421+05:30  WARN 11200 --- [user] [SpringApplicationShutdownHook] c.n.d.s.t.d.RetryableEurekaHttpClient    : Request execution failed with message: I/O error on DELETE request for "http://localhost:8761/eureka/apps/USER/LAPTOP-5SP7S7OV:user:8082": Connect to http://localhost:8761 [localhost/127.0.0.1, localhost/0:0:0:0:0:0:0:1] failed: Connection refused: getsockopt
2026-08-16T08:53:52.464+05:30  INFO 11200 --- [user] [SpringApplicationShutdownHook] c.n.d.s.t.d.RedirectingEurekaHttpClient  : Request execution error. endpoint=DefaultEndpoint{ serviceUrl='http://localhost:8761/eureka/}, exception=I/O error on DELETE request for "http://localhost:8761/eureka/apps/USER/LAPTOP-5SP7S7OV:user:8082": Connect to http://localhost:8761 [localhost/127.0.0.1, localhost/0:0:0:0:0:0:0:1] failed: Connection refused: getsockopt stacktrace=org.springframework.web.client.ResourceAccessException: I/O error on DELETE request for "http://localhost:8761/eureka/apps/USER/LAPTOP-5SP7S7OV:user:8082": Connect to http://localhost:8761 [localhost/127.0.0.1, localhost/0:0:0:0:0:0:0:1] failed: Connection refused: getsockopt
	at org.springframework.web.client.RestTemplate.createResourceAccessException(RestTemplate.java:926)
	at org.springframework.web.client.RestTemplate.doExecute(RestTemplate.java:906)
	at org.springframework.web.client.RestTemplate.execute(RestTemplate.java:841)
	at org.springframework.web.client.RestTemplate.exchange(RestTemplate.java:702)
	at org.springframework.cloud.netflix.eureka.http.RestTemplateEurekaHttpClient.cancel(RestTemplateEurekaHttpClient.java:100)
	at com.netflix.discovery.shared.transport.decorator.EurekaHttpClientDecorator$2.execute(EurekaHttpClientDecorator.java:74)
	at com.netflix.discovery.shared.transport.decorator.RedirectingEurekaHttpClient.executeOnNewServer(RedirectingEurekaHttpClient.java:121)
	at com.netflix.discovery.shared.transport.decorator.RedirectingEurekaHttpClient.execute(RedirectingEurekaHttpClient.java:80)
	at com.netflix.discovery.shared.transport.decorator.EurekaHttpClientDecorator.cancel(EurekaHttpClientDecorator.java:71)
	at com.netflix.discovery.shared.transport.decorator.EurekaHttpClientDecorator$2.execute(EurekaHttpClientDecorator.java:74)
	at com.netflix.discovery.shared.transport.decorator.RetryableEurekaHttpClient.execute(RetryableEurekaHttpClient.java:120)
	at com.netflix.discovery.shared.transport.decorator.EurekaHttpClientDecorator.cancel(EurekaHttpClientDecorator.java:71)
	at com.netflix.discovery.shared.transport.decorator.EurekaHttpClientDecorator$2.execute(EurekaHttpClientDecorator.java:74)
	at com.netflix.discovery.shared.transport.decorator.SessionedEurekaHttpClient.execute(SessionedEurekaHttpClient.java:76)
	at com.netflix.discovery.shared.transport.decorator.EurekaHttpClientDecorator.cancel(EurekaHttpClientDecorator.java:71)
	at com.netflix.discovery.DiscoveryClient.unregister(DiscoveryClient.java:919)
	at com.netflix.discovery.DiscoveryClient.shutdown(DiscoveryClient.java:900)
	at java.base/jdk.internal.reflect.DirectMethodHandleAccessor.invoke(DirectMethodHandleAccessor.java:103)
	at java.base/java.lang.reflect.Method.invoke(Method.java:580)
	at org.springframework.beans.factory.annotation.InitDestroyAnnotationBeanPostProcessor$LifecycleMethod.invoke(InitDestroyAnnotationBeanPostProcessor.java:457)
	at org.springframework.beans.factory.annotation.InitDestroyAnnotationBeanPostProcessor$LifecycleMetadata.invokeDestroyMethods(InitDestroyAnnotationBeanPostProcessor.java:415)
	at org.springframework.beans.factory.annotation.InitDestroyAnnotationBeanPostProcessor.postProcessBeforeDestruction(InitDestroyAnnotationBeanPostProcessor.java:239)
	at org.springframework.beans.factory.support.DisposableBeanAdapter.destroy(DisposableBeanAdapter.java:202)
	at org.springframework.beans.factory.support.DisposableBeanAdapter.run(DisposableBeanAdapter.java:195)
	at org.springframework.cloud.context.scope.GenericScope$BeanLifecycleWrapper.destroy(GenericScope.java:389)
	at org.springframework.cloud.context.scope.GenericScope.destroy(GenericScope.java:136)
	at org.springframework.beans.factory.support.DisposableBeanAdapter.destroy(DisposableBeanAdapter.java:211)
	at org.springframework.beans.factory.support.DefaultSingletonBeanRegistry.destroyBean(DefaultSingletonBeanRegistry.java:668)
	at org.springframework.beans.factory.support.DefaultSingletonBeanRegistry.destroySingleton(DefaultSingletonBeanRegistry.java:625)
	at org.springframework.beans.factory.support.DefaultListableBeanFactory.destroySingleton(DefaultListableBeanFactory.java:1368)
	at org.springframework.beans.factory.support.DefaultSingletonBeanRegistry.destroySingletons(DefaultSingletonBeanRegistry.java:584)
	at org.springframework.beans.factory.support.DefaultListableBeanFactory.destroySingletons(DefaultListableBeanFactory.java:1361)
	at org.springframework.context.support.AbstractApplicationContext.destroyBeans(AbstractApplicationContext.java:1219)
	at org.springframework.context.support.AbstractApplicationContext.doClose(AbstractApplicationContext.java:1180)
	at org.springframework.boot.web.servlet.context.ServletWebServerApplicationContext.doClose(ServletWebServerApplicationContext.java:174)
	at org.springframework.context.support.AbstractApplicationContext.close(AbstractApplicationContext.java:1126)
	at org.springframework.boot.SpringApplicationShutdownHook.closeAndWait(SpringApplicationShutdownHook.java:147)
	at java.base/java.lang.Iterable.forEach(Iterable.java:75)
	at org.springframework.boot.SpringApplicationShutdownHook.run(SpringApplicationShutdownHook.java:116)
	at java.base/java.lang.Thread.run(Thread.java:1570)
Caused by: org.apache.hc.client5.http.HttpHostConnectException: Connect to http://localhost:8761 [localhost/127.0.0.1, localhost/0:0:0:0:0:0:0:1] failed: Connection refused: getsockopt
	at java.base/sun.nio.ch.Net.pollConnect(Native Method)
	at java.base/sun.nio.ch.Net.pollConnectNow(Net.java:682)
	at java.base/sun.nio.ch.NioSocketImpl.timedFinishConnect(NioSocketImpl.java:542)
	at java.base/sun.nio.ch.NioSocketImpl.connect(NioSocketImpl.java:592)
	at java.base/java.net.SocksSocketImpl.connect(SocksSocketImpl.java:327)
	at java.base/java.net.Socket.connect(Socket.java:752)
	at org.apache.hc.client5.http.impl.io.DefaultHttpClientConnectionOperator.connect(DefaultHttpClientConnectionOperator.java:216)
	at org.apache.hc.client5.http.impl.io.PoolingHttpClientConnectionManager.connect(PoolingHttpClientConnectionManager.java:490)
	at org.apache.hc.client5.http.impl.classic.InternalExecRuntime.connectEndpoint(InternalExecRuntime.java:164)
	at org.apache.hc.client5.http.impl.classic.InternalExecRuntime.connectEndpoint(InternalExecRuntime.java:174)
	at org.apache.hc.client5.http.impl.classic.ConnectExec.execute(ConnectExec.java:144)
	at org.apache.hc.client5.http.impl.classic.ExecChainElement.execute(ExecChainElement.java:51)
	at org.apache.hc.client5.http.impl.classic.ProtocolExec.execute(ProtocolExec.java:192)
	at org.apache.hc.client5.http.impl.classic.ExecChainElement.execute(ExecChainElement.java:51)
	at org.apache.hc.client5.http.impl.classic.ContentCompressionExec.execute(ContentCompressionExec.java:150)
	at org.apache.hc.client5.http.impl.classic.ExecChainElement.execute(ExecChainElement.java:51)
	at org.apache.hc.client5.http.impl.classic.HttpRequestRetryExec.execute(HttpRequestRetryExec.java:113)
	at org.apache.hc.client5.http.impl.classic.ExecChainElement.execute(ExecChainElement.java:51)
	at org.apache.hc.client5.http.impl.classic.RedirectExec.execute(RedirectExec.java:110)
	at org.apache.hc.client5.http.impl.classic.ExecChainElement.execute(ExecChainElement.java:51)
	at org.apache.hc.client5.http.impl.classic.InternalHttpClient.doExecute(InternalHttpClient.java:174)
	at org.apache.hc.client5.http.impl.classic.CloseableHttpClient.execute(CloseableHttpClient.java:87)
	at org.apache.hc.client5.http.impl.classic.CloseableHttpClient.execute(CloseableHttpClient.java:55)
	at org.apache.hc.client5.http.classic.HttpClient.executeOpen(HttpClient.java:183)
	at org.springframework.http.client.HttpComponentsClientHttpRequest.executeInternal(HttpComponentsClientHttpRequest.java:99)
	at org.springframework.http.client.AbstractStreamingClientHttpRequest.executeInternal(AbstractStreamingClientHttpRequest.java:71)
	at org.springframework.http.client.AbstractClientHttpRequest.execute(AbstractClientHttpRequest.java:81)
	at org.springframework.http.client.InterceptingClientHttpRequest$InterceptingRequestExecution.execute(InterceptingClientHttpRequest.java:117)
	at org.springframework.cloud.netflix.eureka.http.RestTemplateTransportClientFactory.lambda$restTemplate$3(RestTemplateTransportClientFactory.java:141)
	at org.springframework.http.client.InterceptingClientHttpRequest$InterceptingRequestExecution.execute(InterceptingClientHttpRequest.java:88)
	at org.springframework.http.client.InterceptingClientHttpRequest.executeInternal(InterceptingClientHttpRequest.java:72)
	at org.springframework.http.client.AbstractBufferingClientHttpRequest.executeInternal(AbstractBufferingClientHttpRequest.java:48)
	at org.springframework.http.client.AbstractClientHttpRequest.execute(AbstractClientHttpRequest.java:81)
	at org.springframework.web.client.RestTemplate.doExecute(RestTemplate.java:900)
	... 38 more

2026-08-16T08:53:52.465+05:30  WARN 11200 --- [user] [SpringApplicationShutdownHook] c.n.d.s.t.d.RetryableEurekaHttpClient    : Request execution failed with message: I/O error on DELETE request for "http://localhost:8761/eureka/apps/USER/LAPTOP-5SP7S7OV:user:8082": Connect to http://localhost:8761 [localhost/127.0.0.1, localhost/0:0:0:0:0:0:0:1] failed: Connection refused: getsockopt
2026-08-16T08:53:52.465+05:30 ERROR 11200 --- [user] [SpringApplicationShutdownHook] com.netflix.discovery.DiscoveryClient    : DiscoveryClient_USER/LAPTOP-5SP7S7OV:user:8082 - de-registration failedCannot execute request on any known server

com.netflix.discovery.shared.transport.TransportException: Cannot execute request on any known server
	at com.netflix.discovery.shared.transport.decorator.RetryableEurekaHttpClient.execute(RetryableEurekaHttpClient.java:112) ~[eureka-client-2.0.4.jar:2.0.4]
	at com.netflix.discovery.shared.transport.decorator.EurekaHttpClientDecorator.cancel(EurekaHttpClientDecorator.java:71) ~[eureka-client-2.0.4.jar:2.0.4]
	at com.netflix.discovery.shared.transport.decorator.EurekaHttpClientDecorator$2.execute(EurekaHttpClientDecorator.java:74) ~[eureka-client-2.0.4.jar:2.0.4]
	at com.netflix.discovery.shared.transport.decorator.SessionedEurekaHttpClient.execute(SessionedEurekaHttpClient.java:76) ~[eureka-client-2.0.4.jar:2.0.4]
	at com.netflix.discovery.shared.transport.decorator.EurekaHttpClientDecorator.cancel(EurekaHttpClientDecorator.java:71) ~[eureka-client-2.0.4.jar:2.0.4]
	at com.netflix.discovery.DiscoveryClient.unregister(DiscoveryClient.java:919) ~[eureka-client-2.0.4.jar:2.0.4]
	at com.netflix.discovery.DiscoveryClient.shutdown(DiscoveryClient.java:900) ~[eureka-client-2.0.4.jar:2.0.4]
	at java.base/jdk.internal.reflect.DirectMethodHandleAccessor.invoke(DirectMethodHandleAccessor.java:103) ~[na:na]
	at java.base/java.lang.reflect.Method.invoke(Method.java:580) ~[na:na]
	at org.springframework.beans.factory.annotation.InitDestroyAnnotationBeanPostProcessor$LifecycleMethod.invoke(InitDestroyAnnotationBeanPostProcessor.java:457) ~[spring-beans-6.2.1.jar:6.2.1]
	at org.springframework.beans.factory.annotation.InitDestroyAnnotationBeanPostProcessor$LifecycleMetadata.invokeDestroyMethods(InitDestroyAnnotationBeanPostProcessor.java:415) ~[spring-beans-6.2.1.jar:6.2.1]
	at org.springframework.beans.factory.annotation.InitDestroyAnnotationBeanPostProcessor.postProcessBeforeDestruction(InitDestroyAnnotationBeanPostProcessor.java:239) ~[spring-beans-6.2.1.jar:6.2.1]
	at org.springframework.beans.factory.support.DisposableBeanAdapter.destroy(DisposableBeanAdapter.java:202) ~[spring-beans-6.2.1.jar:6.2.1]
	at org.springframework.beans.factory.support.DisposableBeanAdapter.run(DisposableBeanAdapter.java:195) ~[spring-beans-6.2.1.jar:6.2.1]
	at org.springframework.cloud.context.scope.GenericScope$BeanLifecycleWrapper.destroy(GenericScope.java:389) ~[spring-cloud-context-4.2.0.jar:4.2.0]
	at org.springframework.cloud.context.scope.GenericScope.destroy(GenericScope.java:136) ~[spring-cloud-context-4.2.0.jar:4.2.0]
	at org.springframework.beans.factory.support.DisposableBeanAdapter.destroy(DisposableBeanAdapter.java:211) ~[spring-beans-6.2.1.jar:6.2.1]
	at org.springframework.beans.factory.support.DefaultSingletonBeanRegistry.destroyBean(DefaultSingletonBeanRegistry.java:668) ~[spring-beans-6.2.1.jar:6.2.1]
	at org.springframework.beans.factory.support.DefaultSingletonBeanRegistry.destroySingleton(DefaultSingletonBeanRegistry.java:625) ~[spring-beans-6.2.1.jar:6.2.1]
	at org.springframework.beans.factory.support.DefaultListableBeanFactory.destroySingleton(DefaultListableBeanFactory.java:1368) ~[spring-beans-6.2.1.jar:6.2.1]
	at org.springframework.beans.factory.support.DefaultSingletonBeanRegistry.destroySingletons(DefaultSingletonBeanRegistry.java:584) ~[spring-beans-6.2.1.jar:6.2.1]
	at org.springframework.beans.factory.support.DefaultListableBeanFactory.destroySingletons(DefaultListableBeanFactory.java:1361) ~[spring-beans-6.2.1.jar:6.2.1]
	at org.springframework.context.support.AbstractApplicationContext.destroyBeans(AbstractApplicationContext.java:1219) ~[spring-context-6.2.1.jar:6.2.1]
	at org.springframework.context.support.AbstractApplicationContext.doClose(AbstractApplicationContext.java:1180) ~[spring-context-6.2.1.jar:6.2.1]
	at org.springframework.boot.web.servlet.context.ServletWebServerApplicationContext.doClose(ServletWebServerApplicationContext.java:174) ~[spring-boot-3.4.1.jar:3.4.1]
	at org.springframework.context.support.AbstractApplicationContext.close(AbstractApplicationContext.java:1126) ~[spring-context-6.2.1.jar:6.2.1]
	at org.springframework.boot.SpringApplicationShutdownHook.closeAndWait(SpringApplicationShutdownHook.java:147) ~[spring-boot-3.4.1.jar:3.4.1]
	at java.base/java.lang.Iterable.forEach(Iterable.java:75) ~[na:na]
	at org.springframework.boot.SpringApplicationShutdownHook.run(SpringApplicationShutdownHook.java:116) ~[spring-boot-3.4.1.jar:3.4.1]
	at java.base/java.lang.Thread.run(Thread.java:1570) ~[na:na]

2026-08-16T08:53:52.475+05:30  INFO 11200 --- [user] [SpringApplicationShutdownHook] com.netflix.discovery.DiscoveryClient    : Completed shut down of DiscoveryClient
2026-08-16T11:00:35.372+05:30  INFO 9460 --- [user] [restartedMain] com.ecommerce.user.UserApplication       : Starting UserApplication using Java 22.0.2 with PID 9460 (C:\Java_Projects\Updated_Ecom_Project\user\target\classes started by baibh in C:\Java_Projects\Updated_Ecom_Project)
2026-08-16T11:00:35.381+05:30  INFO 9460 --- [user] [restartedMain] com.ecommerce.user.UserApplication       : No active profile set, falling back to 1 default profile: "default"
2026-08-16T11:00:35.534+05:30  INFO 9460 --- [user] [restartedMain] o.s.c.c.c.ConfigServerConfigDataLoader   : Fetching config from server at : http://localhost:8888
2026-08-16T11:00:35.534+05:30  INFO 9460 --- [user] [restartedMain] o.s.c.c.c.ConfigServerConfigDataLoader   : Located environment: name=user, profiles=[default], label=null, version=null, state=null
2026-08-16T11:00:35.540+05:30  INFO 9460 --- [user] [restartedMain] .e.DevToolsPropertyDefaultsPostProcessor : Devtools property defaults active! Set 'spring.devtools.add-properties' to 'false' to disable
2026-08-16T11:00:35.541+05:30  INFO 9460 --- [user] [restartedMain] .e.DevToolsPropertyDefaultsPostProcessor : For additional web related logging consider setting the 'logging.level.web' property to 'DEBUG'
2026-08-16T11:00:41.270+05:30  INFO 9460 --- [user] [restartedMain] .s.d.r.c.RepositoryConfigurationDelegate : Bootstrapping Spring Data JPA repositories in DEFAULT mode.
2026-08-16T11:00:41.943+05:30  INFO 9460 --- [user] [restartedMain] .s.d.r.c.RepositoryConfigurationDelegate : Finished Spring Data repository scanning in 557 ms. Found 1 JPA repository interface.
2026-08-16T11:00:43.476+05:30  INFO 9460 --- [user] [restartedMain] o.s.cloud.context.scope.GenericScope     : BeanFactory id=384fb243-166a-36f2-b889-43543ef04c73
2026-08-16T11:00:46.553+05:30  INFO 9460 --- [user] [restartedMain] o.s.b.w.embedded.tomcat.TomcatWebServer  : Tomcat initialized with port 8082 (http)
2026-08-16T11:00:46.609+05:30  INFO 9460 --- [user] [restartedMain] o.apache.catalina.core.StandardService   : Starting service [Tomcat]
2026-08-16T11:00:46.610+05:30  INFO 9460 --- [user] [restartedMain] o.apache.catalina.core.StandardEngine    : Starting Servlet engine: [Apache Tomcat/10.1.34]
2026-08-16T11:00:46.789+05:30  INFO 9460 --- [user] [restartedMain] o.a.c.c.C.[Tomcat].[localhost].[/]       : Initializing Spring embedded WebApplicationContext
2026-08-16T11:00:46.790+05:30  INFO 9460 --- [user] [restartedMain] w.s.c.ServletWebServerApplicationContext : Root WebApplicationContext: initialization completed in 11248 ms
2026-08-16T11:00:48.410+05:30  INFO 9460 --- [user] [restartedMain] o.hibernate.jpa.internal.util.LogHelper  : HHH000204: Processing PersistenceUnitInfo [name: default]
2026-08-16T11:00:48.742+05:30  INFO 9460 --- [user] [restartedMain] org.hibernate.Version                    : HHH000412: Hibernate ORM core version 6.6.4.Final
2026-08-16T11:00:48.859+05:30  INFO 9460 --- [user] [restartedMain] o.h.c.internal.RegionFactoryInitiator    : HHH000026: Second-level cache disabled
2026-08-16T11:00:49.913+05:30  INFO 9460 --- [user] [restartedMain] o.s.o.j.p.SpringPersistenceUnitInfo      : No LoadTimeWeaver setup: ignoring JPA class transformer
2026-08-16T11:00:49.978+05:30  INFO 9460 --- [user] [restartedMain] com.zaxxer.hikari.HikariDataSource       : HikariPool-1 - Starting...
2026-08-16T11:00:50.856+05:30  INFO 9460 --- [user] [restartedMain] com.zaxxer.hikari.pool.HikariPool        : HikariPool-1 - Added connection com.mysql.cj.jdbc.ConnectionImpl@6ba4d2bc
2026-08-16T11:00:50.863+05:30  INFO 9460 --- [user] [restartedMain] com.zaxxer.hikari.HikariDataSource       : HikariPool-1 - Start completed.
2026-08-16T11:00:51.078+05:30  WARN 9460 --- [user] [restartedMain] org.hibernate.orm.deprecation            : HHH90000025: MySQL8Dialect does not need to be specified explicitly using 'hibernate.dialect' (remove the property setting and it will be selected by default)
2026-08-16T11:00:51.088+05:30  WARN 9460 --- [user] [restartedMain] org.hibernate.orm.deprecation            : HHH90000026: MySQL8Dialect has been deprecated; use org.hibernate.dialect.MySQLDialect instead
2026-08-16T11:00:51.211+05:30  INFO 9460 --- [user] [restartedMain] org.hibernate.orm.connections.pooling    : HHH10001005: Database info:
	Database JDBC URL [Connecting through datasource 'HikariDataSource (HikariPool-1)']
	Database driver: undefined/unknown
	Database version: 8.0
	Autocommit mode: undefined/unknown
	Isolation level: undefined/unknown
	Minimum pool size: undefined/unknown
	Maximum pool size: undefined/unknown
2026-08-16T11:00:54.326+05:30  INFO 9460 --- [user] [restartedMain] o.h.e.t.j.p.i.JtaPlatformInitiator       : HHH000489: No JTA platform available (set 'hibernate.transaction.jta.platform' to enable JTA platform integration)
2026-08-16T11:00:54.431+05:30  INFO 9460 --- [user] [restartedMain] j.LocalContainerEntityManagerFactoryBean : Initialized JPA EntityManagerFactory for persistence unit 'default'
2026-08-16T11:00:57.095+05:30  INFO 9460 --- [user] [restartedMain] eAuthenticationProviderManagerConfigurer : Global AuthenticationManager configured with AuthenticationProvider bean with name authProvider
2026-08-16T11:00:57.098+05:30  WARN 9460 --- [user] [restartedMain] r$InitializeUserDetailsManagerConfigurer : Global AuthenticationManager configured with an AuthenticationProvider bean. UserDetailsService beans will not be used by Spring Security for automatically configuring username/password login. Consider removing the AuthenticationProvider bean. Alternatively, consider using the UserDetailsService in a manually instantiated DaoAuthenticationProvider. If the current configuration is intentional, to turn off this warning, increase the logging level of 'org.springframework.security.config.annotation.authentication.configuration.InitializeUserDetailsBeanManagerConfigurer' to ERROR
2026-08-16T11:00:57.331+05:30  WARN 9460 --- [user] [restartedMain] JpaBaseConfiguration$JpaWebConfiguration : spring.jpa.open-in-view is enabled by default. Therefore, database queries may be performed during view rendering. Explicitly configure spring.jpa.open-in-view to disable this warning
2026-08-16T11:01:00.839+05:30  INFO 9460 --- [user] [restartedMain] o.s.b.a.e.web.EndpointLinksResolver      : Exposing 18 endpoints beneath base path '/actuator'
2026-08-16T11:01:03.156+05:30  WARN 9460 --- [user] [restartedMain] o.s.b.d.a.OptionalLiveReloadServer       : Unable to start LiveReload server
2026-08-16T11:01:03.344+05:30  INFO 9460 --- [user] [restartedMain] DiscoveryClientOptionalArgsConfiguration : Eureka HTTP Client uses RestTemplate.
2026-08-16T11:01:03.490+05:30  WARN 9460 --- [user] [restartedMain] iguration$LoadBalancerCaffeineWarnLogger : Spring Cloud LoadBalancer is currently working with the default cache. While this cache implementation is useful for development and tests, it's recommended to use Caffeine cache in production.You can switch to using Caffeine cache, by adding it and org.springframework.cache.caffeine.CaffeineCacheManager to the classpath.
2026-08-16T11:01:03.860+05:30  INFO 9460 --- [user] [restartedMain] o.s.c.n.eureka.InstanceInfoFactory       : Setting initial instance status as: STARTING
2026-08-16T11:01:04.092+05:30  INFO 9460 --- [user] [restartedMain] com.netflix.discovery.DiscoveryClient    : Initializing Eureka in region us-east-1
2026-08-16T11:01:04.101+05:30  INFO 9460 --- [user] [restartedMain] c.n.d.s.r.aws.ConfigClusterResolver      : Resolving eureka endpoints via configuration
2026-08-16T11:01:04.126+05:30  INFO 9460 --- [user] [restartedMain] com.netflix.discovery.DiscoveryClient    : Disable delta property : false
2026-08-16T11:01:04.127+05:30  INFO 9460 --- [user] [restartedMain] com.netflix.discovery.DiscoveryClient    : Single vip registry refresh property : null
2026-08-16T11:01:04.127+05:30  INFO 9460 --- [user] [restartedMain] com.netflix.discovery.DiscoveryClient    : Force full registry fetch : false
2026-08-16T11:01:04.128+05:30  INFO 9460 --- [user] [restartedMain] com.netflix.discovery.DiscoveryClient    : Application is null : false
2026-08-16T11:01:04.128+05:30  INFO 9460 --- [user] [restartedMain] com.netflix.discovery.DiscoveryClient    : Registered Applications size is zero : true
2026-08-16T11:01:04.128+05:30  INFO 9460 --- [user] [restartedMain] com.netflix.discovery.DiscoveryClient    : Application version is -1: true
2026-08-16T11:01:04.128+05:30  INFO 9460 --- [user] [restartedMain] com.netflix.discovery.DiscoveryClient    : Getting all instance registry info from the eureka server
2026-08-16T11:01:04.981+05:30  INFO 9460 --- [user] [restartedMain] com.netflix.discovery.DiscoveryClient    : The response status is 200
2026-08-16T11:01:04.984+05:30  INFO 9460 --- [user] [restartedMain] com.netflix.discovery.DiscoveryClient    : Starting heartbeat executor: renew interval is: 30
2026-08-16T11:01:04.987+05:30  INFO 9460 --- [user] [restartedMain] c.n.discovery.InstanceInfoReplicator     : InstanceInfoReplicator onDemand update allowed rate per min is 4
2026-08-16T11:01:04.989+05:30  INFO 9460 --- [user] [restartedMain] com.netflix.discovery.DiscoveryClient    : Discovery Client initialized at timestamp 1786858264989 with initial instances count: 1
2026-08-16T11:01:05.000+05:30  INFO 9460 --- [user] [restartedMain] o.s.c.n.e.s.EurekaServiceRegistry        : Registering application USER with eureka with status UP
2026-08-16T11:01:05.001+05:30  INFO 9460 --- [user] [restartedMain] com.netflix.discovery.DiscoveryClient    : Saw local status change event StatusChangeEvent [timestamp=1786858265001, current=UP, previous=STARTING]
2026-08-16T11:01:05.005+05:30  INFO 9460 --- [user] [DiscoveryClient-InstanceInfoReplicator-%d] com.netflix.discovery.DiscoveryClient    : DiscoveryClient_USER/LAPTOP-5SP7S7OV:user:8082: registering service...
2026-08-16T11:01:05.058+05:30  INFO 9460 --- [user] [restartedMain] o.s.b.w.embedded.tomcat.TomcatWebServer  : Tomcat started on port 8082 (http) with context path '/'
2026-08-16T11:01:05.060+05:30  INFO 9460 --- [user] [restartedMain] .s.c.n.e.s.EurekaAutoServiceRegistration : Updating port to 8082
2026-08-16T11:01:05.107+05:30  INFO 9460 --- [user] [restartedMain] com.ecommerce.user.UserApplication       : Started UserApplication in 34.638 seconds (process running for 39.74)
2026-08-16T11:01:05.108+05:30  INFO 9460 --- [user] [DiscoveryClient-InstanceInfoReplicator-%d] com.netflix.discovery.DiscoveryClient    : DiscoveryClient_USER/LAPTOP-5SP7S7OV:user:8082 - registration status: 204
2026-08-16T11:02:07.769+05:30  INFO 9460 --- [user] [http-nio-8082-exec-1] o.a.c.c.C.[Tomcat].[localhost].[/]       : Initializing Spring DispatcherServlet 'dispatcherServlet'
2026-08-16T11:02:07.769+05:30  INFO 9460 --- [user] [http-nio-8082-exec-1] o.s.web.servlet.DispatcherServlet        : Initializing Servlet 'dispatcherServlet'
2026-08-16T11:02:07.772+05:30  INFO 9460 --- [user] [http-nio-8082-exec-1] o.s.web.servlet.DispatcherServlet        : Completed initialization in 2 ms
2026-08-16T11:02:07.875+05:30  INFO 9460 --- [user] [http-nio-8082-exec-1] c.e.user.controller.UserController       : Post request for the Login for user:john@gmail.com, received
2026-08-16T11:02:07.876+05:30  INFO 9460 --- [user] [http-nio-8082-exec-1] com.ecommerce.user.service.UserService   : Initiating the Authetication for the user:john@gmail.com
2026-08-16T11:02:08.130+05:30  INFO 9460 --- [user] [http-nio-8082-exec-1] com.ecommerce.user.service.UserService   : Authentication Successfully generating the token
2026-08-16T11:02:11.455+05:30  INFO 9460 --- [user] [http-nio-8082-exec-2] c.e.user.controller.UserController       : Post request for the Login for user:john@gmail.com, received
2026-08-16T11:02:11.455+05:30  INFO 9460 --- [user] [http-nio-8082-exec-2] com.ecommerce.user.service.UserService   : Initiating the Authetication for the user:john@gmail.com
2026-08-16T11:02:11.468+05:30  INFO 9460 --- [user] [http-nio-8082-exec-2] com.ecommerce.user.service.UserService   : Authentication Successfully generating the token
2026-08-16T11:02:33.950+05:30  INFO 9460 --- [user] [http-nio-8082-exec-5] c.e.user.controller.UserController       : Get request for the user with id:1, received
2026-08-16T11:02:33.951+05:30  INFO 9460 --- [user] [http-nio-8082-exec-5] com.ecommerce.user.service.UserService   : Fetching the User with id:1
2026-08-16T11:02:36.540+05:30  INFO 9460 --- [user] [http-nio-8082-exec-6] c.e.user.controller.UserController       : Get request for the user with id:1, received
2026-08-16T11:02:36.541+05:30  INFO 9460 --- [user] [http-nio-8082-exec-6] com.ecommerce.user.service.UserService   : Fetching the User with id:1
2026-08-16T11:05:47.489+05:30  INFO 9460 --- [user] [SpringApplicationShutdownHook] o.s.c.n.e.s.EurekaServiceRegistry        : Unregistering application USER with eureka with status DOWN
2026-08-16T11:05:47.489+05:30  INFO 9460 --- [user] [SpringApplicationShutdownHook] com.netflix.discovery.DiscoveryClient    : Saw local status change event StatusChangeEvent [timestamp=1786858547489, current=DOWN, previous=UP]
2026-08-16T11:05:47.489+05:30  INFO 9460 --- [user] [DiscoveryClient-InstanceInfoReplicator-%d] com.netflix.discovery.DiscoveryClient    : DiscoveryClient_USER/LAPTOP-5SP7S7OV:user:8082: registering service...
2026-08-16T11:05:47.494+05:30  INFO 9460 --- [user] [SpringApplicationShutdownHook] o.s.b.w.e.tomcat.GracefulShutdown        : Commencing graceful shutdown. Waiting for active requests to complete
2026-08-16T11:05:47.507+05:30  INFO 9460 --- [user] [tomcat-shutdown] o.s.b.w.e.tomcat.GracefulShutdown        : Graceful shutdown complete
2026-08-16T11:05:47.522+05:30  INFO 9460 --- [user] [DiscoveryClient-InstanceInfoReplicator-%d] c.n.d.s.t.d.RedirectingEurekaHttpClient  : Request execution error. endpoint=DefaultEndpoint{ serviceUrl='http://localhost:8761/eureka/} exception=I/O error on POST request for "http://localhost:8761/eureka/apps/USER": Connect to http://localhost:8761 [localhost/127.0.0.1, localhost/0:0:0:0:0:0:0:1] failed: Connection refused: getsockopt stacktrace=org.springframework.web.client.ResourceAccessException: I/O error on POST request for "http://localhost:8761/eureka/apps/USER": Connect to http://localhost:8761 [localhost/127.0.0.1, localhost/0:0:0:0:0:0:0:1] failed: Connection refused: getsockopt
	at org.springframework.web.client.RestTemplate.createResourceAccessException(RestTemplate.java:926)
	at org.springframework.web.client.RestTemplate.doExecute(RestTemplate.java:906)
	at org.springframework.web.client.RestTemplate.execute(RestTemplate.java:841)
	at org.springframework.web.client.RestTemplate.exchange(RestTemplate.java:702)
	at org.springframework.cloud.netflix.eureka.http.RestTemplateEurekaHttpClient.register(RestTemplateEurekaHttpClient.java:87)
	at com.netflix.discovery.shared.transport.decorator.EurekaHttpClientDecorator$1.execute(EurekaHttpClientDecorator.java:59)
	at com.netflix.discovery.shared.transport.decorator.RedirectingEurekaHttpClient.execute(RedirectingEurekaHttpClient.java:91)
	at com.netflix.discovery.shared.transport.decorator.EurekaHttpClientDecorator.register(EurekaHttpClientDecorator.java:56)
	at com.netflix.discovery.shared.transport.decorator.EurekaHttpClientDecorator$1.execute(EurekaHttpClientDecorator.java:59)
	at com.netflix.discovery.shared.transport.decorator.RetryableEurekaHttpClient.execute(RetryableEurekaHttpClient.java:120)
	at com.netflix.discovery.shared.transport.decorator.EurekaHttpClientDecorator.register(EurekaHttpClientDecorator.java:56)
	at com.netflix.discovery.shared.transport.decorator.EurekaHttpClientDecorator$1.execute(EurekaHttpClientDecorator.java:59)
	at com.netflix.discovery.shared.transport.decorator.SessionedEurekaHttpClient.execute(SessionedEurekaHttpClient.java:76)
	at com.netflix.discovery.shared.transport.decorator.EurekaHttpClientDecorator.register(EurekaHttpClientDecorator.java:56)
	at com.netflix.discovery.DiscoveryClient.register(DiscoveryClient.java:828)
	at com.netflix.discovery.InstanceInfoReplicator.run(InstanceInfoReplicator.java:125)
	at com.netflix.discovery.InstanceInfoReplicator$2.run(InstanceInfoReplicator.java:105)
	at java.base/java.util.concurrent.Executors$RunnableAdapter.call(Executors.java:572)
	at java.base/java.util.concurrent.FutureTask.run(FutureTask.java:317)
	at java.base/java.util.concurrent.ScheduledThreadPoolExecutor$ScheduledFutureTask.run(ScheduledThreadPoolExecutor.java:304)
	at java.base/java.util.concurrent.ThreadPoolExecutor.runWorker(ThreadPoolExecutor.java:1144)
	at java.base/java.util.concurrent.ThreadPoolExecutor$Worker.run(ThreadPoolExecutor.java:642)
	at java.base/java.lang.Thread.run(Thread.java:1570)
Caused by: org.apache.hc.client5.http.HttpHostConnectException: Connect to http://localhost:8761 [localhost/127.0.0.1, localhost/0:0:0:0:0:0:0:1] failed: Connection refused: getsockopt
	at java.base/sun.nio.ch.Net.pollConnect(Native Method)
	at java.base/sun.nio.ch.Net.pollConnectNow(Net.java:682)
	at java.base/sun.nio.ch.NioSocketImpl.timedFinishConnect(NioSocketImpl.java:542)
	at java.base/sun.nio.ch.NioSocketImpl.connect(NioSocketImpl.java:592)
	at java.base/java.net.SocksSocketImpl.connect(SocksSocketImpl.java:327)
	at java.base/java.net.Socket.connect(Socket.java:752)
	at org.apache.hc.client5.http.impl.io.DefaultHttpClientConnectionOperator.connect(DefaultHttpClientConnectionOperator.java:216)
	at org.apache.hc.client5.http.impl.io.PoolingHttpClientConnectionManager.connect(PoolingHttpClientConnectionManager.java:490)
	at org.apache.hc.client5.http.impl.classic.InternalExecRuntime.connectEndpoint(InternalExecRuntime.java:164)
	at org.apache.hc.client5.http.impl.classic.InternalExecRuntime.connectEndpoint(InternalExecRuntime.java:174)
	at org.apache.hc.client5.http.impl.classic.ConnectExec.execute(ConnectExec.java:144)
	at org.apache.hc.client5.http.impl.classic.ExecChainElement.execute(ExecChainElement.java:51)
	at org.apache.hc.client5.http.impl.classic.ProtocolExec.execute(ProtocolExec.java:192)
	at org.apache.hc.client5.http.impl.classic.ExecChainElement.execute(ExecChainElement.java:51)
	at org.apache.hc.client5.http.impl.classic.ContentCompressionExec.execute(ContentCompressionExec.java:150)
	at org.apache.hc.client5.http.impl.classic.ExecChainElement.execute(ExecChainElement.java:51)
	at org.apache.hc.client5.http.impl.classic.HttpRequestRetryExec.execute(HttpRequestRetryExec.java:113)
	at org.apache.hc.client5.http.impl.classic.ExecChainElement.execute(ExecChainElement.java:51)
	at org.apache.hc.client5.http.impl.classic.RedirectExec.execute(RedirectExec.java:110)
	at org.apache.hc.client5.http.impl.classic.ExecChainElement.execute(ExecChainElement.java:51)
	at org.apache.hc.client5.http.impl.classic.InternalHttpClient.doExecute(InternalHttpClient.java:174)
	at org.apache.hc.client5.http.impl.classic.CloseableHttpClient.execute(CloseableHttpClient.java:87)
	at org.apache.hc.client5.http.impl.classic.CloseableHttpClient.execute(CloseableHttpClient.java:55)
	at org.apache.hc.client5.http.classic.HttpClient.executeOpen(HttpClient.java:183)
	at org.springframework.http.client.HttpComponentsClientHttpRequest.executeInternal(HttpComponentsClientHttpRequest.java:99)
	at org.springframework.http.client.AbstractStreamingClientHttpRequest.executeInternal(AbstractStreamingClientHttpRequest.java:71)
	at org.springframework.http.client.AbstractClientHttpRequest.execute(AbstractClientHttpRequest.java:81)
	at org.springframework.http.client.InterceptingClientHttpRequest$InterceptingRequestExecution.execute(InterceptingClientHttpRequest.java:117)
	at org.springframework.cloud.netflix.eureka.http.RestTemplateTransportClientFactory.lambda$restTemplate$3(RestTemplateTransportClientFactory.java:141)
	at org.springframework.http.client.InterceptingClientHttpRequest$InterceptingRequestExecution.execute(InterceptingClientHttpRequest.java:88)
	at org.springframework.http.client.InterceptingClientHttpRequest.executeInternal(InterceptingClientHttpRequest.java:72)
	at org.springframework.http.client.AbstractBufferingClientHttpRequest.executeInternal(AbstractBufferingClientHttpRequest.java:48)
	at org.springframework.http.client.AbstractClientHttpRequest.execute(AbstractClientHttpRequest.java:81)
	at org.springframework.web.client.RestTemplate.doExecute(RestTemplate.java:900)
	... 21 more

2026-08-16T11:05:47.523+05:30  WARN 9460 --- [user] [DiscoveryClient-InstanceInfoReplicator-%d] c.n.d.s.t.d.RetryableEurekaHttpClient    : Request execution failed with message: I/O error on POST request for "http://localhost:8761/eureka/apps/USER": Connect to http://localhost:8761 [localhost/127.0.0.1, localhost/0:0:0:0:0:0:0:1] failed: Connection refused: getsockopt
2026-08-16T11:05:47.528+05:30  INFO 9460 --- [user] [SpringApplicationShutdownHook] j.LocalContainerEntityManagerFactoryBean : Closing JPA EntityManagerFactory for persistence unit 'default'
2026-08-16T11:05:47.534+05:30  INFO 9460 --- [user] [SpringApplicationShutdownHook] com.zaxxer.hikari.HikariDataSource       : HikariPool-1 - Shutdown initiated...
2026-08-16T11:05:47.542+05:30  INFO 9460 --- [user] [DiscoveryClient-InstanceInfoReplicator-%d] c.n.d.s.t.d.RedirectingEurekaHttpClient  : Request execution error. endpoint=DefaultEndpoint{ serviceUrl='http://localhost:8761/eureka/}, exception=I/O error on POST request for "http://localhost:8761/eureka/apps/USER": Connect to http://localhost:8761 [localhost/127.0.0.1, localhost/0:0:0:0:0:0:0:1] failed: Connection refused: getsockopt stacktrace=org.springframework.web.client.ResourceAccessException: I/O error on POST request for "http://localhost:8761/eureka/apps/USER": Connect to http://localhost:8761 [localhost/127.0.0.1, localhost/0:0:0:0:0:0:0:1] failed: Connection refused: getsockopt
	at org.springframework.web.client.RestTemplate.createResourceAccessException(RestTemplate.java:926)
	at org.springframework.web.client.RestTemplate.doExecute(RestTemplate.java:906)
	at org.springframework.web.client.RestTemplate.execute(RestTemplate.java:841)
	at org.springframework.web.client.RestTemplate.exchange(RestTemplate.java:702)
	at org.springframework.cloud.netflix.eureka.http.RestTemplateEurekaHttpClient.register(RestTemplateEurekaHttpClient.java:87)
	at com.netflix.discovery.shared.transport.decorator.EurekaHttpClientDecorator$1.execute(EurekaHttpClientDecorator.java:59)
	at com.netflix.discovery.shared.transport.decorator.RedirectingEurekaHttpClient.executeOnNewServer(RedirectingEurekaHttpClient.java:121)
	at com.netflix.discovery.shared.transport.decorator.RedirectingEurekaHttpClient.execute(RedirectingEurekaHttpClient.java:80)
	at com.netflix.discovery.shared.transport.decorator.EurekaHttpClientDecorator.register(EurekaHttpClientDecorator.java:56)
	at com.netflix.discovery.shared.transport.decorator.EurekaHttpClientDecorator$1.execute(EurekaHttpClientDecorator.java:59)
	at com.netflix.discovery.shared.transport.decorator.RetryableEurekaHttpClient.execute(RetryableEurekaHttpClient.java:120)
	at com.netflix.discovery.shared.transport.decorator.EurekaHttpClientDecorator.register(EurekaHttpClientDecorator.java:56)
	at com.netflix.discovery.shared.transport.decorator.EurekaHttpClientDecorator$1.execute(EurekaHttpClientDecorator.java:59)
	at com.netflix.discovery.shared.transport.decorator.SessionedEurekaHttpClient.execute(SessionedEurekaHttpClient.java:76)
	at com.netflix.discovery.shared.transport.decorator.EurekaHttpClientDecorator.register(EurekaHttpClientDecorator.java:56)
	at com.netflix.discovery.DiscoveryClient.register(DiscoveryClient.java:828)
	at com.netflix.discovery.InstanceInfoReplicator.run(InstanceInfoReplicator.java:125)
	at com.netflix.discovery.InstanceInfoReplicator$2.run(InstanceInfoReplicator.java:105)
	at java.base/java.util.concurrent.Executors$RunnableAdapter.call(Executors.java:572)
	at java.base/java.util.concurrent.FutureTask.run(FutureTask.java:317)
	at java.base/java.util.concurrent.ScheduledThreadPoolExecutor$ScheduledFutureTask.run(ScheduledThreadPoolExecutor.java:304)
	at java.base/java.util.concurrent.ThreadPoolExecutor.runWorker(ThreadPoolExecutor.java:1144)
	at java.base/java.util.concurrent.ThreadPoolExecutor$Worker.run(ThreadPoolExecutor.java:642)
	at java.base/java.lang.Thread.run(Thread.java:1570)
Caused by: org.apache.hc.client5.http.HttpHostConnectException: Connect to http://localhost:8761 [localhost/127.0.0.1, localhost/0:0:0:0:0:0:0:1] failed: Connection refused: getsockopt
	at java.base/sun.nio.ch.Net.pollConnect(Native Method)
	at java.base/sun.nio.ch.Net.pollConnectNow(Net.java:682)
	at java.base/sun.nio.ch.NioSocketImpl.timedFinishConnect(NioSocketImpl.java:542)
	at java.base/sun.nio.ch.NioSocketImpl.connect(NioSocketImpl.java:592)
	at java.base/java.net.SocksSocketImpl.connect(SocksSocketImpl.java:327)
	at java.base/java.net.Socket.connect(Socket.java:752)
	at org.apache.hc.client5.http.impl.io.DefaultHttpClientConnectionOperator.connect(DefaultHttpClientConnectionOperator.java:216)
	at org.apache.hc.client5.http.impl.io.PoolingHttpClientConnectionManager.connect(PoolingHttpClientConnectionManager.java:490)
	at org.apache.hc.client5.http.impl.classic.InternalExecRuntime.connectEndpoint(InternalExecRuntime.java:164)
	at org.apache.hc.client5.http.impl.classic.InternalExecRuntime.connectEndpoint(InternalExecRuntime.java:174)
	at org.apache.hc.client5.http.impl.classic.ConnectExec.execute(ConnectExec.java:144)
	at org.apache.hc.client5.http.impl.classic.ExecChainElement.execute(ExecChainElement.java:51)
	at org.apache.hc.client5.http.impl.classic.ProtocolExec.execute(ProtocolExec.java:192)
	at org.apache.hc.client5.http.impl.classic.ExecChainElement.execute(ExecChainElement.java:51)
	at org.apache.hc.client5.http.impl.classic.ContentCompressionExec.execute(ContentCompressionExec.java:150)
	at org.apache.hc.client5.http.impl.classic.ExecChainElement.execute(ExecChainElement.java:51)
	at org.apache.hc.client5.http.impl.classic.HttpRequestRetryExec.execute(HttpRequestRetryExec.java:113)
	at org.apache.hc.client5.http.impl.classic.ExecChainElement.execute(ExecChainElement.java:51)
	at org.apache.hc.client5.http.impl.classic.RedirectExec.execute(RedirectExec.java:110)
	at org.apache.hc.client5.http.impl.classic.ExecChainElement.execute(ExecChainElement.java:51)
	at org.apache.hc.client5.http.impl.classic.InternalHttpClient.doExecute(InternalHttpClient.java:174)
	at org.apache.hc.client5.http.impl.classic.CloseableHttpClient.execute(CloseableHttpClient.java:87)
	at org.apache.hc.client5.http.impl.classic.CloseableHttpClient.execute(CloseableHttpClient.java:55)
	at org.apache.hc.client5.http.classic.HttpClient.executeOpen(HttpClient.java:183)
	at org.springframework.http.client.HttpComponentsClientHttpRequest.executeInternal(HttpComponentsClientHttpRequest.java:99)
	at org.springframework.http.client.AbstractStreamingClientHttpRequest.executeInternal(AbstractStreamingClientHttpRequest.java:71)
	at org.springframework.http.client.AbstractClientHttpRequest.execute(AbstractClientHttpRequest.java:81)
	at org.springframework.http.client.InterceptingClientHttpRequest$InterceptingRequestExecution.execute(InterceptingClientHttpRequest.java:117)
	at org.springframework.cloud.netflix.eureka.http.RestTemplateTransportClientFactory.lambda$restTemplate$3(RestTemplateTransportClientFactory.java:141)
	at org.springframework.http.client.InterceptingClientHttpRequest$InterceptingRequestExecution.execute(InterceptingClientHttpRequest.java:88)
	at org.springframework.http.client.InterceptingClientHttpRequest.executeInternal(InterceptingClientHttpRequest.java:72)
	at org.springframework.http.client.AbstractBufferingClientHttpRequest.executeInternal(AbstractBufferingClientHttpRequest.java:48)
	at org.springframework.http.client.AbstractClientHttpRequest.execute(AbstractClientHttpRequest.java:81)
	at org.springframework.web.client.RestTemplate.doExecute(RestTemplate.java:900)
	... 22 more

2026-08-16T11:05:47.542+05:30  WARN 9460 --- [user] [DiscoveryClient-InstanceInfoReplicator-%d] c.n.d.s.t.d.RetryableEurekaHttpClient    : Request execution failed with message: I/O error on POST request for "http://localhost:8761/eureka/apps/USER": Connect to http://localhost:8761 [localhost/127.0.0.1, localhost/0:0:0:0:0:0:0:1] failed: Connection refused: getsockopt
2026-08-16T11:05:47.564+05:30  INFO 9460 --- [user] [SpringApplicationShutdownHook] com.zaxxer.hikari.HikariDataSource       : HikariPool-1 - Shutdown completed.
2026-08-16T11:05:47.542+05:30  WARN 9460 --- [user] [DiscoveryClient-InstanceInfoReplicator-%d] com.netflix.discovery.DiscoveryClient    : DiscoveryClient_USER/LAPTOP-5SP7S7OV:user:8082 - registration failed Cannot execute request on any known server

com.netflix.discovery.shared.transport.TransportException: Cannot execute request on any known server
	at com.netflix.discovery.shared.transport.decorator.RetryableEurekaHttpClient.execute(RetryableEurekaHttpClient.java:112) ~[eureka-client-2.0.4.jar:2.0.4]
	at com.netflix.discovery.shared.transport.decorator.EurekaHttpClientDecorator.register(EurekaHttpClientDecorator.java:56) ~[eureka-client-2.0.4.jar:2.0.4]
	at com.netflix.discovery.shared.transport.decorator.EurekaHttpClientDecorator$1.execute(EurekaHttpClientDecorator.java:59) ~[eureka-client-2.0.4.jar:2.0.4]
	at com.netflix.discovery.shared.transport.decorator.SessionedEurekaHttpClient.execute(SessionedEurekaHttpClient.java:76) ~[eureka-client-2.0.4.jar:2.0.4]
	at com.netflix.discovery.shared.transport.decorator.EurekaHttpClientDecorator.register(EurekaHttpClientDecorator.java:56) ~[eureka-client-2.0.4.jar:2.0.4]
	at com.netflix.discovery.DiscoveryClient.register(DiscoveryClient.java:828) ~[eureka-client-2.0.4.jar:2.0.4]
	at com.netflix.discovery.InstanceInfoReplicator.run(InstanceInfoReplicator.java:125) ~[eureka-client-2.0.4.jar:2.0.4]
	at com.netflix.discovery.InstanceInfoReplicator$2.run(InstanceInfoReplicator.java:105) ~[eureka-client-2.0.4.jar:2.0.4]
	at java.base/java.util.concurrent.Executors$RunnableAdapter.call(Executors.java:572) ~[na:na]
	at java.base/java.util.concurrent.FutureTask.run(FutureTask.java:317) ~[na:na]
	at java.base/java.util.concurrent.ScheduledThreadPoolExecutor$ScheduledFutureTask.run(ScheduledThreadPoolExecutor.java:304) ~[na:na]
	at java.base/java.util.concurrent.ThreadPoolExecutor.runWorker(ThreadPoolExecutor.java:1144) ~[na:na]
	at java.base/java.util.concurrent.ThreadPoolExecutor$Worker.run(ThreadPoolExecutor.java:642) ~[na:na]
	at java.base/java.lang.Thread.run(Thread.java:1570) ~[na:na]

2026-08-16T11:05:47.565+05:30  WARN 9460 --- [user] [DiscoveryClient-InstanceInfoReplicator-%d] c.n.discovery.InstanceInfoReplicator     : There was a problem with the instance info replicator

com.netflix.discovery.shared.transport.TransportException: Cannot execute request on any known server
	at com.netflix.discovery.shared.transport.decorator.RetryableEurekaHttpClient.execute(RetryableEurekaHttpClient.java:112) ~[eureka-client-2.0.4.jar:2.0.4]
	at com.netflix.discovery.shared.transport.decorator.EurekaHttpClientDecorator.register(EurekaHttpClientDecorator.java:56) ~[eureka-client-2.0.4.jar:2.0.4]
	at com.netflix.discovery.shared.transport.decorator.EurekaHttpClientDecorator$1.execute(EurekaHttpClientDecorator.java:59) ~[eureka-client-2.0.4.jar:2.0.4]
	at com.netflix.discovery.shared.transport.decorator.SessionedEurekaHttpClient.execute(SessionedEurekaHttpClient.java:76) ~[eureka-client-2.0.4.jar:2.0.4]
	at com.netflix.discovery.shared.transport.decorator.EurekaHttpClientDecorator.register(EurekaHttpClientDecorator.java:56) ~[eureka-client-2.0.4.jar:2.0.4]
	at com.netflix.discovery.DiscoveryClient.register(DiscoveryClient.java:828) ~[eureka-client-2.0.4.jar:2.0.4]
	at com.netflix.discovery.InstanceInfoReplicator.run(InstanceInfoReplicator.java:125) ~[eureka-client-2.0.4.jar:2.0.4]
	at com.netflix.discovery.InstanceInfoReplicator$2.run(InstanceInfoReplicator.java:105) ~[eureka-client-2.0.4.jar:2.0.4]
	at java.base/java.util.concurrent.Executors$RunnableAdapter.call(Executors.java:572) ~[na:na]
	at java.base/java.util.concurrent.FutureTask.run(FutureTask.java:317) ~[na:na]
	at java.base/java.util.concurrent.ScheduledThreadPoolExecutor$ScheduledFutureTask.run(ScheduledThreadPoolExecutor.java:304) ~[na:na]
	at java.base/java.util.concurrent.ThreadPoolExecutor.runWorker(ThreadPoolExecutor.java:1144) ~[na:na]
	at java.base/java.util.concurrent.ThreadPoolExecutor$Worker.run(ThreadPoolExecutor.java:642) ~[na:na]
	at java.base/java.lang.Thread.run(Thread.java:1570) ~[na:na]

2026-08-16T11:05:47.566+05:30  INFO 9460 --- [user] [SpringApplicationShutdownHook] com.netflix.discovery.DiscoveryClient    : Shutting down DiscoveryClient ...
2026-08-16T11:05:50.571+05:30  INFO 9460 --- [user] [SpringApplicationShutdownHook] com.netflix.discovery.DiscoveryClient    : Unregistering ...
2026-08-16T11:05:50.580+05:30  INFO 9460 --- [user] [SpringApplicationShutdownHook] c.n.d.s.t.d.RedirectingEurekaHttpClient  : Request execution error. endpoint=DefaultEndpoint{ serviceUrl='http://localhost:8761/eureka/}, exception=I/O error on DELETE request for "http://localhost:8761/eureka/apps/USER/LAPTOP-5SP7S7OV:user:8082": Connect to http://localhost:8761 [localhost/127.0.0.1, localhost/0:0:0:0:0:0:0:1] failed: Connection refused: getsockopt stacktrace=org.springframework.web.client.ResourceAccessException: I/O error on DELETE request for "http://localhost:8761/eureka/apps/USER/LAPTOP-5SP7S7OV:user:8082": Connect to http://localhost:8761 [localhost/127.0.0.1, localhost/0:0:0:0:0:0:0:1] failed: Connection refused: getsockopt
	at org.springframework.web.client.RestTemplate.createResourceAccessException(RestTemplate.java:926)
	at org.springframework.web.client.RestTemplate.doExecute(RestTemplate.java:906)
	at org.springframework.web.client.RestTemplate.execute(RestTemplate.java:841)
	at org.springframework.web.client.RestTemplate.exchange(RestTemplate.java:702)
	at org.springframework.cloud.netflix.eureka.http.RestTemplateEurekaHttpClient.cancel(RestTemplateEurekaHttpClient.java:100)
	at com.netflix.discovery.shared.transport.decorator.EurekaHttpClientDecorator$2.execute(EurekaHttpClientDecorator.java:74)
	at com.netflix.discovery.shared.transport.decorator.RedirectingEurekaHttpClient.executeOnNewServer(RedirectingEurekaHttpClient.java:121)
	at com.netflix.discovery.shared.transport.decorator.RedirectingEurekaHttpClient.execute(RedirectingEurekaHttpClient.java:80)
	at com.netflix.discovery.shared.transport.decorator.EurekaHttpClientDecorator.cancel(EurekaHttpClientDecorator.java:71)
	at com.netflix.discovery.shared.transport.decorator.EurekaHttpClientDecorator$2.execute(EurekaHttpClientDecorator.java:74)
	at com.netflix.discovery.shared.transport.decorator.RetryableEurekaHttpClient.execute(RetryableEurekaHttpClient.java:120)
	at com.netflix.discovery.shared.transport.decorator.EurekaHttpClientDecorator.cancel(EurekaHttpClientDecorator.java:71)
	at com.netflix.discovery.shared.transport.decorator.EurekaHttpClientDecorator$2.execute(EurekaHttpClientDecorator.java:74)
	at com.netflix.discovery.shared.transport.decorator.SessionedEurekaHttpClient.execute(SessionedEurekaHttpClient.java:76)
	at com.netflix.discovery.shared.transport.decorator.EurekaHttpClientDecorator.cancel(EurekaHttpClientDecorator.java:71)
	at com.netflix.discovery.DiscoveryClient.unregister(DiscoveryClient.java:919)
	at com.netflix.discovery.DiscoveryClient.shutdown(DiscoveryClient.java:900)
	at java.base/jdk.internal.reflect.DirectMethodHandleAccessor.invoke(DirectMethodHandleAccessor.java:103)
	at java.base/java.lang.reflect.Method.invoke(Method.java:580)
	at org.springframework.beans.factory.annotation.InitDestroyAnnotationBeanPostProcessor$LifecycleMethod.invoke(InitDestroyAnnotationBeanPostProcessor.java:457)
	at org.springframework.beans.factory.annotation.InitDestroyAnnotationBeanPostProcessor$LifecycleMetadata.invokeDestroyMethods(InitDestroyAnnotationBeanPostProcessor.java:415)
	at org.springframework.beans.factory.annotation.InitDestroyAnnotationBeanPostProcessor.postProcessBeforeDestruction(InitDestroyAnnotationBeanPostProcessor.java:239)
	at org.springframework.beans.factory.support.DisposableBeanAdapter.destroy(DisposableBeanAdapter.java:202)
	at org.springframework.beans.factory.support.DisposableBeanAdapter.run(DisposableBeanAdapter.java:195)
	at org.springframework.cloud.context.scope.GenericScope$BeanLifecycleWrapper.destroy(GenericScope.java:389)
	at org.springframework.cloud.context.scope.GenericScope.destroy(GenericScope.java:136)
	at org.springframework.beans.factory.support.DisposableBeanAdapter.destroy(DisposableBeanAdapter.java:211)
	at org.springframework.beans.factory.support.DefaultSingletonBeanRegistry.destroyBean(DefaultSingletonBeanRegistry.java:668)
	at org.springframework.beans.factory.support.DefaultSingletonBeanRegistry.destroySingleton(DefaultSingletonBeanRegistry.java:625)
	at org.springframework.beans.factory.support.DefaultListableBeanFactory.destroySingleton(DefaultListableBeanFactory.java:1368)
	at org.springframework.beans.factory.support.DefaultSingletonBeanRegistry.destroySingletons(DefaultSingletonBeanRegistry.java:584)
	at org.springframework.beans.factory.support.DefaultListableBeanFactory.destroySingletons(DefaultListableBeanFactory.java:1361)
	at org.springframework.context.support.AbstractApplicationContext.destroyBeans(AbstractApplicationContext.java:1219)
	at org.springframework.context.support.AbstractApplicationContext.doClose(AbstractApplicationContext.java:1180)
	at org.springframework.boot.web.servlet.context.ServletWebServerApplicationContext.doClose(ServletWebServerApplicationContext.java:174)
	at org.springframework.context.support.AbstractApplicationContext.close(AbstractApplicationContext.java:1126)
	at org.springframework.boot.SpringApplicationShutdownHook.closeAndWait(SpringApplicationShutdownHook.java:147)
	at java.base/java.lang.Iterable.forEach(Iterable.java:75)
	at org.springframework.boot.SpringApplicationShutdownHook.run(SpringApplicationShutdownHook.java:116)
	at java.base/java.lang.Thread.run(Thread.java:1570)
Caused by: org.apache.hc.client5.http.HttpHostConnectException: Connect to http://localhost:8761 [localhost/127.0.0.1, localhost/0:0:0:0:0:0:0:1] failed: Connection refused: getsockopt
	at java.base/sun.nio.ch.Net.pollConnect(Native Method)
	at java.base/sun.nio.ch.Net.pollConnectNow(Net.java:682)
	at java.base/sun.nio.ch.NioSocketImpl.timedFinishConnect(NioSocketImpl.java:542)
	at java.base/sun.nio.ch.NioSocketImpl.connect(NioSocketImpl.java:592)
	at java.base/java.net.SocksSocketImpl.connect(SocksSocketImpl.java:327)
	at java.base/java.net.Socket.connect(Socket.java:752)
	at org.apache.hc.client5.http.impl.io.DefaultHttpClientConnectionOperator.connect(DefaultHttpClientConnectionOperator.java:216)
	at org.apache.hc.client5.http.impl.io.PoolingHttpClientConnectionManager.connect(PoolingHttpClientConnectionManager.java:490)
	at org.apache.hc.client5.http.impl.classic.InternalExecRuntime.connectEndpoint(InternalExecRuntime.java:164)
	at org.apache.hc.client5.http.impl.classic.InternalExecRuntime.connectEndpoint(InternalExecRuntime.java:174)
	at org.apache.hc.client5.http.impl.classic.ConnectExec.execute(ConnectExec.java:144)
	at org.apache.hc.client5.http.impl.classic.ExecChainElement.execute(ExecChainElement.java:51)
	at org.apache.hc.client5.http.impl.classic.ProtocolExec.execute(ProtocolExec.java:192)
	at org.apache.hc.client5.http.impl.classic.ExecChainElement.execute(ExecChainElement.java:51)
	at org.apache.hc.client5.http.impl.classic.ContentCompressionExec.execute(ContentCompressionExec.java:150)
	at org.apache.hc.client5.http.impl.classic.ExecChainElement.execute(ExecChainElement.java:51)
	at org.apache.hc.client5.http.impl.classic.HttpRequestRetryExec.execute(HttpRequestRetryExec.java:113)
	at org.apache.hc.client5.http.impl.classic.ExecChainElement.execute(ExecChainElement.java:51)
	at org.apache.hc.client5.http.impl.classic.RedirectExec.execute(RedirectExec.java:110)
	at org.apache.hc.client5.http.impl.classic.ExecChainElement.execute(ExecChainElement.java:51)
	at org.apache.hc.client5.http.impl.classic.InternalHttpClient.doExecute(InternalHttpClient.java:174)
	at org.apache.hc.client5.http.impl.classic.CloseableHttpClient.execute(CloseableHttpClient.java:87)
	at org.apache.hc.client5.http.impl.classic.CloseableHttpClient.execute(CloseableHttpClient.java:55)
	at org.apache.hc.client5.http.classic.HttpClient.executeOpen(HttpClient.java:183)
	at org.springframework.http.client.HttpComponentsClientHttpRequest.executeInternal(HttpComponentsClientHttpRequest.java:99)
	at org.springframework.http.client.AbstractStreamingClientHttpRequest.executeInternal(AbstractStreamingClientHttpRequest.java:71)
	at org.springframework.http.client.AbstractClientHttpRequest.execute(AbstractClientHttpRequest.java:81)
	at org.springframework.http.client.InterceptingClientHttpRequest$InterceptingRequestExecution.execute(InterceptingClientHttpRequest.java:117)
	at org.springframework.cloud.netflix.eureka.http.RestTemplateTransportClientFactory.lambda$restTemplate$3(RestTemplateTransportClientFactory.java:141)
	at org.springframework.http.client.InterceptingClientHttpRequest$InterceptingRequestExecution.execute(InterceptingClientHttpRequest.java:88)
	at org.springframework.http.client.InterceptingClientHttpRequest.executeInternal(InterceptingClientHttpRequest.java:72)
	at org.springframework.http.client.AbstractBufferingClientHttpRequest.executeInternal(AbstractBufferingClientHttpRequest.java:48)
	at org.springframework.http.client.AbstractClientHttpRequest.execute(AbstractClientHttpRequest.java:81)
	at org.springframework.web.client.RestTemplate.doExecute(RestTemplate.java:900)
	... 38 more

2026-08-16T11:05:50.580+05:30  WARN 9460 --- [user] [SpringApplicationShutdownHook] c.n.d.s.t.d.RetryableEurekaHttpClient    : Request execution failed with message: I/O error on DELETE request for "http://localhost:8761/eureka/apps/USER/LAPTOP-5SP7S7OV:user:8082": Connect to http://localhost:8761 [localhost/127.0.0.1, localhost/0:0:0:0:0:0:0:1] failed: Connection refused: getsockopt
2026-08-16T11:05:50.580+05:30 ERROR 9460 --- [user] [SpringApplicationShutdownHook] com.netflix.discovery.DiscoveryClient    : DiscoveryClient_USER/LAPTOP-5SP7S7OV:user:8082 - de-registration failedCannot execute request on any known server

com.netflix.discovery.shared.transport.TransportException: Cannot execute request on any known server
	at com.netflix.discovery.shared.transport.decorator.RetryableEurekaHttpClient.execute(RetryableEurekaHttpClient.java:112) ~[eureka-client-2.0.4.jar:2.0.4]
	at com.netflix.discovery.shared.transport.decorator.EurekaHttpClientDecorator.cancel(EurekaHttpClientDecorator.java:71) ~[eureka-client-2.0.4.jar:2.0.4]
	at com.netflix.discovery.shared.transport.decorator.EurekaHttpClientDecorator$2.execute(EurekaHttpClientDecorator.java:74) ~[eureka-client-2.0.4.jar:2.0.4]
	at com.netflix.discovery.shared.transport.decorator.SessionedEurekaHttpClient.execute(SessionedEurekaHttpClient.java:76) ~[eureka-client-2.0.4.jar:2.0.4]
	at com.netflix.discovery.shared.transport.decorator.EurekaHttpClientDecorator.cancel(EurekaHttpClientDecorator.java:71) ~[eureka-client-2.0.4.jar:2.0.4]
	at com.netflix.discovery.DiscoveryClient.unregister(DiscoveryClient.java:919) ~[eureka-client-2.0.4.jar:2.0.4]
	at com.netflix.discovery.DiscoveryClient.shutdown(DiscoveryClient.java:900) ~[eureka-client-2.0.4.jar:2.0.4]
	at java.base/jdk.internal.reflect.DirectMethodHandleAccessor.invoke(DirectMethodHandleAccessor.java:103) ~[na:na]
	at java.base/java.lang.reflect.Method.invoke(Method.java:580) ~[na:na]
	at org.springframework.beans.factory.annotation.InitDestroyAnnotationBeanPostProcessor$LifecycleMethod.invoke(InitDestroyAnnotationBeanPostProcessor.java:457) ~[spring-beans-6.2.1.jar:6.2.1]
	at org.springframework.beans.factory.annotation.InitDestroyAnnotationBeanPostProcessor$LifecycleMetadata.invokeDestroyMethods(InitDestroyAnnotationBeanPostProcessor.java:415) ~[spring-beans-6.2.1.jar:6.2.1]
	at org.springframework.beans.factory.annotation.InitDestroyAnnotationBeanPostProcessor.postProcessBeforeDestruction(InitDestroyAnnotationBeanPostProcessor.java:239) ~[spring-beans-6.2.1.jar:6.2.1]
	at org.springframework.beans.factory.support.DisposableBeanAdapter.destroy(DisposableBeanAdapter.java:202) ~[spring-beans-6.2.1.jar:6.2.1]
	at org.springframework.beans.factory.support.DisposableBeanAdapter.run(DisposableBeanAdapter.java:195) ~[spring-beans-6.2.1.jar:6.2.1]
	at org.springframework.cloud.context.scope.GenericScope$BeanLifecycleWrapper.destroy(GenericScope.java:389) ~[spring-cloud-context-4.2.0.jar:4.2.0]
	at org.springframework.cloud.context.scope.GenericScope.destroy(GenericScope.java:136) ~[spring-cloud-context-4.2.0.jar:4.2.0]
	at org.springframework.beans.factory.support.DisposableBeanAdapter.destroy(DisposableBeanAdapter.java:211) ~[spring-beans-6.2.1.jar:6.2.1]
	at org.springframework.beans.factory.support.DefaultSingletonBeanRegistry.destroyBean(DefaultSingletonBeanRegistry.java:668) ~[spring-beans-6.2.1.jar:6.2.1]
	at org.springframework.beans.factory.support.DefaultSingletonBeanRegistry.destroySingleton(DefaultSingletonBeanRegistry.java:625) ~[spring-beans-6.2.1.jar:6.2.1]
	at org.springframework.beans.factory.support.DefaultListableBeanFactory.destroySingleton(DefaultListableBeanFactory.java:1368) ~[spring-beans-6.2.1.jar:6.2.1]
	at org.springframework.beans.factory.support.DefaultSingletonBeanRegistry.destroySingletons(DefaultSingletonBeanRegistry.java:584) ~[spring-beans-6.2.1.jar:6.2.1]
	at org.springframework.beans.factory.support.DefaultListableBeanFactory.destroySingletons(DefaultListableBeanFactory.java:1361) ~[spring-beans-6.2.1.jar:6.2.1]
	at org.springframework.context.support.AbstractApplicationContext.destroyBeans(AbstractApplicationContext.java:1219) ~[spring-context-6.2.1.jar:6.2.1]
	at org.springframework.context.support.AbstractApplicationContext.doClose(AbstractApplicationContext.java:1180) ~[spring-context-6.2.1.jar:6.2.1]
	at org.springframework.boot.web.servlet.context.ServletWebServerApplicationContext.doClose(ServletWebServerApplicationContext.java:174) ~[spring-boot-3.4.1.jar:3.4.1]
	at org.springframework.context.support.AbstractApplicationContext.close(AbstractApplicationContext.java:1126) ~[spring-context-6.2.1.jar:6.2.1]
	at org.springframework.boot.SpringApplicationShutdownHook.closeAndWait(SpringApplicationShutdownHook.java:147) ~[spring-boot-3.4.1.jar:3.4.1]
	at java.base/java.lang.Iterable.forEach(Iterable.java:75) ~[na:na]
	at org.springframework.boot.SpringApplicationShutdownHook.run(SpringApplicationShutdownHook.java:116) ~[spring-boot-3.4.1.jar:3.4.1]
	at java.base/java.lang.Thread.run(Thread.java:1570) ~[na:na]

2026-08-16T11:05:50.583+05:30  INFO 9460 --- [user] [SpringApplicationShutdownHook] com.netflix.discovery.DiscoveryClient    : Completed shut down of DiscoveryClient
2026-08-16T11:06:30.687+05:30  INFO 16788 --- [user] [restartedMain] com.ecommerce.user.UserApplication       : Starting UserApplication using Java 22.0.2 with PID 16788 (C:\Java_Projects\Updated_Ecom_Project\user\target\classes started by baibh in C:\Java_Projects\Updated_Ecom_Project)
2026-08-16T11:06:30.693+05:30  INFO 16788 --- [user] [restartedMain] com.ecommerce.user.UserApplication       : No active profile set, falling back to 1 default profile: "default"
2026-08-16T11:06:30.801+05:30  INFO 16788 --- [user] [restartedMain] o.s.c.c.c.ConfigServerConfigDataLoader   : Fetching config from server at : http://localhost:8888
2026-08-16T11:06:30.802+05:30  INFO 16788 --- [user] [restartedMain] o.s.c.c.c.ConfigServerConfigDataLoader   : Located environment: name=user, profiles=[default], label=null, version=null, state=null
2026-08-16T11:06:30.807+05:30  INFO 16788 --- [user] [restartedMain] .e.DevToolsPropertyDefaultsPostProcessor : Devtools property defaults active! Set 'spring.devtools.add-properties' to 'false' to disable
2026-08-16T11:06:30.807+05:30  INFO 16788 --- [user] [restartedMain] .e.DevToolsPropertyDefaultsPostProcessor : For additional web related logging consider setting the 'logging.level.web' property to 'DEBUG'
2026-08-16T11:06:33.747+05:30  INFO 16788 --- [user] [restartedMain] .s.d.r.c.RepositoryConfigurationDelegate : Bootstrapping Spring Data JPA repositories in DEFAULT mode.
2026-08-16T11:06:34.104+05:30  INFO 16788 --- [user] [restartedMain] .s.d.r.c.RepositoryConfigurationDelegate : Finished Spring Data repository scanning in 332 ms. Found 1 JPA repository interface.
2026-08-16T11:06:34.892+05:30  INFO 16788 --- [user] [restartedMain] o.s.cloud.context.scope.GenericScope     : BeanFactory id=384fb243-166a-36f2-b889-43543ef04c73
2026-08-16T11:06:37.168+05:30  INFO 16788 --- [user] [restartedMain] o.s.b.w.embedded.tomcat.TomcatWebServer  : Tomcat initialized with port 8082 (http)
2026-08-16T11:06:37.231+05:30  INFO 16788 --- [user] [restartedMain] o.apache.catalina.core.StandardService   : Starting service [Tomcat]
2026-08-16T11:06:37.236+05:30  INFO 16788 --- [user] [restartedMain] o.apache.catalina.core.StandardEngine    : Starting Servlet engine: [Apache Tomcat/10.1.34]
2026-08-16T11:06:37.408+05:30  INFO 16788 --- [user] [restartedMain] o.a.c.c.C.[Tomcat].[localhost].[/]       : Initializing Spring embedded WebApplicationContext
2026-08-16T11:06:37.410+05:30  INFO 16788 --- [user] [restartedMain] w.s.c.ServletWebServerApplicationContext : Root WebApplicationContext: initialization completed in 6601 ms
2026-08-16T11:06:38.971+05:30  INFO 16788 --- [user] [restartedMain] o.hibernate.jpa.internal.util.LogHelper  : HHH000204: Processing PersistenceUnitInfo [name: default]
2026-08-16T11:06:39.194+05:30  INFO 16788 --- [user] [restartedMain] org.hibernate.Version                    : HHH000412: Hibernate ORM core version 6.6.4.Final
2026-08-16T11:06:39.290+05:30  INFO 16788 --- [user] [restartedMain] o.h.c.internal.RegionFactoryInitiator    : HHH000026: Second-level cache disabled
2026-08-16T11:06:40.260+05:30  INFO 16788 --- [user] [restartedMain] o.s.o.j.p.SpringPersistenceUnitInfo      : No LoadTimeWeaver setup: ignoring JPA class transformer
2026-08-16T11:06:40.343+05:30  INFO 16788 --- [user] [restartedMain] com.zaxxer.hikari.HikariDataSource       : HikariPool-1 - Starting...
2026-08-16T11:06:41.153+05:30  INFO 16788 --- [user] [restartedMain] com.zaxxer.hikari.pool.HikariPool        : HikariPool-1 - Added connection com.mysql.cj.jdbc.ConnectionImpl@228c51ae
2026-08-16T11:06:41.162+05:30  INFO 16788 --- [user] [restartedMain] com.zaxxer.hikari.HikariDataSource       : HikariPool-1 - Start completed.
2026-08-16T11:06:41.269+05:30  WARN 16788 --- [user] [restartedMain] org.hibernate.orm.deprecation            : HHH90000025: MySQL8Dialect does not need to be specified explicitly using 'hibernate.dialect' (remove the property setting and it will be selected by default)
2026-08-16T11:06:41.274+05:30  WARN 16788 --- [user] [restartedMain] org.hibernate.orm.deprecation            : HHH90000026: MySQL8Dialect has been deprecated; use org.hibernate.dialect.MySQLDialect instead
2026-08-16T11:06:41.399+05:30  INFO 16788 --- [user] [restartedMain] org.hibernate.orm.connections.pooling    : HHH10001005: Database info:
	Database JDBC URL [Connecting through datasource 'HikariDataSource (HikariPool-1)']
	Database driver: undefined/unknown
	Database version: 8.0
	Autocommit mode: undefined/unknown
	Isolation level: undefined/unknown
	Minimum pool size: undefined/unknown
	Maximum pool size: undefined/unknown
2026-08-16T11:06:43.918+05:30  INFO 16788 --- [user] [restartedMain] o.h.e.t.j.p.i.JtaPlatformInitiator       : HHH000489: No JTA platform available (set 'hibernate.transaction.jta.platform' to enable JTA platform integration)
2026-08-16T11:06:44.019+05:30  INFO 16788 --- [user] [restartedMain] j.LocalContainerEntityManagerFactoryBean : Initialized JPA EntityManagerFactory for persistence unit 'default'
2026-08-16T11:06:45.616+05:30  INFO 16788 --- [user] [restartedMain] eAuthenticationProviderManagerConfigurer : Global AuthenticationManager configured with AuthenticationProvider bean with name authProvider
2026-08-16T11:06:45.617+05:30  WARN 16788 --- [user] [restartedMain] r$InitializeUserDetailsManagerConfigurer : Global AuthenticationManager configured with an AuthenticationProvider bean. UserDetailsService beans will not be used by Spring Security for automatically configuring username/password login. Consider removing the AuthenticationProvider bean. Alternatively, consider using the UserDetailsService in a manually instantiated DaoAuthenticationProvider. If the current configuration is intentional, to turn off this warning, increase the logging level of 'org.springframework.security.config.annotation.authentication.configuration.InitializeUserDetailsBeanManagerConfigurer' to ERROR
2026-08-16T11:06:45.880+05:30  WARN 16788 --- [user] [restartedMain] JpaBaseConfiguration$JpaWebConfiguration : spring.jpa.open-in-view is enabled by default. Therefore, database queries may be performed during view rendering. Explicitly configure spring.jpa.open-in-view to disable this warning
2026-08-16T11:06:48.174+05:30  INFO 16788 --- [user] [restartedMain] o.s.b.a.e.web.EndpointLinksResolver      : Exposing 18 endpoints beneath base path '/actuator'
2026-08-16T11:06:49.986+05:30  WARN 16788 --- [user] [restartedMain] o.s.b.d.a.OptionalLiveReloadServer       : Unable to start LiveReload server
2026-08-16T11:06:50.059+05:30  INFO 16788 --- [user] [restartedMain] DiscoveryClientOptionalArgsConfiguration : Eureka HTTP Client uses RestTemplate.
2026-08-16T11:06:50.249+05:30  WARN 16788 --- [user] [restartedMain] iguration$LoadBalancerCaffeineWarnLogger : Spring Cloud LoadBalancer is currently working with the default cache. While this cache implementation is useful for development and tests, it's recommended to use Caffeine cache in production.You can switch to using Caffeine cache, by adding it and org.springframework.cache.caffeine.CaffeineCacheManager to the classpath.
2026-08-16T11:06:50.392+05:30  INFO 16788 --- [user] [restartedMain] o.s.c.n.eureka.InstanceInfoFactory       : Setting initial instance status as: STARTING
2026-08-16T11:06:50.466+05:30  INFO 16788 --- [user] [restartedMain] com.netflix.discovery.DiscoveryClient    : Initializing Eureka in region us-east-1
2026-08-16T11:06:50.486+05:30  INFO 16788 --- [user] [restartedMain] c.n.d.s.r.aws.ConfigClusterResolver      : Resolving eureka endpoints via configuration
2026-08-16T11:06:50.522+05:30  INFO 16788 --- [user] [restartedMain] com.netflix.discovery.DiscoveryClient    : Disable delta property : false
2026-08-16T11:06:50.522+05:30  INFO 16788 --- [user] [restartedMain] com.netflix.discovery.DiscoveryClient    : Single vip registry refresh property : null
2026-08-16T11:06:50.523+05:30  INFO 16788 --- [user] [restartedMain] com.netflix.discovery.DiscoveryClient    : Force full registry fetch : false
2026-08-16T11:06:50.523+05:30  INFO 16788 --- [user] [restartedMain] com.netflix.discovery.DiscoveryClient    : Application is null : false
2026-08-16T11:06:50.523+05:30  INFO 16788 --- [user] [restartedMain] com.netflix.discovery.DiscoveryClient    : Registered Applications size is zero : true
2026-08-16T11:06:50.523+05:30  INFO 16788 --- [user] [restartedMain] com.netflix.discovery.DiscoveryClient    : Application version is -1: true
2026-08-16T11:06:50.524+05:30  INFO 16788 --- [user] [restartedMain] com.netflix.discovery.DiscoveryClient    : Getting all instance registry info from the eureka server
2026-08-16T11:06:51.050+05:30  INFO 16788 --- [user] [restartedMain] com.netflix.discovery.DiscoveryClient    : The response status is 200
2026-08-16T11:06:51.053+05:30  INFO 16788 --- [user] [restartedMain] com.netflix.discovery.DiscoveryClient    : Starting heartbeat executor: renew interval is: 30
2026-08-16T11:06:51.057+05:30  INFO 16788 --- [user] [restartedMain] c.n.discovery.InstanceInfoReplicator     : InstanceInfoReplicator onDemand update allowed rate per min is 4
2026-08-16T11:06:51.061+05:30  INFO 16788 --- [user] [restartedMain] com.netflix.discovery.DiscoveryClient    : Discovery Client initialized at timestamp 1786858611060 with initial instances count: 2
2026-08-16T11:06:51.085+05:30  INFO 16788 --- [user] [restartedMain] o.s.c.n.e.s.EurekaServiceRegistry        : Registering application USER with eureka with status UP
2026-08-16T11:06:51.087+05:30  INFO 16788 --- [user] [restartedMain] com.netflix.discovery.DiscoveryClient    : Saw local status change event StatusChangeEvent [timestamp=1786858611087, current=UP, previous=STARTING]
2026-08-16T11:06:51.095+05:30  INFO 16788 --- [user] [DiscoveryClient-InstanceInfoReplicator-%d] com.netflix.discovery.DiscoveryClient    : DiscoveryClient_USER/LAPTOP-5SP7S7OV:user:8082: registering service...
2026-08-16T11:06:51.149+05:30  INFO 16788 --- [user] [restartedMain] o.s.b.w.embedded.tomcat.TomcatWebServer  : Tomcat started on port 8082 (http) with context path '/'
2026-08-16T11:06:51.151+05:30  INFO 16788 --- [user] [restartedMain] .s.c.n.e.s.EurekaAutoServiceRegistration : Updating port to 8082
2026-08-16T11:06:51.225+05:30  INFO 16788 --- [user] [restartedMain] com.ecommerce.user.UserApplication       : Started UserApplication in 23.029 seconds (process running for 24.673)
2026-08-16T11:06:51.228+05:30  INFO 16788 --- [user] [DiscoveryClient-InstanceInfoReplicator-%d] com.netflix.discovery.DiscoveryClient    : DiscoveryClient_USER/LAPTOP-5SP7S7OV:user:8082 - registration status: 204
2026-08-16T11:11:50.535+05:30  INFO 16788 --- [user] [AsyncResolver-bootstrap-executor-%d] c.n.d.s.r.aws.ConfigClusterResolver      : Resolving eureka endpoints via configuration
2026-08-16T11:16:50.553+05:30  INFO 16788 --- [user] [AsyncResolver-bootstrap-executor-%d] c.n.d.s.r.aws.ConfigClusterResolver      : Resolving eureka endpoints via configuration
2026-08-16T11:21:50.557+05:30  INFO 16788 --- [user] [AsyncResolver-bootstrap-executor-%d] c.n.d.s.r.aws.ConfigClusterResolver      : Resolving eureka endpoints via configuration
2026-08-16T11:26:50.573+05:30  INFO 16788 --- [user] [AsyncResolver-bootstrap-executor-%d] c.n.d.s.r.aws.ConfigClusterResolver      : Resolving eureka endpoints via configuration
2026-08-16T11:31:50.586+05:30  INFO 16788 --- [user] [AsyncResolver-bootstrap-executor-%d] c.n.d.s.r.aws.ConfigClusterResolver      : Resolving eureka endpoints via configuration
2026-08-16T11:36:50.592+05:30  INFO 16788 --- [user] [AsyncResolver-bootstrap-executor-%d] c.n.d.s.r.aws.ConfigClusterResolver      : Resolving eureka endpoints via configuration
2026-08-16T11:41:50.596+05:30  INFO 16788 --- [user] [AsyncResolver-bootstrap-executor-%d] c.n.d.s.r.aws.ConfigClusterResolver      : Resolving eureka endpoints via configuration
2026-08-16T11:46:50.610+05:30  INFO 16788 --- [user] [AsyncResolver-bootstrap-executor-%d] c.n.d.s.r.aws.ConfigClusterResolver      : Resolving eureka endpoints via configuration
2026-08-16T11:51:50.625+05:30  INFO 16788 --- [user] [AsyncResolver-bootstrap-executor-%d] c.n.d.s.r.aws.ConfigClusterResolver      : Resolving eureka endpoints via configuration
2026-08-16T11:56:50.640+05:30  INFO 16788 --- [user] [AsyncResolver-bootstrap-executor-%d] c.n.d.s.r.aws.ConfigClusterResolver      : Resolving eureka endpoints via configuration
2026-08-16T13:25:42.892+05:30  WARN 16788 --- [user] [HikariPool-1 housekeeper] com.zaxxer.hikari.pool.HikariPool        : HikariPool-1 - Thread starvation or clock leap detected (housekeeper delta=1h27m30s767ms523µs100ns).
2026-08-16T13:28:51.401+05:30  INFO 16788 --- [user] [AsyncResolver-bootstrap-executor-%d] c.n.d.s.r.aws.ConfigClusterResolver      : Resolving eureka endpoints via configuration
2026-08-16T13:33:51.410+05:30  INFO 16788 --- [user] [AsyncResolver-bootstrap-executor-%d] c.n.d.s.r.aws.ConfigClusterResolver      : Resolving eureka endpoints via configuration
2026-08-16T13:37:59.992+05:30  INFO 16788 --- [user] [File Watcher] rtingClassPathChangeChangedEventListener : Restarting due to 1 class path change (0 additions, 1 deletion, 0 modifications)
2026-08-16T13:37:59.995+05:30  INFO 16788 --- [user] [Thread-1] o.s.c.n.e.s.EurekaServiceRegistry        : Unregistering application USER with eureka with status DOWN
2026-08-16T13:37:59.996+05:30  INFO 16788 --- [user] [Thread-1] com.netflix.discovery.DiscoveryClient    : Saw local status change event StatusChangeEvent [timestamp=1786867679996, current=DOWN, previous=UP]
2026-08-16T13:37:59.996+05:30  INFO 16788 --- [user] [DiscoveryClient-InstanceInfoReplicator-%d] com.netflix.discovery.DiscoveryClient    : DiscoveryClient_USER/LAPTOP-5SP7S7OV:user:8082: registering service...
2026-08-16T13:38:00.002+05:30  INFO 16788 --- [user] [Thread-1] o.s.b.w.e.tomcat.GracefulShutdown        : Commencing graceful shutdown. Waiting for active requests to complete
2026-08-16T13:38:00.013+05:30  INFO 16788 --- [user] [tomcat-shutdown] o.s.b.w.e.tomcat.GracefulShutdown        : Graceful shutdown complete
2026-08-16T13:38:00.023+05:30  INFO 16788 --- [user] [DiscoveryClient-InstanceInfoReplicator-%d] com.netflix.discovery.DiscoveryClient    : DiscoveryClient_USER/LAPTOP-5SP7S7OV:user:8082 - registration status: 204
2026-08-16T13:38:00.028+05:30  INFO 16788 --- [user] [Thread-1] j.LocalContainerEntityManagerFactoryBean : Closing JPA EntityManagerFactory for persistence unit 'default'
2026-08-16T13:38:00.036+05:30  INFO 16788 --- [user] [Thread-1] com.zaxxer.hikari.HikariDataSource       : HikariPool-1 - Shutdown initiated...
2026-08-16T13:38:00.049+05:30  INFO 16788 --- [user] [Thread-1] com.zaxxer.hikari.HikariDataSource       : HikariPool-1 - Shutdown completed.
2026-08-16T13:38:00.050+05:30  INFO 16788 --- [user] [Thread-1] com.netflix.discovery.DiscoveryClient    : Shutting down DiscoveryClient ...
2026-08-16T13:38:03.055+05:30  INFO 16788 --- [user] [Thread-1] com.netflix.discovery.DiscoveryClient    : Unregistering ...
2026-08-16T13:38:03.078+05:30  INFO 16788 --- [user] [Thread-1] com.netflix.discovery.DiscoveryClient    : DiscoveryClient_USER/LAPTOP-5SP7S7OV:user:8082 - deregister  status: 200
2026-08-16T13:38:03.078+05:30  INFO 16788 --- [user] [Thread-1] com.netflix.discovery.DiscoveryClient    : Completed shut down of DiscoveryClient
2026-08-16T13:38:03.376+05:30  INFO 16788 --- [user] [restartedMain] com.ecommerce.user.UserApplication       : Starting UserApplication using Java 22.0.2 with PID 16788 (C:\Java_Projects\Updated_Ecom_Project\user\target\classes started by baibh in C:\Java_Projects\Updated_Ecom_Project)
2026-08-16T13:38:03.377+05:30  INFO 16788 --- [user] [restartedMain] com.ecommerce.user.UserApplication       : No active profile set, falling back to 1 default profile: "default"
2026-08-16T13:38:03.381+05:30  INFO 16788 --- [user] [restartedMain] o.s.c.c.c.ConfigServerConfigDataLoader   : Fetching config from server at : http://localhost:8888
2026-08-16T13:38:03.381+05:30  INFO 16788 --- [user] [restartedMain] o.s.c.c.c.ConfigServerConfigDataLoader   : Located environment: name=user, profiles=[default], label=null, version=null, state=null
2026-08-16T13:38:04.092+05:30  INFO 16788 --- [user] [restartedMain] .s.d.r.c.RepositoryConfigurationDelegate : Bootstrapping Spring Data JPA repositories in DEFAULT mode.
2026-08-16T13:38:04.110+05:30  INFO 16788 --- [user] [restartedMain] .s.d.r.c.RepositoryConfigurationDelegate : Finished Spring Data repository scanning in 15 ms. Found 1 JPA repository interface.
2026-08-16T13:38:04.264+05:30  INFO 16788 --- [user] [restartedMain] o.s.cloud.context.scope.GenericScope     : BeanFactory id=384fb243-166a-36f2-b889-43543ef04c73
2026-08-16T13:38:04.493+05:30  INFO 16788 --- [user] [restartedMain] o.s.b.w.embedded.tomcat.TomcatWebServer  : Tomcat initialized with port 8082 (http)
2026-08-16T13:38:04.497+05:30  INFO 16788 --- [user] [restartedMain] o.apache.catalina.core.StandardService   : Starting service [Tomcat]
2026-08-16T13:38:04.498+05:30  INFO 16788 --- [user] [restartedMain] o.apache.catalina.core.StandardEngine    : Starting Servlet engine: [Apache Tomcat/10.1.34]
2026-08-16T13:38:04.550+05:30  INFO 16788 --- [user] [restartedMain] o.a.c.c.C.[Tomcat].[localhost].[/]       : Initializing Spring embedded WebApplicationContext
2026-08-16T13:38:04.551+05:30  INFO 16788 --- [user] [restartedMain] w.s.c.ServletWebServerApplicationContext : Root WebApplicationContext: initialization completed in 1169 ms
2026-08-16T13:38:04.786+05:30  INFO 16788 --- [user] [restartedMain] o.hibernate.jpa.internal.util.LogHelper  : HHH000204: Processing PersistenceUnitInfo [name: default]
2026-08-16T13:38:04.790+05:30  INFO 16788 --- [user] [restartedMain] o.h.c.internal.RegionFactoryInitiator    : HHH000026: Second-level cache disabled
2026-08-16T13:38:04.815+05:30  INFO 16788 --- [user] [restartedMain] o.s.o.j.p.SpringPersistenceUnitInfo      : No LoadTimeWeaver setup: ignoring JPA class transformer
2026-08-16T13:38:04.817+05:30  INFO 16788 --- [user] [restartedMain] com.zaxxer.hikari.HikariDataSource       : HikariPool-2 - Starting...
2026-08-16T13:38:04.839+05:30  INFO 16788 --- [user] [restartedMain] com.zaxxer.hikari.pool.HikariPool        : HikariPool-2 - Added connection com.mysql.cj.jdbc.ConnectionImpl@341cec2f
2026-08-16T13:38:04.839+05:30  INFO 16788 --- [user] [restartedMain] com.zaxxer.hikari.HikariDataSource       : HikariPool-2 - Start completed.
2026-08-16T13:38:04.840+05:30  WARN 16788 --- [user] [restartedMain] org.hibernate.orm.deprecation            : HHH90000025: MySQL8Dialect does not need to be specified explicitly using 'hibernate.dialect' (remove the property setting and it will be selected by default)
2026-08-16T13:38:04.840+05:30  WARN 16788 --- [user] [restartedMain] org.hibernate.orm.deprecation            : HHH90000026: MySQL8Dialect has been deprecated; use org.hibernate.dialect.MySQLDialect instead
2026-08-16T13:38:04.841+05:30  INFO 16788 --- [user] [restartedMain] org.hibernate.orm.connections.pooling    : HHH10001005: Database info:
	Database JDBC URL [Connecting through datasource 'HikariDataSource (HikariPool-2)']
	Database driver: undefined/unknown
	Database version: 8.0
	Autocommit mode: undefined/unknown
	Isolation level: undefined/unknown
	Minimum pool size: undefined/unknown
	Maximum pool size: undefined/unknown
2026-08-16T13:38:04.955+05:30  INFO 16788 --- [user] [restartedMain] o.h.e.t.j.p.i.JtaPlatformInitiator       : HHH000489: No JTA platform available (set 'hibernate.transaction.jta.platform' to enable JTA platform integration)
2026-08-16T13:38:04.976+05:30  INFO 16788 --- [user] [restartedMain] j.LocalContainerEntityManagerFactoryBean : Initialized JPA EntityManagerFactory for persistence unit 'default'
2026-08-16T13:38:04.988+05:30  WARN 16788 --- [user] [restartedMain] ConfigServletWebServerApplicationContext : Exception encountered during context initialization - cancelling refresh attempt: org.springframework.beans.factory.BeanCreationException: Error creating bean with name 'userController': Lookup method resolution failed
2026-08-16T13:38:04.989+05:30  INFO 16788 --- [user] [restartedMain] j.LocalContainerEntityManagerFactoryBean : Closing JPA EntityManagerFactory for persistence unit 'default'
2026-08-16T13:38:04.989+05:30  INFO 16788 --- [user] [restartedMain] com.zaxxer.hikari.HikariDataSource       : HikariPool-2 - Shutdown initiated...
2026-08-16T13:38:05.012+05:30  INFO 16788 --- [user] [restartedMain] com.zaxxer.hikari.HikariDataSource       : HikariPool-2 - Shutdown completed.
2026-08-16T13:38:05.013+05:30  INFO 16788 --- [user] [restartedMain] o.apache.catalina.core.StandardService   : Stopping service [Tomcat]
2026-08-16T13:38:05.024+05:30  INFO 16788 --- [user] [restartedMain] .s.b.a.l.ConditionEvaluationReportLogger : 

Error starting ApplicationContext. To display the condition evaluation report re-run your application with 'debug' enabled.
2026-08-16T13:38:05.057+05:30 ERROR 16788 --- [user] [restartedMain] o.s.boot.SpringApplication               : Application run failed

org.springframework.beans.factory.BeanCreationException: Error creating bean with name 'userController': Lookup method resolution failed
	at org.springframework.beans.factory.annotation.AutowiredAnnotationBeanPostProcessor.checkLookupMethods(AutowiredAnnotationBeanPostProcessor.java:498) ~[spring-beans-6.2.1.jar:6.2.1]
	at org.springframework.beans.factory.annotation.AutowiredAnnotationBeanPostProcessor.determineCandidateConstructors(AutowiredAnnotationBeanPostProcessor.java:368) ~[spring-beans-6.2.1.jar:6.2.1]
	at org.springframework.beans.factory.support.AbstractAutowireCapableBeanFactory.determineConstructorsFromBeanPostProcessors(AbstractAutowireCapableBeanFactory.java:1316) ~[spring-beans-6.2.1.jar:6.2.1]
	at org.springframework.beans.factory.support.AbstractAutowireCapableBeanFactory.createBeanInstance(AbstractAutowireCapableBeanFactory.java:1211) ~[spring-beans-6.2.1.jar:6.2.1]
	at org.springframework.beans.factory.support.AbstractAutowireCapableBeanFactory.doCreateBean(AbstractAutowireCapableBeanFactory.java:563) ~[spring-beans-6.2.1.jar:6.2.1]
	at org.springframework.beans.factory.support.AbstractAutowireCapableBeanFactory.createBean(AbstractAutowireCapableBeanFactory.java:523) ~[spring-beans-6.2.1.jar:6.2.1]
	at org.springframework.beans.factory.support.AbstractBeanFactory.lambda$doGetBean$0(AbstractBeanFactory.java:336) ~[spring-beans-6.2.1.jar:6.2.1]
	at org.springframework.beans.factory.support.DefaultSingletonBeanRegistry.getSingleton(DefaultSingletonBeanRegistry.java:289) ~[spring-beans-6.2.1.jar:6.2.1]
	at org.springframework.beans.factory.support.AbstractBeanFactory.doGetBean(AbstractBeanFactory.java:334) ~[spring-beans-6.2.1.jar:6.2.1]
	at org.springframework.beans.factory.support.AbstractBeanFactory.getBean(AbstractBeanFactory.java:199) ~[spring-beans-6.2.1.jar:6.2.1]
	at org.springframework.beans.factory.support.DefaultListableBeanFactory.instantiateSingleton(DefaultListableBeanFactory.java:1122) ~[spring-beans-6.2.1.jar:6.2.1]
	at org.springframework.beans.factory.support.DefaultListableBeanFactory.preInstantiateSingleton(DefaultListableBeanFactory.java:1093) ~[spring-beans-6.2.1.jar:6.2.1]
	at org.springframework.beans.factory.support.DefaultListableBeanFactory.preInstantiateSingletons(DefaultListableBeanFactory.java:1030) ~[spring-beans-6.2.1.jar:6.2.1]
	at org.springframework.context.support.AbstractApplicationContext.finishBeanFactoryInitialization(AbstractApplicationContext.java:987) ~[spring-context-6.2.1.jar:6.2.1]
	at org.springframework.context.support.AbstractApplicationContext.refresh(AbstractApplicationContext.java:627) ~[spring-context-6.2.1.jar:6.2.1]
	at org.springframework.boot.web.servlet.context.ServletWebServerApplicationContext.refresh(ServletWebServerApplicationContext.java:146) ~[spring-boot-3.4.1.jar:3.4.1]
	at org.springframework.boot.SpringApplication.refresh(SpringApplication.java:752) ~[spring-boot-3.4.1.jar:3.4.1]
	at org.springframework.boot.SpringApplication.refreshContext(SpringApplication.java:439) ~[spring-boot-3.4.1.jar:3.4.1]
	at org.springframework.boot.SpringApplication.run(SpringApplication.java:318) ~[spring-boot-3.4.1.jar:3.4.1]
	at org.springframework.boot.SpringApplication.run(SpringApplication.java:1361) ~[spring-boot-3.4.1.jar:3.4.1]
	at org.springframework.boot.SpringApplication.run(SpringApplication.java:1350) ~[spring-boot-3.4.1.jar:3.4.1]
	at com.ecommerce.user.UserApplication.main(UserApplication.java:10) ~[classes/:na]
	at java.base/jdk.internal.reflect.DirectMethodHandleAccessor.invoke(DirectMethodHandleAccessor.java:103) ~[na:na]
	at java.base/java.lang.reflect.Method.invoke(Method.java:580) ~[na:na]
	at org.springframework.boot.devtools.restart.RestartLauncher.run(RestartLauncher.java:50) ~[spring-boot-devtools-3.4.1.jar:3.4.1]
Caused by: java.lang.IllegalStateException: Failed to introspect Class [com.ecommerce.user.controller.UserController] from ClassLoader [org.springframework.boot.devtools.restart.classloader.RestartClassLoader@50affd14]
	at org.springframework.util.ReflectionUtils.getDeclaredMethods(ReflectionUtils.java:483) ~[spring-core-6.2.1.jar:6.2.1]
	at org.springframework.util.ReflectionUtils.doWithLocalMethods(ReflectionUtils.java:320) ~[spring-core-6.2.1.jar:6.2.1]
	at org.springframework.beans.factory.annotation.AutowiredAnnotationBeanPostProcessor.checkLookupMethods(AutowiredAnnotationBeanPostProcessor.java:476) ~[spring-beans-6.2.1.jar:6.2.1]
	... 24 common frames omitted
Caused by: java.lang.NoClassDefFoundError: com/ecommerce/user/dto/UserRequest
	at java.base/java.lang.Class.getDeclaredMethods0(Native Method) ~[na:na]
	at java.base/java.lang.Class.privateGetDeclaredMethods(Class.java:3601) ~[na:na]
	at java.base/java.lang.Class.getDeclaredMethods(Class.java:2686) ~[na:na]
	at org.springframework.util.ReflectionUtils.getDeclaredMethods(ReflectionUtils.java:465) ~[spring-core-6.2.1.jar:6.2.1]
	... 26 common frames omitted
Caused by: java.lang.ClassNotFoundException: com.ecommerce.user.dto.UserRequest
	at java.base/jdk.internal.loader.BuiltinClassLoader.loadClass(BuiltinClassLoader.java:641) ~[na:na]
	at java.base/jdk.internal.loader.ClassLoaders$AppClassLoader.loadClass(ClassLoaders.java:188) ~[na:na]
	at java.base/java.lang.ClassLoader.loadClass(ClassLoader.java:525) ~[na:na]
	at java.base/java.lang.Class.forName0(Native Method) ~[na:na]
	at java.base/java.lang.Class.forName(Class.java:529) ~[na:na]
	at java.base/java.lang.Class.forName(Class.java:508) ~[na:na]
	at org.springframework.boot.devtools.restart.classloader.RestartClassLoader.loadClass(RestartClassLoader.java:121) ~[spring-boot-devtools-3.4.1.jar:3.4.1]
	at java.base/java.lang.ClassLoader.loadClass(ClassLoader.java:525) ~[na:na]
	... 30 common frames omitted

2026-08-16T13:40:05.464+05:30  INFO 16788 --- [user] [restartedMain] com.ecommerce.user.UserApplication       : Starting UserApplication using Java 22.0.2 with PID 16788 (C:\Java_Projects\Updated_Ecom_Project\user\target\classes started by baibh in C:\Java_Projects\Updated_Ecom_Project)
2026-08-16T13:40:05.465+05:30  INFO 16788 --- [user] [restartedMain] com.ecommerce.user.UserApplication       : No active profile set, falling back to 1 default profile: "default"
2026-08-16T13:40:05.468+05:30  INFO 16788 --- [user] [restartedMain] o.s.c.c.c.ConfigServerConfigDataLoader   : Fetching config from server at : http://localhost:8888
2026-08-16T13:40:05.469+05:30  INFO 16788 --- [user] [restartedMain] o.s.c.c.c.ConfigServerConfigDataLoader   : Located environment: name=user, profiles=[default], label=null, version=null, state=null
2026-08-16T13:40:06.267+05:30  INFO 16788 --- [user] [restartedMain] .s.d.r.c.RepositoryConfigurationDelegate : Bootstrapping Spring Data JPA repositories in DEFAULT mode.
2026-08-16T13:40:06.298+05:30  INFO 16788 --- [user] [restartedMain] .s.d.r.c.RepositoryConfigurationDelegate : Finished Spring Data repository scanning in 26 ms. Found 1 JPA repository interface.
2026-08-16T13:40:06.507+05:30  INFO 16788 --- [user] [restartedMain] o.s.cloud.context.scope.GenericScope     : BeanFactory id=384fb243-166a-36f2-b889-43543ef04c73
2026-08-16T13:40:06.765+05:30  INFO 16788 --- [user] [restartedMain] o.s.b.w.embedded.tomcat.TomcatWebServer  : Tomcat initialized with port 8082 (http)
2026-08-16T13:40:06.770+05:30  INFO 16788 --- [user] [restartedMain] o.apache.catalina.core.StandardService   : Starting service [Tomcat]
2026-08-16T13:40:06.771+05:30  INFO 16788 --- [user] [restartedMain] o.apache.catalina.core.StandardEngine    : Starting Servlet engine: [Apache Tomcat/10.1.34]
2026-08-16T13:40:06.857+05:30  INFO 16788 --- [user] [restartedMain] o.a.c.c.C.[Tomcat-1].[localhost].[/]     : Initializing Spring embedded WebApplicationContext
2026-08-16T13:40:06.857+05:30  INFO 16788 --- [user] [restartedMain] w.s.c.ServletWebServerApplicationContext : Root WebApplicationContext: initialization completed in 1388 ms
2026-08-16T13:40:07.165+05:30  INFO 16788 --- [user] [restartedMain] o.hibernate.jpa.internal.util.LogHelper  : HHH000204: Processing PersistenceUnitInfo [name: default]
2026-08-16T13:40:07.170+05:30  INFO 16788 --- [user] [restartedMain] o.h.c.internal.RegionFactoryInitiator    : HHH000026: Second-level cache disabled
2026-08-16T13:40:07.193+05:30  INFO 16788 --- [user] [restartedMain] o.s.o.j.p.SpringPersistenceUnitInfo      : No LoadTimeWeaver setup: ignoring JPA class transformer
2026-08-16T13:40:07.195+05:30  INFO 16788 --- [user] [restartedMain] com.zaxxer.hikari.HikariDataSource       : HikariPool-3 - Starting...
2026-08-16T13:40:07.220+05:30  INFO 16788 --- [user] [restartedMain] com.zaxxer.hikari.pool.HikariPool        : HikariPool-3 - Added connection com.mysql.cj.jdbc.ConnectionImpl@15f972a9
2026-08-16T13:40:07.221+05:30  INFO 16788 --- [user] [restartedMain] com.zaxxer.hikari.HikariDataSource       : HikariPool-3 - Start completed.
2026-08-16T13:40:07.222+05:30  WARN 16788 --- [user] [restartedMain] org.hibernate.orm.deprecation            : HHH90000025: MySQL8Dialect does not need to be specified explicitly using 'hibernate.dialect' (remove the property setting and it will be selected by default)
2026-08-16T13:40:07.223+05:30  WARN 16788 --- [user] [restartedMain] org.hibernate.orm.deprecation            : HHH90000026: MySQL8Dialect has been deprecated; use org.hibernate.dialect.MySQLDialect instead
2026-08-16T13:40:07.223+05:30  INFO 16788 --- [user] [restartedMain] org.hibernate.orm.connections.pooling    : HHH10001005: Database info:
	Database JDBC URL [Connecting through datasource 'HikariDataSource (HikariPool-3)']
	Database driver: undefined/unknown
	Database version: 8.0
	Autocommit mode: undefined/unknown
	Isolation level: undefined/unknown
	Minimum pool size: undefined/unknown
	Maximum pool size: undefined/unknown
2026-08-16T13:40:07.396+05:30  INFO 16788 --- [user] [restartedMain] o.h.e.t.j.p.i.JtaPlatformInitiator       : HHH000489: No JTA platform available (set 'hibernate.transaction.jta.platform' to enable JTA platform integration)
2026-08-16T13:40:07.427+05:30  INFO 16788 --- [user] [restartedMain] j.LocalContainerEntityManagerFactoryBean : Initialized JPA EntityManagerFactory for persistence unit 'default'
2026-08-16T13:40:07.675+05:30  INFO 16788 --- [user] [restartedMain] eAuthenticationProviderManagerConfigurer : Global AuthenticationManager configured with AuthenticationProvider bean with name authProvider
2026-08-16T13:40:07.675+05:30  WARN 16788 --- [user] [restartedMain] r$InitializeUserDetailsManagerConfigurer : Global AuthenticationManager configured with an AuthenticationProvider bean. UserDetailsService beans will not be used by Spring Security for automatically configuring username/password login. Consider removing the AuthenticationProvider bean. Alternatively, consider using the UserDetailsService in a manually instantiated DaoAuthenticationProvider. If the current configuration is intentional, to turn off this warning, increase the logging level of 'org.springframework.security.config.annotation.authentication.configuration.InitializeUserDetailsBeanManagerConfigurer' to ERROR
2026-08-16T13:40:07.746+05:30  WARN 16788 --- [user] [restartedMain] JpaBaseConfiguration$JpaWebConfiguration : spring.jpa.open-in-view is enabled by default. Therefore, database queries may be performed during view rendering. Explicitly configure spring.jpa.open-in-view to disable this warning
2026-08-16T13:40:08.354+05:30  INFO 16788 --- [user] [restartedMain] o.s.b.a.e.web.EndpointLinksResolver      : Exposing 18 endpoints beneath base path '/actuator'
2026-08-16T13:40:08.705+05:30  WARN 16788 --- [user] [restartedMain] o.s.b.d.a.OptionalLiveReloadServer       : Unable to start LiveReload server
2026-08-16T13:40:08.752+05:30  INFO 16788 --- [user] [restartedMain] DiscoveryClientOptionalArgsConfiguration : Eureka HTTP Client uses RestTemplate.
2026-08-16T13:40:08.816+05:30  WARN 16788 --- [user] [restartedMain] iguration$LoadBalancerCaffeineWarnLogger : Spring Cloud LoadBalancer is currently working with the default cache. While this cache implementation is useful for development and tests, it's recommended to use Caffeine cache in production.You can switch to using Caffeine cache, by adding it and org.springframework.cache.caffeine.CaffeineCacheManager to the classpath.
2026-08-16T13:40:08.846+05:30  INFO 16788 --- [user] [restartedMain] o.s.c.n.eureka.InstanceInfoFactory       : Setting initial instance status as: STARTING
2026-08-16T13:40:08.853+05:30  INFO 16788 --- [user] [restartedMain] com.netflix.discovery.DiscoveryClient    : Initializing Eureka in region us-east-1
2026-08-16T13:40:08.853+05:30  INFO 16788 --- [user] [restartedMain] c.n.d.s.r.aws.ConfigClusterResolver      : Resolving eureka endpoints via configuration
2026-08-16T13:40:08.854+05:30  INFO 16788 --- [user] [restartedMain] com.netflix.discovery.DiscoveryClient    : Disable delta property : false
2026-08-16T13:40:08.854+05:30  INFO 16788 --- [user] [restartedMain] com.netflix.discovery.DiscoveryClient    : Single vip registry refresh property : null
2026-08-16T13:40:08.854+05:30  INFO 16788 --- [user] [restartedMain] com.netflix.discovery.DiscoveryClient    : Force full registry fetch : false
2026-08-16T13:40:08.854+05:30  INFO 16788 --- [user] [restartedMain] com.netflix.discovery.DiscoveryClient    : Application is null : false
2026-08-16T13:40:08.854+05:30  INFO 16788 --- [user] [restartedMain] com.netflix.discovery.DiscoveryClient    : Registered Applications size is zero : true
2026-08-16T13:40:08.854+05:30  INFO 16788 --- [user] [restartedMain] com.netflix.discovery.DiscoveryClient    : Application version is -1: true
2026-08-16T13:40:08.855+05:30  INFO 16788 --- [user] [restartedMain] com.netflix.discovery.DiscoveryClient    : Getting all instance registry info from the eureka server
2026-08-16T13:40:08.927+05:30  INFO 16788 --- [user] [restartedMain] com.netflix.discovery.DiscoveryClient    : The response status is 200
2026-08-16T13:40:08.928+05:30  INFO 16788 --- [user] [restartedMain] com.netflix.discovery.DiscoveryClient    : Starting heartbeat executor: renew interval is: 30
2026-08-16T13:40:08.928+05:30  INFO 16788 --- [user] [restartedMain] c.n.discovery.InstanceInfoReplicator     : InstanceInfoReplicator onDemand update allowed rate per min is 4
2026-08-16T13:40:08.929+05:30  INFO 16788 --- [user] [restartedMain] com.netflix.discovery.DiscoveryClient    : Discovery Client initialized at timestamp 1786867808929 with initial instances count: 3
2026-08-16T13:40:08.936+05:30  INFO 16788 --- [user] [restartedMain] o.s.c.n.e.s.EurekaServiceRegistry        : Registering application USER with eureka with status UP
2026-08-16T13:40:08.937+05:30  INFO 16788 --- [user] [restartedMain] com.netflix.discovery.DiscoveryClient    : Saw local status change event StatusChangeEvent [timestamp=1786867808937, current=UP, previous=STARTING]
2026-08-16T13:40:08.937+05:30  INFO 16788 --- [user] [DiscoveryClient-InstanceInfoReplicator-%d] com.netflix.discovery.DiscoveryClient    : DiscoveryClient_USER/LAPTOP-5SP7S7OV:user:8082: registering service...
2026-08-16T13:40:08.946+05:30  INFO 16788 --- [user] [restartedMain] o.s.b.w.embedded.tomcat.TomcatWebServer  : Tomcat started on port 8082 (http) with context path '/'
2026-08-16T13:40:08.946+05:30  INFO 16788 --- [user] [restartedMain] .s.c.n.e.s.EurekaAutoServiceRegistration : Updating port to 8082
2026-08-16T13:40:08.961+05:30  INFO 16788 --- [user] [DiscoveryClient-InstanceInfoReplicator-%d] com.netflix.discovery.DiscoveryClient    : DiscoveryClient_USER/LAPTOP-5SP7S7OV:user:8082 - registration status: 204
2026-08-16T13:40:08.969+05:30  INFO 16788 --- [user] [restartedMain] com.ecommerce.user.UserApplication       : Started UserApplication in 3.731 seconds (process running for 9222.422)
2026-08-16T13:40:08.974+05:30  INFO 16788 --- [user] [restartedMain] .ConditionEvaluationDeltaLoggingListener : Condition evaluation unchanged
2026-08-16T13:42:45.538+05:30  INFO 16788 --- [user] [SpringApplicationShutdownHook] o.s.c.n.e.s.EurekaServiceRegistry        : Unregistering application USER with eureka with status DOWN
2026-08-16T13:42:45.538+05:30  INFO 16788 --- [user] [SpringApplicationShutdownHook] com.netflix.discovery.DiscoveryClient    : Saw local status change event StatusChangeEvent [timestamp=1786867965538, current=DOWN, previous=UP]
2026-08-16T13:42:45.539+05:30  INFO 16788 --- [user] [DiscoveryClient-InstanceInfoReplicator-%d] com.netflix.discovery.DiscoveryClient    : DiscoveryClient_USER/LAPTOP-5SP7S7OV:user:8082: registering service...
2026-08-16T13:42:45.541+05:30  INFO 16788 --- [user] [SpringApplicationShutdownHook] o.s.b.w.e.tomcat.GracefulShutdown        : Commencing graceful shutdown. Waiting for active requests to complete
2026-08-16T13:42:45.556+05:30  INFO 16788 --- [user] [tomcat-shutdown] o.s.b.w.e.tomcat.GracefulShutdown        : Graceful shutdown complete
2026-08-16T13:42:45.563+05:30  INFO 16788 --- [user] [DiscoveryClient-InstanceInfoReplicator-%d] com.netflix.discovery.DiscoveryClient    : DiscoveryClient_USER/LAPTOP-5SP7S7OV:user:8082 - registration status: 204
2026-08-16T13:42:45.564+05:30  INFO 16788 --- [user] [SpringApplicationShutdownHook] j.LocalContainerEntityManagerFactoryBean : Closing JPA EntityManagerFactory for persistence unit 'default'
2026-08-16T13:42:45.565+05:30  INFO 16788 --- [user] [SpringApplicationShutdownHook] com.zaxxer.hikari.HikariDataSource       : HikariPool-3 - Shutdown initiated...
2026-08-16T13:42:45.580+05:30  INFO 16788 --- [user] [SpringApplicationShutdownHook] com.zaxxer.hikari.HikariDataSource       : HikariPool-3 - Shutdown completed.
2026-08-16T13:42:45.581+05:30  INFO 16788 --- [user] [SpringApplicationShutdownHook] com.netflix.discovery.DiscoveryClient    : Shutting down DiscoveryClient ...
2026-08-16T13:42:48.583+05:30  INFO 16788 --- [user] [SpringApplicationShutdownHook] com.netflix.discovery.DiscoveryClient    : Unregistering ...
2026-08-16T13:42:48.623+05:30  INFO 16788 --- [user] [SpringApplicationShutdownHook] c.n.d.s.t.d.RedirectingEurekaHttpClient  : Request execution error. endpoint=DefaultEndpoint{ serviceUrl='http://localhost:8761/eureka/} exception=I/O error on DELETE request for "http://localhost:8761/eureka/apps/USER/LAPTOP-5SP7S7OV:user:8082": Connect to http://localhost:8761 [localhost/127.0.0.1, localhost/0:0:0:0:0:0:0:1] failed: Connection refused: getsockopt stacktrace=org.springframework.web.client.ResourceAccessException: I/O error on DELETE request for "http://localhost:8761/eureka/apps/USER/LAPTOP-5SP7S7OV:user:8082": Connect to http://localhost:8761 [localhost/127.0.0.1, localhost/0:0:0:0:0:0:0:1] failed: Connection refused: getsockopt
	at org.springframework.web.client.RestTemplate.createResourceAccessException(RestTemplate.java:926)
	at org.springframework.web.client.RestTemplate.doExecute(RestTemplate.java:906)
	at org.springframework.web.client.RestTemplate.execute(RestTemplate.java:841)
	at org.springframework.web.client.RestTemplate.exchange(RestTemplate.java:702)
	at org.springframework.cloud.netflix.eureka.http.RestTemplateEurekaHttpClient.cancel(RestTemplateEurekaHttpClient.java:100)
	at com.netflix.discovery.shared.transport.decorator.EurekaHttpClientDecorator$2.execute(EurekaHttpClientDecorator.java:74)
	at com.netflix.discovery.shared.transport.decorator.RedirectingEurekaHttpClient.execute(RedirectingEurekaHttpClient.java:91)
	at com.netflix.discovery.shared.transport.decorator.EurekaHttpClientDecorator.cancel(EurekaHttpClientDecorator.java:71)
	at com.netflix.discovery.shared.transport.decorator.EurekaHttpClientDecorator$2.execute(EurekaHttpClientDecorator.java:74)
	at com.netflix.discovery.shared.transport.decorator.RetryableEurekaHttpClient.execute(RetryableEurekaHttpClient.java:120)
	at com.netflix.discovery.shared.transport.decorator.EurekaHttpClientDecorator.cancel(EurekaHttpClientDecorator.java:71)
	at com.netflix.discovery.shared.transport.decorator.EurekaHttpClientDecorator$2.execute(EurekaHttpClientDecorator.java:74)
	at com.netflix.discovery.shared.transport.decorator.SessionedEurekaHttpClient.execute(SessionedEurekaHttpClient.java:76)
	at com.netflix.discovery.shared.transport.decorator.EurekaHttpClientDecorator.cancel(EurekaHttpClientDecorator.java:71)
	at com.netflix.discovery.DiscoveryClient.unregister(DiscoveryClient.java:919)
	at com.netflix.discovery.DiscoveryClient.shutdown(DiscoveryClient.java:900)
	at java.base/jdk.internal.reflect.DirectMethodHandleAccessor.invoke(DirectMethodHandleAccessor.java:103)
	at java.base/java.lang.reflect.Method.invoke(Method.java:580)
	at org.springframework.beans.factory.annotation.InitDestroyAnnotationBeanPostProcessor$LifecycleMethod.invoke(InitDestroyAnnotationBeanPostProcessor.java:457)
	at org.springframework.beans.factory.annotation.InitDestroyAnnotationBeanPostProcessor$LifecycleMetadata.invokeDestroyMethods(InitDestroyAnnotationBeanPostProcessor.java:415)
	at org.springframework.beans.factory.annotation.InitDestroyAnnotationBeanPostProcessor.postProcessBeforeDestruction(InitDestroyAnnotationBeanPostProcessor.java:239)
	at org.springframework.beans.factory.support.DisposableBeanAdapter.destroy(DisposableBeanAdapter.java:202)
	at org.springframework.beans.factory.support.DisposableBeanAdapter.run(DisposableBeanAdapter.java:195)
	at org.springframework.cloud.context.scope.GenericScope$BeanLifecycleWrapper.destroy(GenericScope.java:389)
	at org.springframework.cloud.context.scope.GenericScope.destroy(GenericScope.java:136)
	at org.springframework.beans.factory.support.DisposableBeanAdapter.destroy(DisposableBeanAdapter.java:211)
	at org.springframework.beans.factory.support.DefaultSingletonBeanRegistry.destroyBean(DefaultSingletonBeanRegistry.java:668)
	at org.springframework.beans.factory.support.DefaultSingletonBeanRegistry.destroySingleton(DefaultSingletonBeanRegistry.java:625)
	at org.springframework.beans.factory.support.DefaultListableBeanFactory.destroySingleton(DefaultListableBeanFactory.java:1368)
	at org.springframework.beans.factory.support.DefaultSingletonBeanRegistry.destroySingletons(DefaultSingletonBeanRegistry.java:584)
	at org.springframework.beans.factory.support.DefaultListableBeanFactory.destroySingletons(DefaultListableBeanFactory.java:1361)
	at org.springframework.context.support.AbstractApplicationContext.destroyBeans(AbstractApplicationContext.java:1219)
	at org.springframework.context.support.AbstractApplicationContext.doClose(AbstractApplicationContext.java:1180)
	at org.springframework.boot.web.servlet.context.ServletWebServerApplicationContext.doClose(ServletWebServerApplicationContext.java:174)
	at org.springframework.context.support.AbstractApplicationContext.close(AbstractApplicationContext.java:1126)
	at org.springframework.boot.SpringApplicationShutdownHook.closeAndWait(SpringApplicationShutdownHook.java:147)
	at java.base/java.lang.Iterable.forEach(Iterable.java:75)
	at org.springframework.boot.SpringApplicationShutdownHook.run(SpringApplicationShutdownHook.java:116)
	at java.base/java.lang.Thread.run(Thread.java:1570)
Caused by: org.apache.hc.client5.http.HttpHostConnectException: Connect to http://localhost:8761 [localhost/127.0.0.1, localhost/0:0:0:0:0:0:0:1] failed: Connection refused: getsockopt
	at java.base/sun.nio.ch.Net.pollConnect(Native Method)
	at java.base/sun.nio.ch.Net.pollConnectNow(Net.java:682)
	at java.base/sun.nio.ch.NioSocketImpl.timedFinishConnect(NioSocketImpl.java:542)
	at java.base/sun.nio.ch.NioSocketImpl.connect(NioSocketImpl.java:592)
	at java.base/java.net.SocksSocketImpl.connect(SocksSocketImpl.java:327)
	at java.base/java.net.Socket.connect(Socket.java:752)
	at org.apache.hc.client5.http.impl.io.DefaultHttpClientConnectionOperator.connect(DefaultHttpClientConnectionOperator.java:216)
	at org.apache.hc.client5.http.impl.io.PoolingHttpClientConnectionManager.connect(PoolingHttpClientConnectionManager.java:490)
	at org.apache.hc.client5.http.impl.classic.InternalExecRuntime.connectEndpoint(InternalExecRuntime.java:164)
	at org.apache.hc.client5.http.impl.classic.InternalExecRuntime.connectEndpoint(InternalExecRuntime.java:174)
	at org.apache.hc.client5.http.impl.classic.ConnectExec.execute(ConnectExec.java:144)
	at org.apache.hc.client5.http.impl.classic.ExecChainElement.execute(ExecChainElement.java:51)
	at org.apache.hc.client5.http.impl.classic.ProtocolExec.execute(ProtocolExec.java:192)
	at org.apache.hc.client5.http.impl.classic.ExecChainElement.execute(ExecChainElement.java:51)
	at org.apache.hc.client5.http.impl.classic.ContentCompressionExec.execute(ContentCompressionExec.java:150)
	at org.apache.hc.client5.http.impl.classic.ExecChainElement.execute(ExecChainElement.java:51)
	at org.apache.hc.client5.http.impl.classic.HttpRequestRetryExec.execute(HttpRequestRetryExec.java:113)
	at org.apache.hc.client5.http.impl.classic.ExecChainElement.execute(ExecChainElement.java:51)
	at org.apache.hc.client5.http.impl.classic.RedirectExec.execute(RedirectExec.java:110)
	at org.apache.hc.client5.http.impl.classic.ExecChainElement.execute(ExecChainElement.java:51)
	at org.apache.hc.client5.http.impl.classic.InternalHttpClient.doExecute(InternalHttpClient.java:174)
	at org.apache.hc.client5.http.impl.classic.CloseableHttpClient.execute(CloseableHttpClient.java:87)
	at org.apache.hc.client5.http.impl.classic.CloseableHttpClient.execute(CloseableHttpClient.java:55)
	at org.apache.hc.client5.http.classic.HttpClient.executeOpen(HttpClient.java:183)
	at org.springframework.http.client.HttpComponentsClientHttpRequest.executeInternal(HttpComponentsClientHttpRequest.java:99)
	at org.springframework.http.client.AbstractStreamingClientHttpRequest.executeInternal(AbstractStreamingClientHttpRequest.java:71)
	at org.springframework.http.client.AbstractClientHttpRequest.execute(AbstractClientHttpRequest.java:81)
	at org.springframework.http.client.InterceptingClientHttpRequest$InterceptingRequestExecution.execute(InterceptingClientHttpRequest.java:117)
	at org.springframework.cloud.netflix.eureka.http.RestTemplateTransportClientFactory.lambda$restTemplate$3(RestTemplateTransportClientFactory.java:141)
	at org.springframework.http.client.InterceptingClientHttpRequest$InterceptingRequestExecution.execute(InterceptingClientHttpRequest.java:88)
	at org.springframework.http.client.InterceptingClientHttpRequest.executeInternal(InterceptingClientHttpRequest.java:72)
	at org.springframework.http.client.AbstractBufferingClientHttpRequest.executeInternal(AbstractBufferingClientHttpRequest.java:48)
	at org.springframework.http.client.AbstractClientHttpRequest.execute(AbstractClientHttpRequest.java:81)
	at org.springframework.web.client.RestTemplate.doExecute(RestTemplate.java:900)
	... 37 more

2026-08-16T13:42:48.623+05:30  WARN 16788 --- [user] [SpringApplicationShutdownHook] c.n.d.s.t.d.RetryableEurekaHttpClient    : Request execution failed with message: I/O error on DELETE request for "http://localhost:8761/eureka/apps/USER/LAPTOP-5SP7S7OV:user:8082": Connect to http://localhost:8761 [localhost/127.0.0.1, localhost/0:0:0:0:0:0:0:1] failed: Connection refused: getsockopt
2026-08-16T13:42:48.664+05:30  INFO 16788 --- [user] [SpringApplicationShutdownHook] c.n.d.s.t.d.RedirectingEurekaHttpClient  : Request execution error. endpoint=DefaultEndpoint{ serviceUrl='http://localhost:8761/eureka/}, exception=I/O error on DELETE request for "http://localhost:8761/eureka/apps/USER/LAPTOP-5SP7S7OV:user:8082": Connect to http://localhost:8761 [localhost/127.0.0.1, localhost/0:0:0:0:0:0:0:1] failed: Connection refused: getsockopt stacktrace=org.springframework.web.client.ResourceAccessException: I/O error on DELETE request for "http://localhost:8761/eureka/apps/USER/LAPTOP-5SP7S7OV:user:8082": Connect to http://localhost:8761 [localhost/127.0.0.1, localhost/0:0:0:0:0:0:0:1] failed: Connection refused: getsockopt
	at org.springframework.web.client.RestTemplate.createResourceAccessException(RestTemplate.java:926)
	at org.springframework.web.client.RestTemplate.doExecute(RestTemplate.java:906)
	at org.springframework.web.client.RestTemplate.execute(RestTemplate.java:841)
	at org.springframework.web.client.RestTemplate.exchange(RestTemplate.java:702)
	at org.springframework.cloud.netflix.eureka.http.RestTemplateEurekaHttpClient.cancel(RestTemplateEurekaHttpClient.java:100)
	at com.netflix.discovery.shared.transport.decorator.EurekaHttpClientDecorator$2.execute(EurekaHttpClientDecorator.java:74)
	at com.netflix.discovery.shared.transport.decorator.RedirectingEurekaHttpClient.executeOnNewServer(RedirectingEurekaHttpClient.java:121)
	at com.netflix.discovery.shared.transport.decorator.RedirectingEurekaHttpClient.execute(RedirectingEurekaHttpClient.java:80)
	at com.netflix.discovery.shared.transport.decorator.EurekaHttpClientDecorator.cancel(EurekaHttpClientDecorator.java:71)
	at com.netflix.discovery.shared.transport.decorator.EurekaHttpClientDecorator$2.execute(EurekaHttpClientDecorator.java:74)
	at com.netflix.discovery.shared.transport.decorator.RetryableEurekaHttpClient.execute(RetryableEurekaHttpClient.java:120)
	at com.netflix.discovery.shared.transport.decorator.EurekaHttpClientDecorator.cancel(EurekaHttpClientDecorator.java:71)
	at com.netflix.discovery.shared.transport.decorator.EurekaHttpClientDecorator$2.execute(EurekaHttpClientDecorator.java:74)
	at com.netflix.discovery.shared.transport.decorator.SessionedEurekaHttpClient.execute(SessionedEurekaHttpClient.java:76)
	at com.netflix.discovery.shared.transport.decorator.EurekaHttpClientDecorator.cancel(EurekaHttpClientDecorator.java:71)
	at com.netflix.discovery.DiscoveryClient.unregister(DiscoveryClient.java:919)
	at com.netflix.discovery.DiscoveryClient.shutdown(DiscoveryClient.java:900)
	at java.base/jdk.internal.reflect.DirectMethodHandleAccessor.invoke(DirectMethodHandleAccessor.java:103)
	at java.base/java.lang.reflect.Method.invoke(Method.java:580)
	at org.springframework.beans.factory.annotation.InitDestroyAnnotationBeanPostProcessor$LifecycleMethod.invoke(InitDestroyAnnotationBeanPostProcessor.java:457)
	at org.springframework.beans.factory.annotation.InitDestroyAnnotationBeanPostProcessor$LifecycleMetadata.invokeDestroyMethods(InitDestroyAnnotationBeanPostProcessor.java:415)
	at org.springframework.beans.factory.annotation.InitDestroyAnnotationBeanPostProcessor.postProcessBeforeDestruction(InitDestroyAnnotationBeanPostProcessor.java:239)
	at org.springframework.beans.factory.support.DisposableBeanAdapter.destroy(DisposableBeanAdapter.java:202)
	at org.springframework.beans.factory.support.DisposableBeanAdapter.run(DisposableBeanAdapter.java:195)
	at org.springframework.cloud.context.scope.GenericScope$BeanLifecycleWrapper.destroy(GenericScope.java:389)
	at org.springframework.cloud.context.scope.GenericScope.destroy(GenericScope.java:136)
	at org.springframework.beans.factory.support.DisposableBeanAdapter.destroy(DisposableBeanAdapter.java:211)
	at org.springframework.beans.factory.support.DefaultSingletonBeanRegistry.destroyBean(DefaultSingletonBeanRegistry.java:668)
	at org.springframework.beans.factory.support.DefaultSingletonBeanRegistry.destroySingleton(DefaultSingletonBeanRegistry.java:625)
	at org.springframework.beans.factory.support.DefaultListableBeanFactory.destroySingleton(DefaultListableBeanFactory.java:1368)
	at org.springframework.beans.factory.support.DefaultSingletonBeanRegistry.destroySingletons(DefaultSingletonBeanRegistry.java:584)
	at org.springframework.beans.factory.support.DefaultListableBeanFactory.destroySingletons(DefaultListableBeanFactory.java:1361)
	at org.springframework.context.support.AbstractApplicationContext.destroyBeans(AbstractApplicationContext.java:1219)
	at org.springframework.context.support.AbstractApplicationContext.doClose(AbstractApplicationContext.java:1180)
	at org.springframework.boot.web.servlet.context.ServletWebServerApplicationContext.doClose(ServletWebServerApplicationContext.java:174)
	at org.springframework.context.support.AbstractApplicationContext.close(AbstractApplicationContext.java:1126)
	at org.springframework.boot.SpringApplicationShutdownHook.closeAndWait(SpringApplicationShutdownHook.java:147)
	at java.base/java.lang.Iterable.forEach(Iterable.java:75)
	at org.springframework.boot.SpringApplicationShutdownHook.run(SpringApplicationShutdownHook.java:116)
	at java.base/java.lang.Thread.run(Thread.java:1570)
Caused by: org.apache.hc.client5.http.HttpHostConnectException: Connect to http://localhost:8761 [localhost/127.0.0.1, localhost/0:0:0:0:0:0:0:1] failed: Connection refused: getsockopt
	at java.base/sun.nio.ch.Net.pollConnect(Native Method)
	at java.base/sun.nio.ch.Net.pollConnectNow(Net.java:682)
	at java.base/sun.nio.ch.NioSocketImpl.timedFinishConnect(NioSocketImpl.java:542)
	at java.base/sun.nio.ch.NioSocketImpl.connect(NioSocketImpl.java:592)
	at java.base/java.net.SocksSocketImpl.connect(SocksSocketImpl.java:327)
	at java.base/java.net.Socket.connect(Socket.java:752)
	at org.apache.hc.client5.http.impl.io.DefaultHttpClientConnectionOperator.connect(DefaultHttpClientConnectionOperator.java:216)
	at org.apache.hc.client5.http.impl.io.PoolingHttpClientConnectionManager.connect(PoolingHttpClientConnectionManager.java:490)
	at org.apache.hc.client5.http.impl.classic.InternalExecRuntime.connectEndpoint(InternalExecRuntime.java:164)
	at org.apache.hc.client5.http.impl.classic.InternalExecRuntime.connectEndpoint(InternalExecRuntime.java:174)
	at org.apache.hc.client5.http.impl.classic.ConnectExec.execute(ConnectExec.java:144)
	at org.apache.hc.client5.http.impl.classic.ExecChainElement.execute(ExecChainElement.java:51)
	at org.apache.hc.client5.http.impl.classic.ProtocolExec.execute(ProtocolExec.java:192)
	at org.apache.hc.client5.http.impl.classic.ExecChainElement.execute(ExecChainElement.java:51)
	at org.apache.hc.client5.http.impl.classic.ContentCompressionExec.execute(ContentCompressionExec.java:150)
	at org.apache.hc.client5.http.impl.classic.ExecChainElement.execute(ExecChainElement.java:51)
	at org.apache.hc.client5.http.impl.classic.HttpRequestRetryExec.execute(HttpRequestRetryExec.java:113)
	at org.apache.hc.client5.http.impl.classic.ExecChainElement.execute(ExecChainElement.java:51)
	at org.apache.hc.client5.http.impl.classic.RedirectExec.execute(RedirectExec.java:110)
	at org.apache.hc.client5.http.impl.classic.ExecChainElement.execute(ExecChainElement.java:51)
	at org.apache.hc.client5.http.impl.classic.InternalHttpClient.doExecute(InternalHttpClient.java:174)
	at org.apache.hc.client5.http.impl.classic.CloseableHttpClient.execute(CloseableHttpClient.java:87)
	at org.apache.hc.client5.http.impl.classic.CloseableHttpClient.execute(CloseableHttpClient.java:55)
	at org.apache.hc.client5.http.classic.HttpClient.executeOpen(HttpClient.java:183)
	at org.springframework.http.client.HttpComponentsClientHttpRequest.executeInternal(HttpComponentsClientHttpRequest.java:99)
	at org.springframework.http.client.AbstractStreamingClientHttpRequest.executeInternal(AbstractStreamingClientHttpRequest.java:71)
	at org.springframework.http.client.AbstractClientHttpRequest.execute(AbstractClientHttpRequest.java:81)
	at org.springframework.http.client.InterceptingClientHttpRequest$InterceptingRequestExecution.execute(InterceptingClientHttpRequest.java:117)
	at org.springframework.cloud.netflix.eureka.http.RestTemplateTransportClientFactory.lambda$restTemplate$3(RestTemplateTransportClientFactory.java:141)
	at org.springframework.http.client.InterceptingClientHttpRequest$InterceptingRequestExecution.execute(InterceptingClientHttpRequest.java:88)
	at org.springframework.http.client.InterceptingClientHttpRequest.executeInternal(InterceptingClientHttpRequest.java:72)
	at org.springframework.http.client.AbstractBufferingClientHttpRequest.executeInternal(AbstractBufferingClientHttpRequest.java:48)
	at org.springframework.http.client.AbstractClientHttpRequest.execute(AbstractClientHttpRequest.java:81)
	at org.springframework.web.client.RestTemplate.doExecute(RestTemplate.java:900)
	... 38 more

2026-08-16T13:42:48.665+05:30  WARN 16788 --- [user] [SpringApplicationShutdownHook] c.n.d.s.t.d.RetryableEurekaHttpClient    : Request execution failed with message: I/O error on DELETE request for "http://localhost:8761/eureka/apps/USER/LAPTOP-5SP7S7OV:user:8082": Connect to http://localhost:8761 [localhost/127.0.0.1, localhost/0:0:0:0:0:0:0:1] failed: Connection refused: getsockopt
2026-08-16T13:42:48.665+05:30 ERROR 16788 --- [user] [SpringApplicationShutdownHook] com.netflix.discovery.DiscoveryClient    : DiscoveryClient_USER/LAPTOP-5SP7S7OV:user:8082 - de-registration failedCannot execute request on any known server

com.netflix.discovery.shared.transport.TransportException: Cannot execute request on any known server
	at com.netflix.discovery.shared.transport.decorator.RetryableEurekaHttpClient.execute(RetryableEurekaHttpClient.java:112) ~[eureka-client-2.0.4.jar:2.0.4]
	at com.netflix.discovery.shared.transport.decorator.EurekaHttpClientDecorator.cancel(EurekaHttpClientDecorator.java:71) ~[eureka-client-2.0.4.jar:2.0.4]
	at com.netflix.discovery.shared.transport.decorator.EurekaHttpClientDecorator$2.execute(EurekaHttpClientDecorator.java:74) ~[eureka-client-2.0.4.jar:2.0.4]
	at com.netflix.discovery.shared.transport.decorator.SessionedEurekaHttpClient.execute(SessionedEurekaHttpClient.java:76) ~[eureka-client-2.0.4.jar:2.0.4]
	at com.netflix.discovery.shared.transport.decorator.EurekaHttpClientDecorator.cancel(EurekaHttpClientDecorator.java:71) ~[eureka-client-2.0.4.jar:2.0.4]
	at com.netflix.discovery.DiscoveryClient.unregister(DiscoveryClient.java:919) ~[eureka-client-2.0.4.jar:2.0.4]
	at com.netflix.discovery.DiscoveryClient.shutdown(DiscoveryClient.java:900) ~[eureka-client-2.0.4.jar:2.0.4]
	at java.base/jdk.internal.reflect.DirectMethodHandleAccessor.invoke(DirectMethodHandleAccessor.java:103) ~[na:na]
	at java.base/java.lang.reflect.Method.invoke(Method.java:580) ~[na:na]
	at org.springframework.beans.factory.annotation.InitDestroyAnnotationBeanPostProcessor$LifecycleMethod.invoke(InitDestroyAnnotationBeanPostProcessor.java:457) ~[spring-beans-6.2.1.jar:6.2.1]
	at org.springframework.beans.factory.annotation.InitDestroyAnnotationBeanPostProcessor$LifecycleMetadata.invokeDestroyMethods(InitDestroyAnnotationBeanPostProcessor.java:415) ~[spring-beans-6.2.1.jar:6.2.1]
	at org.springframework.beans.factory.annotation.InitDestroyAnnotationBeanPostProcessor.postProcessBeforeDestruction(InitDestroyAnnotationBeanPostProcessor.java:239) ~[spring-beans-6.2.1.jar:6.2.1]
	at org.springframework.beans.factory.support.DisposableBeanAdapter.destroy(DisposableBeanAdapter.java:202) ~[spring-beans-6.2.1.jar:6.2.1]
	at org.springframework.beans.factory.support.DisposableBeanAdapter.run(DisposableBeanAdapter.java:195) ~[spring-beans-6.2.1.jar:6.2.1]
	at org.springframework.cloud.context.scope.GenericScope$BeanLifecycleWrapper.destroy(GenericScope.java:389) ~[spring-cloud-context-4.2.0.jar:4.2.0]
	at org.springframework.cloud.context.scope.GenericScope.destroy(GenericScope.java:136) ~[spring-cloud-context-4.2.0.jar:4.2.0]
	at org.springframework.beans.factory.support.DisposableBeanAdapter.destroy(DisposableBeanAdapter.java:211) ~[spring-beans-6.2.1.jar:6.2.1]
	at org.springframework.beans.factory.support.DefaultSingletonBeanRegistry.destroyBean(DefaultSingletonBeanRegistry.java:668) ~[spring-beans-6.2.1.jar:6.2.1]
	at org.springframework.beans.factory.support.DefaultSingletonBeanRegistry.destroySingleton(DefaultSingletonBeanRegistry.java:625) ~[spring-beans-6.2.1.jar:6.2.1]
	at org.springframework.beans.factory.support.DefaultListableBeanFactory.destroySingleton(DefaultListableBeanFactory.java:1368) ~[spring-beans-6.2.1.jar:6.2.1]
	at org.springframework.beans.factory.support.DefaultSingletonBeanRegistry.destroySingletons(DefaultSingletonBeanRegistry.java:584) ~[spring-beans-6.2.1.jar:6.2.1]
	at org.springframework.beans.factory.support.DefaultListableBeanFactory.destroySingletons(DefaultListableBeanFactory.java:1361) ~[spring-beans-6.2.1.jar:6.2.1]
	at org.springframework.context.support.AbstractApplicationContext.destroyBeans(AbstractApplicationContext.java:1219) ~[spring-context-6.2.1.jar:6.2.1]
	at org.springframework.context.support.AbstractApplicationContext.doClose(AbstractApplicationContext.java:1180) ~[spring-context-6.2.1.jar:6.2.1]
	at org.springframework.boot.web.servlet.context.ServletWebServerApplicationContext.doClose(ServletWebServerApplicationContext.java:174) ~[spring-boot-3.4.1.jar:3.4.1]
	at org.springframework.context.support.AbstractApplicationContext.close(AbstractApplicationContext.java:1126) ~[spring-context-6.2.1.jar:6.2.1]
	at org.springframework.boot.SpringApplicationShutdownHook.closeAndWait(SpringApplicationShutdownHook.java:147) ~[spring-boot-3.4.1.jar:3.4.1]
	at java.base/java.lang.Iterable.forEach(Iterable.java:75) ~[na:na]
	at org.springframework.boot.SpringApplicationShutdownHook.run(SpringApplicationShutdownHook.java:116) ~[spring-boot-3.4.1.jar:3.4.1]
	at java.base/java.lang.Thread.run(Thread.java:1570) ~[na:na]

2026-08-16T13:42:48.667+05:30  INFO 16788 --- [user] [SpringApplicationShutdownHook] com.netflix.discovery.DiscoveryClient    : Completed shut down of DiscoveryClient
2026-08-16T13:49:14.028+05:30  INFO 20916 --- [user] [restartedMain] com.ecommerce.user.UserApplication       : Starting UserApplication using Java 22.0.2 with PID 20916 (C:\Java_Projects\Updated_Ecom_Project\user\target\classes started by baibh in C:\Java_Projects\Updated_Ecom_Project)
2026-08-16T13:49:14.039+05:30  INFO 20916 --- [user] [restartedMain] com.ecommerce.user.UserApplication       : No active profile set, falling back to 1 default profile: "default"
2026-08-16T13:49:14.176+05:30  INFO 20916 --- [user] [restartedMain] o.s.c.c.c.ConfigServerConfigDataLoader   : Fetching config from server at : http://localhost:8888
2026-08-16T13:49:14.177+05:30  INFO 20916 --- [user] [restartedMain] o.s.c.c.c.ConfigServerConfigDataLoader   : Located environment: name=user, profiles=[default], label=null, version=null, state=null
2026-08-16T13:49:14.183+05:30  INFO 20916 --- [user] [restartedMain] .e.DevToolsPropertyDefaultsPostProcessor : Devtools property defaults active! Set 'spring.devtools.add-properties' to 'false' to disable
2026-08-16T13:49:14.186+05:30  INFO 20916 --- [user] [restartedMain] .e.DevToolsPropertyDefaultsPostProcessor : For additional web related logging consider setting the 'logging.level.web' property to 'DEBUG'
2026-08-16T13:49:18.404+05:30  INFO 20916 --- [user] [restartedMain] .s.d.r.c.RepositoryConfigurationDelegate : Bootstrapping Spring Data JPA repositories in DEFAULT mode.
2026-08-16T13:49:19.029+05:30  INFO 20916 --- [user] [restartedMain] .s.d.r.c.RepositoryConfigurationDelegate : Finished Spring Data repository scanning in 567 ms. Found 1 JPA repository interface.
2026-08-16T13:49:21.053+05:30  INFO 20916 --- [user] [restartedMain] o.s.cloud.context.scope.GenericScope     : BeanFactory id=f5f76aed-b3b1-3238-9ea7-b193f4a7ea29
2026-08-16T13:49:23.856+05:30  INFO 20916 --- [user] [restartedMain] o.s.b.w.embedded.tomcat.TomcatWebServer  : Tomcat initialized with port 8082 (http)
2026-08-16T13:49:23.895+05:30  INFO 20916 --- [user] [restartedMain] o.apache.catalina.core.StandardService   : Starting service [Tomcat]
2026-08-16T13:49:23.897+05:30  INFO 20916 --- [user] [restartedMain] o.apache.catalina.core.StandardEngine    : Starting Servlet engine: [Apache Tomcat/10.1.34]
2026-08-16T13:49:24.084+05:30  INFO 20916 --- [user] [restartedMain] o.a.c.c.C.[Tomcat].[localhost].[/]       : Initializing Spring embedded WebApplicationContext
2026-08-16T13:49:24.085+05:30  INFO 20916 --- [user] [restartedMain] w.s.c.ServletWebServerApplicationContext : Root WebApplicationContext: initialization completed in 9897 ms
2026-08-16T13:49:25.289+05:30  INFO 20916 --- [user] [restartedMain] o.hibernate.jpa.internal.util.LogHelper  : HHH000204: Processing PersistenceUnitInfo [name: default]
2026-08-16T13:49:25.594+05:30  INFO 20916 --- [user] [restartedMain] org.hibernate.Version                    : HHH000412: Hibernate ORM core version 6.6.4.Final
2026-08-16T13:49:25.704+05:30  INFO 20916 --- [user] [restartedMain] o.h.c.internal.RegionFactoryInitiator    : HHH000026: Second-level cache disabled
2026-08-16T13:49:27.186+05:30  INFO 20916 --- [user] [restartedMain] o.s.o.j.p.SpringPersistenceUnitInfo      : No LoadTimeWeaver setup: ignoring JPA class transformer
2026-08-16T13:49:27.295+05:30  INFO 20916 --- [user] [restartedMain] com.zaxxer.hikari.HikariDataSource       : HikariPool-1 - Starting...
2026-08-16T13:49:28.965+05:30  INFO 20916 --- [user] [restartedMain] com.zaxxer.hikari.pool.HikariPool        : HikariPool-1 - Added connection com.mysql.cj.jdbc.ConnectionImpl@3675c615
2026-08-16T13:49:28.971+05:30  INFO 20916 --- [user] [restartedMain] com.zaxxer.hikari.HikariDataSource       : HikariPool-1 - Start completed.
2026-08-16T13:49:29.166+05:30  WARN 20916 --- [user] [restartedMain] org.hibernate.orm.deprecation            : HHH90000025: MySQL8Dialect does not need to be specified explicitly using 'hibernate.dialect' (remove the property setting and it will be selected by default)
2026-08-16T13:49:29.173+05:30  WARN 20916 --- [user] [restartedMain] org.hibernate.orm.deprecation            : HHH90000026: MySQL8Dialect has been deprecated; use org.hibernate.dialect.MySQLDialect instead
2026-08-16T13:49:29.243+05:30  INFO 20916 --- [user] [restartedMain] org.hibernate.orm.connections.pooling    : HHH10001005: Database info:
	Database JDBC URL [Connecting through datasource 'HikariDataSource (HikariPool-1)']
	Database driver: undefined/unknown
	Database version: 8.0
	Autocommit mode: undefined/unknown
	Isolation level: undefined/unknown
	Minimum pool size: undefined/unknown
	Maximum pool size: undefined/unknown
2026-08-16T13:49:33.419+05:30  INFO 20916 --- [user] [restartedMain] o.h.e.t.j.p.i.JtaPlatformInitiator       : HHH000489: No JTA platform available (set 'hibernate.transaction.jta.platform' to enable JTA platform integration)
2026-08-16T13:49:33.558+05:30  INFO 20916 --- [user] [restartedMain] j.LocalContainerEntityManagerFactoryBean : Initialized JPA EntityManagerFactory for persistence unit 'default'
2026-08-16T13:49:35.542+05:30  INFO 20916 --- [user] [restartedMain] eAuthenticationProviderManagerConfigurer : Global AuthenticationManager configured with AuthenticationProvider bean with name authProvider
2026-08-16T13:49:35.551+05:30  WARN 20916 --- [user] [restartedMain] r$InitializeUserDetailsManagerConfigurer : Global AuthenticationManager configured with an AuthenticationProvider bean. UserDetailsService beans will not be used by Spring Security for automatically configuring username/password login. Consider removing the AuthenticationProvider bean. Alternatively, consider using the UserDetailsService in a manually instantiated DaoAuthenticationProvider. If the current configuration is intentional, to turn off this warning, increase the logging level of 'org.springframework.security.config.annotation.authentication.configuration.InitializeUserDetailsBeanManagerConfigurer' to ERROR
2026-08-16T13:49:35.995+05:30  WARN 20916 --- [user] [restartedMain] JpaBaseConfiguration$JpaWebConfiguration : spring.jpa.open-in-view is enabled by default. Therefore, database queries may be performed during view rendering. Explicitly configure spring.jpa.open-in-view to disable this warning
2026-08-16T13:49:38.224+05:30  INFO 20916 --- [user] [restartedMain] o.s.b.a.e.web.EndpointLinksResolver      : Exposing 18 endpoints beneath base path '/actuator'
2026-08-16T13:49:39.657+05:30  WARN 20916 --- [user] [restartedMain] o.s.b.d.a.OptionalLiveReloadServer       : Unable to start LiveReload server
2026-08-16T13:49:39.725+05:30  INFO 20916 --- [user] [restartedMain] DiscoveryClientOptionalArgsConfiguration : Eureka HTTP Client uses RestTemplate.
2026-08-16T13:49:39.945+05:30  WARN 20916 --- [user] [restartedMain] iguration$LoadBalancerCaffeineWarnLogger : Spring Cloud LoadBalancer is currently working with the default cache. While this cache implementation is useful for development and tests, it's recommended to use Caffeine cache in production.You can switch to using Caffeine cache, by adding it and org.springframework.cache.caffeine.CaffeineCacheManager to the classpath.
2026-08-16T13:49:40.178+05:30  INFO 20916 --- [user] [restartedMain] o.s.c.n.eureka.InstanceInfoFactory       : Setting initial instance status as: STARTING
2026-08-16T13:49:40.248+05:30  INFO 20916 --- [user] [restartedMain] com.netflix.discovery.DiscoveryClient    : Initializing Eureka in region us-east-1
2026-08-16T13:49:40.257+05:30  INFO 20916 --- [user] [restartedMain] c.n.d.s.r.aws.ConfigClusterResolver      : Resolving eureka endpoints via configuration
2026-08-16T13:49:40.279+05:30  INFO 20916 --- [user] [restartedMain] com.netflix.discovery.DiscoveryClient    : Disable delta property : false
2026-08-16T13:49:40.280+05:30  INFO 20916 --- [user] [restartedMain] com.netflix.discovery.DiscoveryClient    : Single vip registry refresh property : null
2026-08-16T13:49:40.280+05:30  INFO 20916 --- [user] [restartedMain] com.netflix.discovery.DiscoveryClient    : Force full registry fetch : false
2026-08-16T13:49:40.281+05:30  INFO 20916 --- [user] [restartedMain] com.netflix.discovery.DiscoveryClient    : Application is null : false
2026-08-16T13:49:40.281+05:30  INFO 20916 --- [user] [restartedMain] com.netflix.discovery.DiscoveryClient    : Registered Applications size is zero : true
2026-08-16T13:49:40.281+05:30  INFO 20916 --- [user] [restartedMain] com.netflix.discovery.DiscoveryClient    : Application version is -1: true
2026-08-16T13:49:40.282+05:30  INFO 20916 --- [user] [restartedMain] com.netflix.discovery.DiscoveryClient    : Getting all instance registry info from the eureka server
2026-08-16T13:49:41.067+05:30  INFO 20916 --- [user] [restartedMain] com.netflix.discovery.DiscoveryClient    : The response status is 200
2026-08-16T13:49:41.070+05:30  INFO 20916 --- [user] [restartedMain] com.netflix.discovery.DiscoveryClient    : Starting heartbeat executor: renew interval is: 30
2026-08-16T13:49:41.074+05:30  INFO 20916 --- [user] [restartedMain] c.n.discovery.InstanceInfoReplicator     : InstanceInfoReplicator onDemand update allowed rate per min is 4
2026-08-16T13:49:41.077+05:30  INFO 20916 --- [user] [restartedMain] com.netflix.discovery.DiscoveryClient    : Discovery Client initialized at timestamp 1786868381076 with initial instances count: 0
2026-08-16T13:49:41.092+05:30  INFO 20916 --- [user] [restartedMain] o.s.c.n.e.s.EurekaServiceRegistry        : Registering application USER with eureka with status UP
2026-08-16T13:49:41.094+05:30  INFO 20916 --- [user] [restartedMain] com.netflix.discovery.DiscoveryClient    : Saw local status change event StatusChangeEvent [timestamp=1786868381093, current=UP, previous=STARTING]
2026-08-16T13:49:41.098+05:30  INFO 20916 --- [user] [DiscoveryClient-InstanceInfoReplicator-%d] com.netflix.discovery.DiscoveryClient    : DiscoveryClient_USER/LAPTOP-5SP7S7OV:user:8082: registering service...
2026-08-16T13:49:41.140+05:30  INFO 20916 --- [user] [restartedMain] o.s.b.w.embedded.tomcat.TomcatWebServer  : Tomcat started on port 8082 (http) with context path '/'
2026-08-16T13:49:41.142+05:30  INFO 20916 --- [user] [restartedMain] .s.c.n.e.s.EurekaAutoServiceRegistration : Updating port to 8082
2026-08-16T13:49:41.191+05:30  INFO 20916 --- [user] [DiscoveryClient-InstanceInfoReplicator-%d] com.netflix.discovery.DiscoveryClient    : DiscoveryClient_USER/LAPTOP-5SP7S7OV:user:8082 - registration status: 204
2026-08-16T13:49:41.201+05:30  INFO 20916 --- [user] [restartedMain] com.ecommerce.user.UserApplication       : Started UserApplication in 31.245 seconds (process running for 33.591)
2026-08-16T13:50:11.082+05:30  INFO 20916 --- [user] [DiscoveryClient-CacheRefreshExecutor-%d] com.netflix.discovery.DiscoveryClient    : Disable delta property : false
2026-08-16T13:50:11.083+05:30  INFO 20916 --- [user] [DiscoveryClient-CacheRefreshExecutor-%d] com.netflix.discovery.DiscoveryClient    : Single vip registry refresh property : null
2026-08-16T13:50:11.083+05:30  INFO 20916 --- [user] [DiscoveryClient-CacheRefreshExecutor-%d] com.netflix.discovery.DiscoveryClient    : Force full registry fetch : false
2026-08-16T13:50:11.083+05:30  INFO 20916 --- [user] [DiscoveryClient-CacheRefreshExecutor-%d] com.netflix.discovery.DiscoveryClient    : Application is null : false
2026-08-16T13:50:11.083+05:30  INFO 20916 --- [user] [DiscoveryClient-CacheRefreshExecutor-%d] com.netflix.discovery.DiscoveryClient    : Registered Applications size is zero : true
2026-08-16T13:50:11.084+05:30  INFO 20916 --- [user] [DiscoveryClient-CacheRefreshExecutor-%d] com.netflix.discovery.DiscoveryClient    : Application version is -1: false
2026-08-16T13:50:11.084+05:30  INFO 20916 --- [user] [DiscoveryClient-CacheRefreshExecutor-%d] com.netflix.discovery.DiscoveryClient    : Getting all instance registry info from the eureka server
2026-08-16T13:50:11.123+05:30  INFO 20916 --- [user] [DiscoveryClient-CacheRefreshExecutor-%d] com.netflix.discovery.DiscoveryClient    : The response status is 200
2026-08-16T13:50:24.029+05:30  INFO 20916 --- [user] [http-nio-8082-exec-1] o.a.c.c.C.[Tomcat].[localhost].[/]       : Initializing Spring DispatcherServlet 'dispatcherServlet'
2026-08-16T13:50:24.029+05:30  INFO 20916 --- [user] [http-nio-8082-exec-1] o.s.web.servlet.DispatcherServlet        : Initializing Servlet 'dispatcherServlet'
2026-08-16T13:50:24.032+05:30  INFO 20916 --- [user] [http-nio-8082-exec-1] o.s.web.servlet.DispatcherServlet        : Completed initialization in 1 ms
2026-08-16T13:50:24.179+05:30 ERROR 20916 --- [user] [http-nio-8082-exec-1] c.e.u.exception.GlobalExceptionHandler   : Unhandled exception at /api/public/users/login: Validation failed for argument [0] in public org.springframework.http.ResponseEntity<?> com.ecommerce.user.controller.UserController.createUser(com.ecommerce.user.dto.UserRequest) with 4 errors: [Field error in object 'userRequest' on field 'password': rejected value [12]; codes [Size.userRequest.password,Size.password,Size.java.lang.String,Size]; arguments [org.springframework.context.support.DefaultMessageSourceResolvable: codes [userRequest.password,password]; arguments []; default message [password],2147483647,8]; default message [Password must be at least 8 characters]] [Field error in object 'userRequest' on field 'email': rejected value [null]; codes [NotBlank.userRequest.email,NotBlank.email,NotBlank.java.lang.String,NotBlank]; arguments [org.springframework.context.support.DefaultMessageSourceResolvable: codes [userRequest.email,email]; arguments []; default message [email]]; default message [Email is required]] [Field error in object 'userRequest' on field 'phone': rejected value [null]; codes [NotBlank.userRequest.phone,NotBlank.phone,NotBlank.java.lang.String,NotBlank]; arguments [org.springframework.context.support.DefaultMessageSourceResolvable: codes [userRequest.phone,phone]; arguments []; default message [phone]]; default message [Phone is required]] [Field error in object 'userRequest' on field 'role': rejected value [null]; codes [NotBlank.userRequest.role,NotBlank.role,NotBlank.java.lang.String,NotBlank]; arguments [org.springframework.context.support.DefaultMessageSourceResolvable: codes [userRequest.role,role]; arguments []; default message [role]]; default message [Password is required]] 

org.springframework.web.bind.MethodArgumentNotValidException: Validation failed for argument [0] in public org.springframework.http.ResponseEntity<?> com.ecommerce.user.controller.UserController.createUser(com.ecommerce.user.dto.UserRequest) with 4 errors: [Field error in object 'userRequest' on field 'password': rejected value [12]; codes [Size.userRequest.password,Size.password,Size.java.lang.String,Size]; arguments [org.springframework.context.support.DefaultMessageSourceResolvable: codes [userRequest.password,password]; arguments []; default message [password],2147483647,8]; default message [Password must be at least 8 characters]] [Field error in object 'userRequest' on field 'email': rejected value [null]; codes [NotBlank.userRequest.email,NotBlank.email,NotBlank.java.lang.String,NotBlank]; arguments [org.springframework.context.support.DefaultMessageSourceResolvable: codes [userRequest.email,email]; arguments []; default message [email]]; default message [Email is required]] [Field error in object 'userRequest' on field 'phone': rejected value [null]; codes [NotBlank.userRequest.phone,NotBlank.phone,NotBlank.java.lang.String,NotBlank]; arguments [org.springframework.context.support.DefaultMessageSourceResolvable: codes [userRequest.phone,phone]; arguments []; default message [phone]]; default message [Phone is required]] [Field error in object 'userRequest' on field 'role': rejected value [null]; codes [NotBlank.userRequest.role,NotBlank.role,NotBlank.java.lang.String,NotBlank]; arguments [org.springframework.context.support.DefaultMessageSourceResolvable: codes [userRequest.role,role]; arguments []; default message [role]]; default message [Password is required]] 
	at org.springframework.web.servlet.mvc.method.annotation.RequestResponseBodyMethodProcessor.resolveArgument(RequestResponseBodyMethodProcessor.java:159) ~[spring-webmvc-6.2.1.jar:6.2.1]
	at org.springframework.web.method.support.HandlerMethodArgumentResolverComposite.resolveArgument(HandlerMethodArgumentResolverComposite.java:122) ~[spring-web-6.2.1.jar:6.2.1]
	at org.springframework.web.method.support.InvocableHandlerMethod.getMethodArgumentValues(InvocableHandlerMethod.java:226) ~[spring-web-6.2.1.jar:6.2.1]
	at org.springframework.web.method.support.InvocableHandlerMethod.invokeForRequest(InvocableHandlerMethod.java:180) ~[spring-web-6.2.1.jar:6.2.1]
	at org.springframework.web.servlet.mvc.method.annotation.ServletInvocableHandlerMethod.invokeAndHandle(ServletInvocableHandlerMethod.java:118) ~[spring-webmvc-6.2.1.jar:6.2.1]
	at org.springframework.web.servlet.mvc.method.annotation.RequestMappingHandlerAdapter.invokeHandlerMethod(RequestMappingHandlerAdapter.java:986) ~[spring-webmvc-6.2.1.jar:6.2.1]
	at org.springframework.web.servlet.mvc.method.annotation.RequestMappingHandlerAdapter.handleInternal(RequestMappingHandlerAdapter.java:891) ~[spring-webmvc-6.2.1.jar:6.2.1]
	at org.springframework.web.servlet.mvc.method.AbstractHandlerMethodAdapter.handle(AbstractHandlerMethodAdapter.java:87) ~[spring-webmvc-6.2.1.jar:6.2.1]
	at org.springframework.web.servlet.DispatcherServlet.doDispatch(DispatcherServlet.java:1088) ~[spring-webmvc-6.2.1.jar:6.2.1]
	at org.springframework.web.servlet.DispatcherServlet.doService(DispatcherServlet.java:978) ~[spring-webmvc-6.2.1.jar:6.2.1]
	at org.springframework.web.servlet.FrameworkServlet.processRequest(FrameworkServlet.java:1014) ~[spring-webmvc-6.2.1.jar:6.2.1]
	at org.springframework.web.servlet.FrameworkServlet.doPost(FrameworkServlet.java:914) ~[spring-webmvc-6.2.1.jar:6.2.1]
	at jakarta.servlet.http.HttpServlet.service(HttpServlet.java:590) ~[tomcat-embed-core-10.1.34.jar:6.0]
	at org.springframework.web.servlet.FrameworkServlet.service(FrameworkServlet.java:885) ~[spring-webmvc-6.2.1.jar:6.2.1]
	at jakarta.servlet.http.HttpServlet.service(HttpServlet.java:658) ~[tomcat-embed-core-10.1.34.jar:6.0]
	at org.apache.catalina.core.ApplicationFilterChain.internalDoFilter(ApplicationFilterChain.java:195) ~[tomcat-embed-core-10.1.34.jar:10.1.34]
	at org.apache.catalina.core.ApplicationFilterChain.doFilter(ApplicationFilterChain.java:140) ~[tomcat-embed-core-10.1.34.jar:10.1.34]
	at org.apache.tomcat.websocket.server.WsFilter.doFilter(WsFilter.java:51) ~[tomcat-embed-websocket-10.1.34.jar:10.1.34]
	at org.apache.catalina.core.ApplicationFilterChain.internalDoFilter(ApplicationFilterChain.java:164) ~[tomcat-embed-core-10.1.34.jar:10.1.34]
	at org.apache.catalina.core.ApplicationFilterChain.doFilter(ApplicationFilterChain.java:140) ~[tomcat-embed-core-10.1.34.jar:10.1.34]
	at org.springframework.web.filter.CompositeFilter$VirtualFilterChain.doFilter(CompositeFilter.java:108) ~[spring-web-6.2.1.jar:6.2.1]
	at org.springframework.security.web.FilterChainProxy.lambda$doFilterInternal$3(FilterChainProxy.java:231) ~[spring-security-web-6.4.2.jar:6.4.2]
	at org.springframework.security.web.ObservationFilterChainDecorator$FilterObservation$SimpleFilterObservation.lambda$wrap$1(ObservationFilterChainDecorator.java:479) ~[spring-security-web-6.4.2.jar:6.4.2]
	at org.springframework.security.web.ObservationFilterChainDecorator$AroundFilterObservation$SimpleAroundFilterObservation.lambda$wrap$1(ObservationFilterChainDecorator.java:340) ~[spring-security-web-6.4.2.jar:6.4.2]
	at org.springframework.security.web.ObservationFilterChainDecorator.lambda$wrapSecured$0(ObservationFilterChainDecorator.java:82) ~[spring-security-web-6.4.2.jar:6.4.2]
	at org.springframework.security.web.ObservationFilterChainDecorator$VirtualFilterChain.doFilter(ObservationFilterChainDecorator.java:128) ~[spring-security-web-6.4.2.jar:6.4.2]
	at org.springframework.security.web.access.intercept.AuthorizationFilter.doFilter(AuthorizationFilter.java:101) ~[spring-security-web-6.4.2.jar:6.4.2]
	at org.springframework.security.web.ObservationFilterChainDecorator$ObservationFilter.wrapFilter(ObservationFilterChainDecorator.java:240) ~[spring-security-web-6.4.2.jar:6.4.2]
	at org.springframework.security.web.ObservationFilterChainDecorator$ObservationFilter.doFilter(ObservationFilterChainDecorator.java:227) ~[spring-security-web-6.4.2.jar:6.4.2]
	at org.springframework.security.web.ObservationFilterChainDecorator$VirtualFilterChain.doFilter(ObservationFilterChainDecorator.java:137) ~[spring-security-web-6.4.2.jar:6.4.2]
	at org.springframework.security.web.access.ExceptionTranslationFilter.doFilter(ExceptionTranslationFilter.java:126) ~[spring-security-web-6.4.2.jar:6.4.2]
	at org.springframework.security.web.access.ExceptionTranslationFilter.doFilter(ExceptionTranslationFilter.java:120) ~[spring-security-web-6.4.2.jar:6.4.2]
	at org.springframework.security.web.ObservationFilterChainDecorator$ObservationFilter.wrapFilter(ObservationFilterChainDecorator.java:240) ~[spring-security-web-6.4.2.jar:6.4.2]
	at org.springframework.security.web.ObservationFilterChainDecorator$ObservationFilter.doFilter(ObservationFilterChainDecorator.java:227) ~[spring-security-web-6.4.2.jar:6.4.2]
	at org.springframework.security.web.ObservationFilterChainDecorator$VirtualFilterChain.doFilter(ObservationFilterChainDecorator.java:137) ~[spring-security-web-6.4.2.jar:6.4.2]
	at org.springframework.security.web.authentication.AnonymousAuthenticationFilter.doFilter(AnonymousAuthenticationFilter.java:100) ~[spring-security-web-6.4.2.jar:6.4.2]
	at org.springframework.security.web.ObservationFilterChainDecorator$ObservationFilter.wrapFilter(ObservationFilterChainDecorator.java:240) ~[spring-security-web-6.4.2.jar:6.4.2]
	at org.springframework.security.web.ObservationFilterChainDecorator$ObservationFilter.doFilter(ObservationFilterChainDecorator.java:227) ~[spring-security-web-6.4.2.jar:6.4.2]
	at org.springframework.security.web.ObservationFilterChainDecorator$VirtualFilterChain.doFilter(ObservationFilterChainDecorator.java:137) ~[spring-security-web-6.4.2.jar:6.4.2]
	at org.springframework.security.web.servletapi.SecurityContextHolderAwareRequestFilter.doFilter(SecurityContextHolderAwareRequestFilter.java:179) ~[spring-security-web-6.4.2.jar:6.4.2]
	at org.springframework.security.web.ObservationFilterChainDecorator$ObservationFilter.wrapFilter(ObservationFilterChainDecorator.java:240) ~[spring-security-web-6.4.2.jar:6.4.2]
	at org.springframework.security.web.ObservationFilterChainDecorator$ObservationFilter.doFilter(ObservationFilterChainDecorator.java:227) ~[spring-security-web-6.4.2.jar:6.4.2]
	at org.springframework.security.web.ObservationFilterChainDecorator$VirtualFilterChain.doFilter(ObservationFilterChainDecorator.java:137) ~[spring-security-web-6.4.2.jar:6.4.2]
	at org.springframework.security.web.savedrequest.RequestCacheAwareFilter.doFilter(RequestCacheAwareFilter.java:63) ~[spring-security-web-6.4.2.jar:6.4.2]
	at org.springframework.security.web.ObservationFilterChainDecorator$ObservationFilter.wrapFilter(ObservationFilterChainDecorator.java:240) ~[spring-security-web-6.4.2.jar:6.4.2]
	at org.springframework.security.web.ObservationFilterChainDecorator$ObservationFilter.doFilter(ObservationFilterChainDecorator.java:227) ~[spring-security-web-6.4.2.jar:6.4.2]
	at org.springframework.security.web.ObservationFilterChainDecorator$VirtualFilterChain.doFilter(ObservationFilterChainDecorator.java:137) ~[spring-security-web-6.4.2.jar:6.4.2]
	at org.springframework.security.web.authentication.logout.LogoutFilter.doFilter(LogoutFilter.java:107) ~[spring-security-web-6.4.2.jar:6.4.2]
	at org.springframework.security.web.authentication.logout.LogoutFilter.doFilter(LogoutFilter.java:93) ~[spring-security-web-6.4.2.jar:6.4.2]
	at org.springframework.security.web.ObservationFilterChainDecorator$ObservationFilter.wrapFilter(ObservationFilterChainDecorator.java:240) ~[spring-security-web-6.4.2.jar:6.4.2]
	at org.springframework.security.web.ObservationFilterChainDecorator$ObservationFilter.doFilter(ObservationFilterChainDecorator.java:227) ~[spring-security-web-6.4.2.jar:6.4.2]
	at org.springframework.security.web.ObservationFilterChainDecorator$VirtualFilterChain.doFilter(ObservationFilterChainDecorator.java:137) ~[spring-security-web-6.4.2.jar:6.4.2]
	at org.springframework.security.web.header.HeaderWriterFilter.doHeadersAfter(HeaderWriterFilter.java:90) ~[spring-security-web-6.4.2.jar:6.4.2]
	at org.springframework.security.web.header.HeaderWriterFilter.doFilterInternal(HeaderWriterFilter.java:75) ~[spring-security-web-6.4.2.jar:6.4.2]
	at org.springframework.web.filter.OncePerRequestFilter.doFilter(OncePerRequestFilter.java:116) ~[spring-web-6.2.1.jar:6.2.1]
	at org.springframework.security.web.ObservationFilterChainDecorator$ObservationFilter.wrapFilter(ObservationFilterChainDecorator.java:240) ~[spring-security-web-6.4.2.jar:6.4.2]
	at org.springframework.security.web.ObservationFilterChainDecorator$ObservationFilter.doFilter(ObservationFilterChainDecorator.java:227) ~[spring-security-web-6.4.2.jar:6.4.2]
	at org.springframework.security.web.ObservationFilterChainDecorator$VirtualFilterChain.doFilter(ObservationFilterChainDecorator.java:137) ~[spring-security-web-6.4.2.jar:6.4.2]
	at org.springframework.security.web.context.SecurityContextHolderFilter.doFilter(SecurityContextHolderFilter.java:82) ~[spring-security-web-6.4.2.jar:6.4.2]
	at org.springframework.security.web.context.SecurityContextHolderFilter.doFilter(SecurityContextHolderFilter.java:69) ~[spring-security-web-6.4.2.jar:6.4.2]
	at org.springframework.security.web.ObservationFilterChainDecorator$ObservationFilter.wrapFilter(ObservationFilterChainDecorator.java:240) ~[spring-security-web-6.4.2.jar:6.4.2]
	at org.springframework.security.web.ObservationFilterChainDecorator$ObservationFilter.doFilter(ObservationFilterChainDecorator.java:227) ~[spring-security-web-6.4.2.jar:6.4.2]
	at org.springframework.security.web.ObservationFilterChainDecorator$VirtualFilterChain.doFilter(ObservationFilterChainDecorator.java:137) ~[spring-security-web-6.4.2.jar:6.4.2]
	at org.springframework.security.web.context.request.async.WebAsyncManagerIntegrationFilter.doFilterInternal(WebAsyncManagerIntegrationFilter.java:62) ~[spring-security-web-6.4.2.jar:6.4.2]
	at org.springframework.web.filter.OncePerRequestFilter.doFilter(OncePerRequestFilter.java:116) ~[spring-web-6.2.1.jar:6.2.1]
	at org.springframework.security.web.ObservationFilterChainDecorator$ObservationFilter.wrapFilter(ObservationFilterChainDecorator.java:240) ~[spring-security-web-6.4.2.jar:6.4.2]
	at org.springframework.security.web.ObservationFilterChainDecorator$ObservationFilter.doFilter(ObservationFilterChainDecorator.java:227) ~[spring-security-web-6.4.2.jar:6.4.2]
	at org.springframework.security.web.ObservationFilterChainDecorator$VirtualFilterChain.doFilter(ObservationFilterChainDecorator.java:137) ~[spring-security-web-6.4.2.jar:6.4.2]
	at org.springframework.security.web.session.DisableEncodeUrlFilter.doFilterInternal(DisableEncodeUrlFilter.java:42) ~[spring-security-web-6.4.2.jar:6.4.2]
	at org.springframework.web.filter.OncePerRequestFilter.doFilter(OncePerRequestFilter.java:116) ~[spring-web-6.2.1.jar:6.2.1]
	at org.springframework.security.web.ObservationFilterChainDecorator$ObservationFilter.wrapFilter(ObservationFilterChainDecorator.java:240) ~[spring-security-web-6.4.2.jar:6.4.2]
	at org.springframework.security.web.ObservationFilterChainDecorator$AroundFilterObservation$SimpleAroundFilterObservation.lambda$wrap$0(ObservationFilterChainDecorator.java:323) ~[spring-security-web-6.4.2.jar:6.4.2]
	at org.springframework.security.web.ObservationFilterChainDecorator$ObservationFilter.doFilter(ObservationFilterChainDecorator.java:224) ~[spring-security-web-6.4.2.jar:6.4.2]
	at org.springframework.security.web.ObservationFilterChainDecorator$VirtualFilterChain.doFilter(ObservationFilterChainDecorator.java:137) ~[spring-security-web-6.4.2.jar:6.4.2]
	at org.springframework.security.web.FilterChainProxy.doFilterInternal(FilterChainProxy.java:233) ~[spring-security-web-6.4.2.jar:6.4.2]
	at org.springframework.security.web.FilterChainProxy.doFilter(FilterChainProxy.java:191) ~[spring-security-web-6.4.2.jar:6.4.2]
	at org.springframework.web.filter.CompositeFilter$VirtualFilterChain.doFilter(CompositeFilter.java:113) ~[spring-web-6.2.1.jar:6.2.1]
	at org.springframework.web.servlet.handler.HandlerMappingIntrospector.lambda$createCacheFilter$3(HandlerMappingIntrospector.java:243) ~[spring-webmvc-6.2.1.jar:6.2.1]
	at org.springframework.web.filter.CompositeFilter$VirtualFilterChain.doFilter(CompositeFilter.java:113) ~[spring-web-6.2.1.jar:6.2.1]
	at org.springframework.web.filter.CompositeFilter.doFilter(CompositeFilter.java:74) ~[spring-web-6.2.1.jar:6.2.1]
	at org.springframework.security.config.annotation.web.configuration.WebMvcSecurityConfiguration$CompositeFilterChainProxy.doFilter(WebMvcSecurityConfiguration.java:238) ~[spring-security-config-6.4.2.jar:6.4.2]
	at org.springframework.web.filter.DelegatingFilterProxy.invokeDelegate(DelegatingFilterProxy.java:362) ~[spring-web-6.2.1.jar:6.2.1]
	at org.springframework.web.filter.DelegatingFilterProxy.doFilter(DelegatingFilterProxy.java:278) ~[spring-web-6.2.1.jar:6.2.1]
	at org.apache.catalina.core.ApplicationFilterChain.internalDoFilter(ApplicationFilterChain.java:164) ~[tomcat-embed-core-10.1.34.jar:10.1.34]
	at org.apache.catalina.core.ApplicationFilterChain.doFilter(ApplicationFilterChain.java:140) ~[tomcat-embed-core-10.1.34.jar:10.1.34]
	at org.springframework.web.filter.RequestContextFilter.doFilterInternal(RequestContextFilter.java:100) ~[spring-web-6.2.1.jar:6.2.1]
	at org.springframework.web.filter.OncePerRequestFilter.doFilter(OncePerRequestFilter.java:116) ~[spring-web-6.2.1.jar:6.2.1]
	at org.apache.catalina.core.ApplicationFilterChain.internalDoFilter(ApplicationFilterChain.java:164) ~[tomcat-embed-core-10.1.34.jar:10.1.34]
	at org.apache.catalina.core.ApplicationFilterChain.doFilter(ApplicationFilterChain.java:140) ~[tomcat-embed-core-10.1.34.jar:10.1.34]
	at org.springframework.web.filter.FormContentFilter.doFilterInternal(FormContentFilter.java:93) ~[spring-web-6.2.1.jar:6.2.1]
	at org.springframework.web.filter.OncePerRequestFilter.doFilter(OncePerRequestFilter.java:116) ~[spring-web-6.2.1.jar:6.2.1]
	at org.apache.catalina.core.ApplicationFilterChain.internalDoFilter(ApplicationFilterChain.java:164) ~[tomcat-embed-core-10.1.34.jar:10.1.34]
	at org.apache.catalina.core.ApplicationFilterChain.doFilter(ApplicationFilterChain.java:140) ~[tomcat-embed-core-10.1.34.jar:10.1.34]
	at org.springframework.web.filter.ServerHttpObservationFilter.doFilterInternal(ServerHttpObservationFilter.java:114) ~[spring-web-6.2.1.jar:6.2.1]
	at org.springframework.web.filter.OncePerRequestFilter.doFilter(OncePerRequestFilter.java:116) ~[spring-web-6.2.1.jar:6.2.1]
	at org.apache.catalina.core.ApplicationFilterChain.internalDoFilter(ApplicationFilterChain.java:164) ~[tomcat-embed-core-10.1.34.jar:10.1.34]
	at org.apache.catalina.core.ApplicationFilterChain.doFilter(ApplicationFilterChain.java:140) ~[tomcat-embed-core-10.1.34.jar:10.1.34]
	at org.springframework.web.filter.CharacterEncodingFilter.doFilterInternal(CharacterEncodingFilter.java:201) ~[spring-web-6.2.1.jar:6.2.1]
	at org.springframework.web.filter.OncePerRequestFilter.doFilter(OncePerRequestFilter.java:116) ~[spring-web-6.2.1.jar:6.2.1]
	at org.apache.catalina.core.ApplicationFilterChain.internalDoFilter(ApplicationFilterChain.java:164) ~[tomcat-embed-core-10.1.34.jar:10.1.34]
	at org.apache.catalina.core.ApplicationFilterChain.doFilter(ApplicationFilterChain.java:140) ~[tomcat-embed-core-10.1.34.jar:10.1.34]
	at org.apache.catalina.core.StandardWrapperValve.invoke(StandardWrapperValve.java:167) ~[tomcat-embed-core-10.1.34.jar:10.1.34]
	at org.apache.catalina.core.StandardContextValve.invoke(StandardContextValve.java:90) ~[tomcat-embed-core-10.1.34.jar:10.1.34]
	at org.apache.catalina.authenticator.AuthenticatorBase.invoke(AuthenticatorBase.java:483) ~[tomcat-embed-core-10.1.34.jar:10.1.34]
	at org.apache.catalina.core.StandardHostValve.invoke(StandardHostValve.java:115) ~[tomcat-embed-core-10.1.34.jar:10.1.34]
	at org.apache.catalina.valves.ErrorReportValve.invoke(ErrorReportValve.java:93) ~[tomcat-embed-core-10.1.34.jar:10.1.34]
	at org.apache.catalina.core.StandardEngineValve.invoke(StandardEngineValve.java:74) ~[tomcat-embed-core-10.1.34.jar:10.1.34]
	at org.apache.catalina.connector.CoyoteAdapter.service(CoyoteAdapter.java:344) ~[tomcat-embed-core-10.1.34.jar:10.1.34]
	at org.apache.coyote.http11.Http11Processor.service(Http11Processor.java:397) ~[tomcat-embed-core-10.1.34.jar:10.1.34]
	at org.apache.coyote.AbstractProcessorLight.process(AbstractProcessorLight.java:63) ~[tomcat-embed-core-10.1.34.jar:10.1.34]
	at org.apache.coyote.AbstractProtocol$ConnectionHandler.process(AbstractProtocol.java:905) ~[tomcat-embed-core-10.1.34.jar:10.1.34]
	at org.apache.tomcat.util.net.NioEndpoint$SocketProcessor.doRun(NioEndpoint.java:1741) ~[tomcat-embed-core-10.1.34.jar:10.1.34]
	at org.apache.tomcat.util.net.SocketProcessorBase.run(SocketProcessorBase.java:52) ~[tomcat-embed-core-10.1.34.jar:10.1.34]
	at org.apache.tomcat.util.threads.ThreadPoolExecutor.runWorker(ThreadPoolExecutor.java:1190) ~[tomcat-embed-core-10.1.34.jar:10.1.34]
	at org.apache.tomcat.util.threads.ThreadPoolExecutor$Worker.run(ThreadPoolExecutor.java:659) ~[tomcat-embed-core-10.1.34.jar:10.1.34]
	at org.apache.tomcat.util.threads.TaskThread$WrappingRunnable.run(TaskThread.java:63) ~[tomcat-embed-core-10.1.34.jar:10.1.34]
	at java.base/java.lang.Thread.run(Thread.java:1570) ~[na:na]

2026-08-16T13:50:24.207+05:30  WARN 20916 --- [user] [http-nio-8082-exec-1] .m.m.a.ExceptionHandlerExceptionResolver : Resolved [org.springframework.web.bind.MethodArgumentNotValidException: Validation failed for argument [0] in public org.springframework.http.ResponseEntity<?> com.ecommerce.user.controller.UserController.createUser(com.ecommerce.user.dto.UserRequest) with 4 errors: [Field error in object 'userRequest' on field 'password': rejected value [12]; codes [Size.userRequest.password,Size.password,Size.java.lang.String,Size]; arguments [org.springframework.context.support.DefaultMessageSourceResolvable: codes [userRequest.password,password]; arguments []; default message [password],2147483647,8]; default message [Password must be at least 8 characters]] [Field error in object 'userRequest' on field 'email': rejected value [null]; codes [NotBlank.userRequest.email,NotBlank.email,NotBlank.java.lang.String,NotBlank]; arguments [org.springframework.context.support.DefaultMessageSourceResolvable: codes [userRequest.email,email]; arguments []; default message [email]]; default message [Email is required]] [Field error in object 'userRequest' on field 'phone': rejected value [null]; codes [NotBlank.userRequest.phone,NotBlank.phone,NotBlank.java.lang.String,NotBlank]; arguments [org.springframework.context.support.DefaultMessageSourceResolvable: codes [userRequest.phone,phone]; arguments []; default message [phone]]; default message [Phone is required]] [Field error in object 'userRequest' on field 'role': rejected value [null]; codes [NotBlank.userRequest.role,NotBlank.role,NotBlank.java.lang.String,NotBlank]; arguments [org.springframework.context.support.DefaultMessageSourceResolvable: codes [userRequest.role,role]; arguments []; default message [role]]; default message [Password is required]] ]
2026-08-16T13:51:28.048+05:30  INFO 20916 --- [user] [File Watcher] rtingClassPathChangeChangedEventListener : Restarting due to 1 class path change (0 additions, 1 deletion, 0 modifications)
2026-08-16T13:51:28.052+05:30  INFO 20916 --- [user] [Thread-1] o.s.c.n.e.s.EurekaServiceRegistry        : Unregistering application USER with eureka with status DOWN
2026-08-16T13:51:28.053+05:30  INFO 20916 --- [user] [Thread-1] com.netflix.discovery.DiscoveryClient    : Saw local status change event StatusChangeEvent [timestamp=1786868488053, current=DOWN, previous=UP]
2026-08-16T13:51:28.053+05:30  INFO 20916 --- [user] [DiscoveryClient-InstanceInfoReplicator-%d] com.netflix.discovery.DiscoveryClient    : DiscoveryClient_USER/LAPTOP-5SP7S7OV:user:8082: registering service...
2026-08-16T13:51:28.060+05:30  INFO 20916 --- [user] [Thread-1] o.s.b.w.e.tomcat.GracefulShutdown        : Commencing graceful shutdown. Waiting for active requests to complete
2026-08-16T13:51:28.072+05:30  INFO 20916 --- [user] [tomcat-shutdown] o.s.b.w.e.tomcat.GracefulShutdown        : Graceful shutdown complete
2026-08-16T13:51:28.079+05:30  INFO 20916 --- [user] [DiscoveryClient-InstanceInfoReplicator-%d] com.netflix.discovery.DiscoveryClient    : DiscoveryClient_USER/LAPTOP-5SP7S7OV:user:8082 - registration status: 204
2026-08-16T13:51:28.090+05:30  INFO 20916 --- [user] [Thread-1] j.LocalContainerEntityManagerFactoryBean : Closing JPA EntityManagerFactory for persistence unit 'default'
2026-08-16T13:51:28.106+05:30  INFO 20916 --- [user] [Thread-1] com.zaxxer.hikari.HikariDataSource       : HikariPool-1 - Shutdown initiated...
2026-08-16T13:51:28.134+05:30  INFO 20916 --- [user] [Thread-1] com.zaxxer.hikari.HikariDataSource       : HikariPool-1 - Shutdown completed.
2026-08-16T13:51:28.136+05:30  INFO 20916 --- [user] [Thread-1] com.netflix.discovery.DiscoveryClient    : Shutting down DiscoveryClient ...
2026-08-16T13:51:31.141+05:30  INFO 20916 --- [user] [Thread-1] com.netflix.discovery.DiscoveryClient    : Unregistering ...
2026-08-16T13:51:31.164+05:30  INFO 20916 --- [user] [Thread-1] com.netflix.discovery.DiscoveryClient    : DiscoveryClient_USER/LAPTOP-5SP7S7OV:user:8082 - deregister  status: 200
2026-08-16T13:51:31.164+05:30  INFO 20916 --- [user] [Thread-1] com.netflix.discovery.DiscoveryClient    : Completed shut down of DiscoveryClient
2026-08-16T13:51:31.489+05:30  INFO 20916 --- [user] [restartedMain] com.ecommerce.user.UserApplication       : Starting UserApplication using Java 22.0.2 with PID 20916 (C:\Java_Projects\Updated_Ecom_Project\user\target\classes started by baibh in C:\Java_Projects\Updated_Ecom_Project)
2026-08-16T13:51:31.489+05:30  INFO 20916 --- [user] [restartedMain] com.ecommerce.user.UserApplication       : No active profile set, falling back to 1 default profile: "default"
2026-08-16T13:51:31.493+05:30  INFO 20916 --- [user] [restartedMain] o.s.c.c.c.ConfigServerConfigDataLoader   : Fetching config from server at : http://localhost:8888
2026-08-16T13:51:31.494+05:30  INFO 20916 --- [user] [restartedMain] o.s.c.c.c.ConfigServerConfigDataLoader   : Located environment: name=user, profiles=[default], label=null, version=null, state=null
2026-08-16T13:51:32.191+05:30  INFO 20916 --- [user] [restartedMain] .s.d.r.c.RepositoryConfigurationDelegate : Bootstrapping Spring Data JPA repositories in DEFAULT mode.
2026-08-16T13:51:32.214+05:30  INFO 20916 --- [user] [restartedMain] .s.d.r.c.RepositoryConfigurationDelegate : Finished Spring Data repository scanning in 19 ms. Found 1 JPA repository interface.
2026-08-16T13:51:32.421+05:30  INFO 20916 --- [user] [restartedMain] o.s.cloud.context.scope.GenericScope     : BeanFactory id=75fa288a-1e98-346d-8af3-679d302d399e
2026-08-16T13:51:32.665+05:30  INFO 20916 --- [user] [restartedMain] o.s.b.w.embedded.tomcat.TomcatWebServer  : Tomcat initialized with port 8082 (http)
2026-08-16T13:51:32.667+05:30  INFO 20916 --- [user] [restartedMain] o.apache.catalina.core.StandardService   : Starting service [Tomcat]
2026-08-16T13:51:32.667+05:30  INFO 20916 --- [user] [restartedMain] o.apache.catalina.core.StandardEngine    : Starting Servlet engine: [Apache Tomcat/10.1.34]
2026-08-16T13:51:32.745+05:30  INFO 20916 --- [user] [restartedMain] o.a.c.c.C.[Tomcat].[localhost].[/]       : Initializing Spring embedded WebApplicationContext
2026-08-16T13:51:32.746+05:30  INFO 20916 --- [user] [restartedMain] w.s.c.ServletWebServerApplicationContext : Root WebApplicationContext: initialization completed in 1251 ms
2026-08-16T13:51:33.012+05:30  INFO 20916 --- [user] [restartedMain] o.hibernate.jpa.internal.util.LogHelper  : HHH000204: Processing PersistenceUnitInfo [name: default]
2026-08-16T13:51:33.016+05:30  INFO 20916 --- [user] [restartedMain] o.h.c.internal.RegionFactoryInitiator    : HHH000026: Second-level cache disabled
2026-08-16T13:51:33.035+05:30  INFO 20916 --- [user] [restartedMain] o.s.o.j.p.SpringPersistenceUnitInfo      : No LoadTimeWeaver setup: ignoring JPA class transformer
2026-08-16T13:51:33.038+05:30  INFO 20916 --- [user] [restartedMain] com.zaxxer.hikari.HikariDataSource       : HikariPool-2 - Starting...
2026-08-16T13:51:33.086+05:30  INFO 20916 --- [user] [restartedMain] com.zaxxer.hikari.pool.HikariPool        : HikariPool-2 - Added connection com.mysql.cj.jdbc.ConnectionImpl@543976a
2026-08-16T13:51:33.088+05:30  INFO 20916 --- [user] [restartedMain] com.zaxxer.hikari.HikariDataSource       : HikariPool-2 - Start completed.
2026-08-16T13:51:33.090+05:30  WARN 20916 --- [user] [restartedMain] org.hibernate.orm.deprecation            : HHH90000025: MySQL8Dialect does not need to be specified explicitly using 'hibernate.dialect' (remove the property setting and it will be selected by default)
2026-08-16T13:51:33.090+05:30  WARN 20916 --- [user] [restartedMain] org.hibernate.orm.deprecation            : HHH90000026: MySQL8Dialect has been deprecated; use org.hibernate.dialect.MySQLDialect instead
2026-08-16T13:51:33.091+05:30  INFO 20916 --- [user] [restartedMain] org.hibernate.orm.connections.pooling    : HHH10001005: Database info:
	Database JDBC URL [Connecting through datasource 'HikariDataSource (HikariPool-2)']
	Database driver: undefined/unknown
	Database version: 8.0
	Autocommit mode: undefined/unknown
	Isolation level: undefined/unknown
	Minimum pool size: undefined/unknown
	Maximum pool size: undefined/unknown
2026-08-16T13:51:33.363+05:30  INFO 20916 --- [user] [restartedMain] o.h.e.t.j.p.i.JtaPlatformInitiator       : HHH000489: No JTA platform available (set 'hibernate.transaction.jta.platform' to enable JTA platform integration)
2026-08-16T13:51:33.394+05:30  INFO 20916 --- [user] [restartedMain] j.LocalContainerEntityManagerFactoryBean : Initialized JPA EntityManagerFactory for persistence unit 'default'
2026-08-16T13:51:33.995+05:30  INFO 20916 --- [user] [restartedMain] eAuthenticationProviderManagerConfigurer : Global AuthenticationManager configured with AuthenticationProvider bean with name authProvider
2026-08-16T13:51:33.995+05:30  WARN 20916 --- [user] [restartedMain] r$InitializeUserDetailsManagerConfigurer : Global AuthenticationManager configured with an AuthenticationProvider bean. UserDetailsService beans will not be used by Spring Security for automatically configuring username/password login. Consider removing the AuthenticationProvider bean. Alternatively, consider using the UserDetailsService in a manually instantiated DaoAuthenticationProvider. If the current configuration is intentional, to turn off this warning, increase the logging level of 'org.springframework.security.config.annotation.authentication.configuration.InitializeUserDetailsBeanManagerConfigurer' to ERROR
2026-08-16T13:51:34.054+05:30  WARN 20916 --- [user] [restartedMain] JpaBaseConfiguration$JpaWebConfiguration : spring.jpa.open-in-view is enabled by default. Therefore, database queries may be performed during view rendering. Explicitly configure spring.jpa.open-in-view to disable this warning
2026-08-16T13:51:34.692+05:30  INFO 20916 --- [user] [restartedMain] o.s.b.a.e.web.EndpointLinksResolver      : Exposing 18 endpoints beneath base path '/actuator'
2026-08-16T13:51:35.231+05:30  WARN 20916 --- [user] [restartedMain] o.s.b.d.a.OptionalLiveReloadServer       : Unable to start LiveReload server
2026-08-16T13:51:35.289+05:30  INFO 20916 --- [user] [restartedMain] DiscoveryClientOptionalArgsConfiguration : Eureka HTTP Client uses RestTemplate.
2026-08-16T13:51:35.387+05:30  WARN 20916 --- [user] [restartedMain] iguration$LoadBalancerCaffeineWarnLogger : Spring Cloud LoadBalancer is currently working with the default cache. While this cache implementation is useful for development and tests, it's recommended to use Caffeine cache in production.You can switch to using Caffeine cache, by adding it and org.springframework.cache.caffeine.CaffeineCacheManager to the classpath.
2026-08-16T13:51:35.426+05:30  INFO 20916 --- [user] [restartedMain] o.s.c.n.eureka.InstanceInfoFactory       : Setting initial instance status as: STARTING
2026-08-16T13:51:35.432+05:30  INFO 20916 --- [user] [restartedMain] com.netflix.discovery.DiscoveryClient    : Initializing Eureka in region us-east-1
2026-08-16T13:51:35.432+05:30  INFO 20916 --- [user] [restartedMain] c.n.d.s.r.aws.ConfigClusterResolver      : Resolving eureka endpoints via configuration
2026-08-16T13:51:35.433+05:30  INFO 20916 --- [user] [restartedMain] com.netflix.discovery.DiscoveryClient    : Disable delta property : false
2026-08-16T13:51:35.433+05:30  INFO 20916 --- [user] [restartedMain] com.netflix.discovery.DiscoveryClient    : Single vip registry refresh property : null
2026-08-16T13:51:35.433+05:30  INFO 20916 --- [user] [restartedMain] com.netflix.discovery.DiscoveryClient    : Force full registry fetch : false
2026-08-16T13:51:35.433+05:30  INFO 20916 --- [user] [restartedMain] com.netflix.discovery.DiscoveryClient    : Application is null : false
2026-08-16T13:51:35.434+05:30  INFO 20916 --- [user] [restartedMain] com.netflix.discovery.DiscoveryClient    : Registered Applications size is zero : true
2026-08-16T13:51:35.434+05:30  INFO 20916 --- [user] [restartedMain] com.netflix.discovery.DiscoveryClient    : Application version is -1: true
2026-08-16T13:51:35.434+05:30  INFO 20916 --- [user] [restartedMain] com.netflix.discovery.DiscoveryClient    : Getting all instance registry info from the eureka server
2026-08-16T13:51:35.522+05:30  INFO 20916 --- [user] [restartedMain] com.netflix.discovery.DiscoveryClient    : The response status is 200
2026-08-16T13:51:35.523+05:30  INFO 20916 --- [user] [restartedMain] com.netflix.discovery.DiscoveryClient    : Starting heartbeat executor: renew interval is: 30
2026-08-16T13:51:35.524+05:30  INFO 20916 --- [user] [restartedMain] c.n.discovery.InstanceInfoReplicator     : InstanceInfoReplicator onDemand update allowed rate per min is 4
2026-08-16T13:51:35.525+05:30  INFO 20916 --- [user] [restartedMain] com.netflix.discovery.DiscoveryClient    : Discovery Client initialized at timestamp 1786868495525 with initial instances count: 4
2026-08-16T13:51:35.532+05:30  INFO 20916 --- [user] [restartedMain] o.s.c.n.e.s.EurekaServiceRegistry        : Registering application USER with eureka with status UP
2026-08-16T13:51:35.533+05:30  INFO 20916 --- [user] [restartedMain] com.netflix.discovery.DiscoveryClient    : Saw local status change event StatusChangeEvent [timestamp=1786868495533, current=UP, previous=STARTING]
2026-08-16T13:51:35.534+05:30  INFO 20916 --- [user] [DiscoveryClient-InstanceInfoReplicator-%d] com.netflix.discovery.DiscoveryClient    : DiscoveryClient_USER/LAPTOP-5SP7S7OV:user:8082: registering service...
2026-08-16T13:51:35.544+05:30  INFO 20916 --- [user] [restartedMain] o.s.b.w.embedded.tomcat.TomcatWebServer  : Tomcat started on port 8082 (http) with context path '/'
2026-08-16T13:51:35.545+05:30  INFO 20916 --- [user] [restartedMain] .s.c.n.e.s.EurekaAutoServiceRegistration : Updating port to 8082
2026-08-16T13:51:35.566+05:30  INFO 20916 --- [user] [DiscoveryClient-InstanceInfoReplicator-%d] com.netflix.discovery.DiscoveryClient    : DiscoveryClient_USER/LAPTOP-5SP7S7OV:user:8082 - registration status: 204
2026-08-16T13:51:35.579+05:30  INFO 20916 --- [user] [restartedMain] com.ecommerce.user.UserApplication       : Started UserApplication in 4.307 seconds (process running for 147.969)
2026-08-16T13:51:35.585+05:30  INFO 20916 --- [user] [restartedMain] .ConditionEvaluationDeltaLoggingListener : Condition evaluation unchanged
2026-08-16T13:52:03.311+05:30  INFO 20916 --- [user] [File Watcher] rtingClassPathChangeChangedEventListener : Restarting due to 1 class path change (1 addition, 0 deletions, 0 modifications)
2026-08-16T13:52:03.313+05:30  INFO 20916 --- [user] [Thread-7] o.s.c.n.e.s.EurekaServiceRegistry        : Unregistering application USER with eureka with status DOWN
2026-08-16T13:52:03.313+05:30  INFO 20916 --- [user] [Thread-7] com.netflix.discovery.DiscoveryClient    : Saw local status change event StatusChangeEvent [timestamp=1786868523313, current=DOWN, previous=UP]
2026-08-16T13:52:03.314+05:30  INFO 20916 --- [user] [DiscoveryClient-InstanceInfoReplicator-%d] com.netflix.discovery.DiscoveryClient    : DiscoveryClient_USER/LAPTOP-5SP7S7OV:user:8082: registering service...
2026-08-16T13:52:03.315+05:30  INFO 20916 --- [user] [Thread-7] o.s.b.w.e.tomcat.GracefulShutdown        : Commencing graceful shutdown. Waiting for active requests to complete
2026-08-16T13:52:03.324+05:30  INFO 20916 --- [user] [tomcat-shutdown] o.s.b.w.e.tomcat.GracefulShutdown        : Graceful shutdown complete
2026-08-16T13:52:03.331+05:30  INFO 20916 --- [user] [Thread-7] j.LocalContainerEntityManagerFactoryBean : Closing JPA EntityManagerFactory for persistence unit 'default'
2026-08-16T13:52:03.332+05:30  INFO 20916 --- [user] [Thread-7] com.zaxxer.hikari.HikariDataSource       : HikariPool-2 - Shutdown initiated...
2026-08-16T13:52:03.333+05:30  INFO 20916 --- [user] [DiscoveryClient-InstanceInfoReplicator-%d] com.netflix.discovery.DiscoveryClient    : DiscoveryClient_USER/LAPTOP-5SP7S7OV:user:8082 - registration status: 204
2026-08-16T13:52:03.346+05:30  INFO 20916 --- [user] [Thread-7] com.zaxxer.hikari.HikariDataSource       : HikariPool-2 - Shutdown completed.
2026-08-16T13:52:03.347+05:30  INFO 20916 --- [user] [Thread-7] com.netflix.discovery.DiscoveryClient    : Shutting down DiscoveryClient ...
2026-08-16T13:52:06.358+05:30  INFO 20916 --- [user] [Thread-7] com.netflix.discovery.DiscoveryClient    : Unregistering ...
2026-08-16T13:52:06.359+05:30  WARN 20916 --- [user] [DiscoveryClient-%d] c.netflix.discovery.TimedSupervisorTask  : task supervisor shutting down, can't accept the task
2026-08-16T13:52:06.365+05:30  INFO 20916 --- [user] [Thread-7] com.netflix.discovery.DiscoveryClient    : DiscoveryClient_USER/LAPTOP-5SP7S7OV:user:8082 - deregister  status: 200
2026-08-16T13:52:06.365+05:30  INFO 20916 --- [user] [Thread-7] com.netflix.discovery.DiscoveryClient    : Completed shut down of DiscoveryClient
2026-08-16T13:52:06.561+05:30  INFO 20916 --- [user] [restartedMain] com.ecommerce.user.UserApplication       : Starting UserApplication using Java 22.0.2 with PID 20916 (C:\Java_Projects\Updated_Ecom_Project\user\target\classes started by baibh in C:\Java_Projects\Updated_Ecom_Project)
2026-08-16T13:52:06.562+05:30  INFO 20916 --- [user] [restartedMain] com.ecommerce.user.UserApplication       : No active profile set, falling back to 1 default profile: "default"
2026-08-16T13:52:06.566+05:30  INFO 20916 --- [user] [restartedMain] o.s.c.c.c.ConfigServerConfigDataLoader   : Fetching config from server at : http://localhost:8888
2026-08-16T13:52:06.570+05:30  INFO 20916 --- [user] [restartedMain] o.s.c.c.c.ConfigServerConfigDataLoader   : Located environment: name=user, profiles=[default], label=null, version=null, state=null
2026-08-16T13:52:07.103+05:30  INFO 20916 --- [user] [restartedMain] .s.d.r.c.RepositoryConfigurationDelegate : Bootstrapping Spring Data JPA repositories in DEFAULT mode.
2026-08-16T13:52:07.123+05:30  INFO 20916 --- [user] [restartedMain] .s.d.r.c.RepositoryConfigurationDelegate : Finished Spring Data repository scanning in 17 ms. Found 1 JPA repository interface.
2026-08-16T13:52:07.256+05:30  INFO 20916 --- [user] [restartedMain] o.s.cloud.context.scope.GenericScope     : BeanFactory id=f5f76aed-b3b1-3238-9ea7-b193f4a7ea29
2026-08-16T13:52:07.515+05:30  INFO 20916 --- [user] [restartedMain] o.s.b.w.embedded.tomcat.TomcatWebServer  : Tomcat initialized with port 8082 (http)
2026-08-16T13:52:07.516+05:30  INFO 20916 --- [user] [restartedMain] o.apache.catalina.core.StandardService   : Starting service [Tomcat]
2026-08-16T13:52:07.517+05:30  INFO 20916 --- [user] [restartedMain] o.apache.catalina.core.StandardEngine    : Starting Servlet engine: [Apache Tomcat/10.1.34]
2026-08-16T13:52:07.564+05:30  INFO 20916 --- [user] [restartedMain] o.a.c.c.C.[Tomcat].[localhost].[/]       : Initializing Spring embedded WebApplicationContext
2026-08-16T13:52:07.564+05:30  INFO 20916 --- [user] [restartedMain] w.s.c.ServletWebServerApplicationContext : Root WebApplicationContext: initialization completed in 993 ms
2026-08-16T13:52:07.758+05:30  INFO 20916 --- [user] [restartedMain] o.hibernate.jpa.internal.util.LogHelper  : HHH000204: Processing PersistenceUnitInfo [name: default]
2026-08-16T13:52:07.762+05:30  INFO 20916 --- [user] [restartedMain] o.h.c.internal.RegionFactoryInitiator    : HHH000026: Second-level cache disabled
2026-08-16T13:52:07.778+05:30  INFO 20916 --- [user] [restartedMain] o.s.o.j.p.SpringPersistenceUnitInfo      : No LoadTimeWeaver setup: ignoring JPA class transformer
2026-08-16T13:52:07.780+05:30  INFO 20916 --- [user] [restartedMain] com.zaxxer.hikari.HikariDataSource       : HikariPool-3 - Starting...
2026-08-16T13:52:07.803+05:30  INFO 20916 --- [user] [restartedMain] com.zaxxer.hikari.pool.HikariPool        : HikariPool-3 - Added connection com.mysql.cj.jdbc.ConnectionImpl@544869e3
2026-08-16T13:52:07.804+05:30  INFO 20916 --- [user] [restartedMain] com.zaxxer.hikari.HikariDataSource       : HikariPool-3 - Start completed.
2026-08-16T13:52:07.805+05:30  WARN 20916 --- [user] [restartedMain] org.hibernate.orm.deprecation            : HHH90000025: MySQL8Dialect does not need to be specified explicitly using 'hibernate.dialect' (remove the property setting and it will be selected by default)
2026-08-16T13:52:07.805+05:30  WARN 20916 --- [user] [restartedMain] org.hibernate.orm.deprecation            : HHH90000026: MySQL8Dialect has been deprecated; use org.hibernate.dialect.MySQLDialect instead
2026-08-16T13:52:07.805+05:30  INFO 20916 --- [user] [restartedMain] org.hibernate.orm.connections.pooling    : HHH10001005: Database info:
	Database JDBC URL [Connecting through datasource 'HikariDataSource (HikariPool-3)']
	Database driver: undefined/unknown
	Database version: 8.0
	Autocommit mode: undefined/unknown
	Isolation level: undefined/unknown
	Minimum pool size: undefined/unknown
	Maximum pool size: undefined/unknown
2026-08-16T13:52:07.949+05:30  INFO 20916 --- [user] [restartedMain] o.h.e.t.j.p.i.JtaPlatformInitiator       : HHH000489: No JTA platform available (set 'hibernate.transaction.jta.platform' to enable JTA platform integration)
2026-08-16T13:52:07.965+05:30  INFO 20916 --- [user] [restartedMain] j.LocalContainerEntityManagerFactoryBean : Initialized JPA EntityManagerFactory for persistence unit 'default'
2026-08-16T13:52:08.176+05:30  INFO 20916 --- [user] [restartedMain] eAuthenticationProviderManagerConfigurer : Global AuthenticationManager configured with AuthenticationProvider bean with name authProvider
2026-08-16T13:52:08.176+05:30  WARN 20916 --- [user] [restartedMain] r$InitializeUserDetailsManagerConfigurer : Global AuthenticationManager configured with an AuthenticationProvider bean. UserDetailsService beans will not be used by Spring Security for automatically configuring username/password login. Consider removing the AuthenticationProvider bean. Alternatively, consider using the UserDetailsService in a manually instantiated DaoAuthenticationProvider. If the current configuration is intentional, to turn off this warning, increase the logging level of 'org.springframework.security.config.annotation.authentication.configuration.InitializeUserDetailsBeanManagerConfigurer' to ERROR
2026-08-16T13:52:08.217+05:30  WARN 20916 --- [user] [restartedMain] JpaBaseConfiguration$JpaWebConfiguration : spring.jpa.open-in-view is enabled by default. Therefore, database queries may be performed during view rendering. Explicitly configure spring.jpa.open-in-view to disable this warning
2026-08-16T13:52:08.725+05:30  INFO 20916 --- [user] [restartedMain] o.s.b.a.e.web.EndpointLinksResolver      : Exposing 18 endpoints beneath base path '/actuator'
2026-08-16T13:52:09.001+05:30  WARN 20916 --- [user] [restartedMain] o.s.b.d.a.OptionalLiveReloadServer       : Unable to start LiveReload server
2026-08-16T13:52:09.037+05:30  INFO 20916 --- [user] [restartedMain] DiscoveryClientOptionalArgsConfiguration : Eureka HTTP Client uses RestTemplate.
2026-08-16T13:52:09.094+05:30  WARN 20916 --- [user] [restartedMain] iguration$LoadBalancerCaffeineWarnLogger : Spring Cloud LoadBalancer is currently working with the default cache. While this cache implementation is useful for development and tests, it's recommended to use Caffeine cache in production.You can switch to using Caffeine cache, by adding it and org.springframework.cache.caffeine.CaffeineCacheManager to the classpath.
2026-08-16T13:52:09.120+05:30  INFO 20916 --- [user] [restartedMain] o.s.c.n.eureka.InstanceInfoFactory       : Setting initial instance status as: STARTING
2026-08-16T13:52:09.126+05:30  INFO 20916 --- [user] [restartedMain] com.netflix.discovery.DiscoveryClient    : Initializing Eureka in region us-east-1
2026-08-16T13:52:09.126+05:30  INFO 20916 --- [user] [restartedMain] c.n.d.s.r.aws.ConfigClusterResolver      : Resolving eureka endpoints via configuration
2026-08-16T13:52:09.127+05:30  INFO 20916 --- [user] [restartedMain] com.netflix.discovery.DiscoveryClient    : Disable delta property : false
2026-08-16T13:52:09.127+05:30  INFO 20916 --- [user] [restartedMain] com.netflix.discovery.DiscoveryClient    : Single vip registry refresh property : null
2026-08-16T13:52:09.128+05:30  INFO 20916 --- [user] [restartedMain] com.netflix.discovery.DiscoveryClient    : Force full registry fetch : false
2026-08-16T13:52:09.128+05:30  INFO 20916 --- [user] [restartedMain] com.netflix.discovery.DiscoveryClient    : Application is null : false
2026-08-16T13:52:09.128+05:30  INFO 20916 --- [user] [restartedMain] com.netflix.discovery.DiscoveryClient    : Registered Applications size is zero : true
2026-08-16T13:52:09.128+05:30  INFO 20916 --- [user] [restartedMain] com.netflix.discovery.DiscoveryClient    : Application version is -1: true
2026-08-16T13:52:09.128+05:30  INFO 20916 --- [user] [restartedMain] com.netflix.discovery.DiscoveryClient    : Getting all instance registry info from the eureka server
2026-08-16T13:52:09.192+05:30  INFO 20916 --- [user] [restartedMain] com.netflix.discovery.DiscoveryClient    : The response status is 200
2026-08-16T13:52:09.194+05:30  INFO 20916 --- [user] [restartedMain] com.netflix.discovery.DiscoveryClient    : Starting heartbeat executor: renew interval is: 30
2026-08-16T13:52:09.194+05:30  INFO 20916 --- [user] [restartedMain] c.n.discovery.InstanceInfoReplicator     : InstanceInfoReplicator onDemand update allowed rate per min is 4
2026-08-16T13:52:09.195+05:30  INFO 20916 --- [user] [restartedMain] com.netflix.discovery.DiscoveryClient    : Discovery Client initialized at timestamp 1786868529194 with initial instances count: 4
2026-08-16T13:52:09.200+05:30  INFO 20916 --- [user] [restartedMain] o.s.c.n.e.s.EurekaServiceRegistry        : Registering application USER with eureka with status UP
2026-08-16T13:52:09.200+05:30  INFO 20916 --- [user] [restartedMain] com.netflix.discovery.DiscoveryClient    : Saw local status change event StatusChangeEvent [timestamp=1786868529200, current=UP, previous=STARTING]
2026-08-16T13:52:09.201+05:30  INFO 20916 --- [user] [DiscoveryClient-InstanceInfoReplicator-%d] com.netflix.discovery.DiscoveryClient    : DiscoveryClient_USER/LAPTOP-5SP7S7OV:user:8082: registering service...
2026-08-16T13:52:09.207+05:30  INFO 20916 --- [user] [restartedMain] o.s.b.w.embedded.tomcat.TomcatWebServer  : Tomcat started on port 8082 (http) with context path '/'
2026-08-16T13:52:09.208+05:30  INFO 20916 --- [user] [restartedMain] .s.c.n.e.s.EurekaAutoServiceRegistration : Updating port to 8082
2026-08-16T13:52:09.222+05:30  INFO 20916 --- [user] [DiscoveryClient-InstanceInfoReplicator-%d] com.netflix.discovery.DiscoveryClient    : DiscoveryClient_USER/LAPTOP-5SP7S7OV:user:8082 - registration status: 204
2026-08-16T13:52:09.240+05:30  INFO 20916 --- [user] [restartedMain] com.ecommerce.user.UserApplication       : Started UserApplication in 2.795 seconds (process running for 181.63)
2026-08-16T13:52:09.244+05:30  INFO 20916 --- [user] [restartedMain] .ConditionEvaluationDeltaLoggingListener : Condition evaluation unchanged
2026-08-16T13:54:04.518+05:30  INFO 20916 --- [user] [File Watcher] rtingClassPathChangeChangedEventListener : Restarting due to 1 class path change (0 additions, 1 deletion, 0 modifications)
2026-08-16T13:54:04.520+05:30  INFO 20916 --- [user] [Thread-13] o.s.c.n.e.s.EurekaServiceRegistry        : Unregistering application USER with eureka with status DOWN
2026-08-16T13:54:04.521+05:30  INFO 20916 --- [user] [Thread-13] com.netflix.discovery.DiscoveryClient    : Saw local status change event StatusChangeEvent [timestamp=1786868644521, current=DOWN, previous=UP]
2026-08-16T13:54:04.521+05:30  INFO 20916 --- [user] [DiscoveryClient-InstanceInfoReplicator-%d] com.netflix.discovery.DiscoveryClient    : DiscoveryClient_USER/LAPTOP-5SP7S7OV:user:8082: registering service...
2026-08-16T13:54:04.523+05:30  INFO 20916 --- [user] [Thread-13] o.s.b.w.e.tomcat.GracefulShutdown        : Commencing graceful shutdown. Waiting for active requests to complete
2026-08-16T13:54:04.534+05:30  INFO 20916 --- [user] [tomcat-shutdown] o.s.b.w.e.tomcat.GracefulShutdown        : Graceful shutdown complete
2026-08-16T13:54:04.539+05:30  INFO 20916 --- [user] [DiscoveryClient-InstanceInfoReplicator-%d] com.netflix.discovery.DiscoveryClient    : DiscoveryClient_USER/LAPTOP-5SP7S7OV:user:8082 - registration status: 204
2026-08-16T13:54:04.541+05:30  INFO 20916 --- [user] [Thread-13] j.LocalContainerEntityManagerFactoryBean : Closing JPA EntityManagerFactory for persistence unit 'default'
2026-08-16T13:54:04.542+05:30  INFO 20916 --- [user] [Thread-13] com.zaxxer.hikari.HikariDataSource       : HikariPool-3 - Shutdown initiated...
2026-08-16T13:54:04.563+05:30  INFO 20916 --- [user] [Thread-13] com.zaxxer.hikari.HikariDataSource       : HikariPool-3 - Shutdown completed.
2026-08-16T13:54:04.564+05:30  INFO 20916 --- [user] [Thread-13] com.netflix.discovery.DiscoveryClient    : Shutting down DiscoveryClient ...
2026-08-16T13:54:07.574+05:30  INFO 20916 --- [user] [Thread-13] com.netflix.discovery.DiscoveryClient    : Unregistering ...
2026-08-16T13:54:07.596+05:30  INFO 20916 --- [user] [Thread-13] com.netflix.discovery.DiscoveryClient    : DiscoveryClient_USER/LAPTOP-5SP7S7OV:user:8082 - deregister  status: 200
2026-08-16T13:54:07.597+05:30  INFO 20916 --- [user] [Thread-13] com.netflix.discovery.DiscoveryClient    : Completed shut down of DiscoveryClient
2026-08-16T13:54:07.870+05:30  INFO 20916 --- [user] [restartedMain] com.ecommerce.user.UserApplication       : Starting UserApplication using Java 22.0.2 with PID 20916 (C:\Java_Projects\Updated_Ecom_Project\user\target\classes started by baibh in C:\Java_Projects\Updated_Ecom_Project)
2026-08-16T13:54:07.871+05:30  INFO 20916 --- [user] [restartedMain] com.ecommerce.user.UserApplication       : No active profile set, falling back to 1 default profile: "default"
2026-08-16T13:54:07.874+05:30  INFO 20916 --- [user] [restartedMain] o.s.c.c.c.ConfigServerConfigDataLoader   : Fetching config from server at : http://localhost:8888
2026-08-16T13:54:07.875+05:30  INFO 20916 --- [user] [restartedMain] o.s.c.c.c.ConfigServerConfigDataLoader   : Located environment: name=user, profiles=[default], label=null, version=null, state=null
2026-08-16T13:54:08.577+05:30  INFO 20916 --- [user] [restartedMain] .s.d.r.c.RepositoryConfigurationDelegate : Bootstrapping Spring Data JPA repositories in DEFAULT mode.
2026-08-16T13:54:08.592+05:30  INFO 20916 --- [user] [restartedMain] .s.d.r.c.RepositoryConfigurationDelegate : Finished Spring Data repository scanning in 12 ms. Found 1 JPA repository interface.
2026-08-16T13:54:08.863+05:30  INFO 20916 --- [user] [restartedMain] o.s.cloud.context.scope.GenericScope     : BeanFactory id=f5f76aed-b3b1-3238-9ea7-b193f4a7ea29
2026-08-16T13:54:09.130+05:30  INFO 20916 --- [user] [restartedMain] o.s.b.w.embedded.tomcat.TomcatWebServer  : Tomcat initialized with port 8082 (http)
2026-08-16T13:54:09.132+05:30  INFO 20916 --- [user] [restartedMain] o.apache.catalina.core.StandardService   : Starting service [Tomcat]
2026-08-16T13:54:09.133+05:30  INFO 20916 --- [user] [restartedMain] o.apache.catalina.core.StandardEngine    : Starting Servlet engine: [Apache Tomcat/10.1.34]
2026-08-16T13:54:09.207+05:30  INFO 20916 --- [user] [restartedMain] o.a.c.c.C.[Tomcat].[localhost].[/]       : Initializing Spring embedded WebApplicationContext
2026-08-16T13:54:09.207+05:30  INFO 20916 --- [user] [restartedMain] w.s.c.ServletWebServerApplicationContext : Root WebApplicationContext: initialization completed in 1332 ms
2026-08-16T13:54:09.440+05:30  INFO 20916 --- [user] [restartedMain] o.hibernate.jpa.internal.util.LogHelper  : HHH000204: Processing PersistenceUnitInfo [name: default]
2026-08-16T13:54:09.445+05:30  INFO 20916 --- [user] [restartedMain] o.h.c.internal.RegionFactoryInitiator    : HHH000026: Second-level cache disabled
2026-08-16T13:54:09.457+05:30  INFO 20916 --- [user] [restartedMain] o.s.o.j.p.SpringPersistenceUnitInfo      : No LoadTimeWeaver setup: ignoring JPA class transformer
2026-08-16T13:54:09.459+05:30  INFO 20916 --- [user] [restartedMain] com.zaxxer.hikari.HikariDataSource       : HikariPool-4 - Starting...
2026-08-16T13:54:09.479+05:30  INFO 20916 --- [user] [restartedMain] com.zaxxer.hikari.pool.HikariPool        : HikariPool-4 - Added connection com.mysql.cj.jdbc.ConnectionImpl@7d2ea186
2026-08-16T13:54:09.479+05:30  INFO 20916 --- [user] [restartedMain] com.zaxxer.hikari.HikariDataSource       : HikariPool-4 - Start completed.
2026-08-16T13:54:09.480+05:30  WARN 20916 --- [user] [restartedMain] org.hibernate.orm.deprecation            : HHH90000025: MySQL8Dialect does not need to be specified explicitly using 'hibernate.dialect' (remove the property setting and it will be selected by default)
2026-08-16T13:54:09.480+05:30  WARN 20916 --- [user] [restartedMain] org.hibernate.orm.deprecation            : HHH90000026: MySQL8Dialect has been deprecated; use org.hibernate.dialect.MySQLDialect instead
2026-08-16T13:54:09.481+05:30  INFO 20916 --- [user] [restartedMain] org.hibernate.orm.connections.pooling    : HHH10001005: Database info:
	Database JDBC URL [Connecting through datasource 'HikariDataSource (HikariPool-4)']
	Database driver: undefined/unknown
	Database version: 8.0
	Autocommit mode: undefined/unknown
	Isolation level: undefined/unknown
	Minimum pool size: undefined/unknown
	Maximum pool size: undefined/unknown
2026-08-16T13:54:09.614+05:30  INFO 20916 --- [user] [restartedMain] o.h.e.t.j.p.i.JtaPlatformInitiator       : HHH000489: No JTA platform available (set 'hibernate.transaction.jta.platform' to enable JTA platform integration)
2026-08-16T13:54:09.641+05:30  INFO 20916 --- [user] [restartedMain] j.LocalContainerEntityManagerFactoryBean : Initialized JPA EntityManagerFactory for persistence unit 'default'
2026-08-16T13:54:09.772+05:30  INFO 20916 --- [user] [restartedMain] eAuthenticationProviderManagerConfigurer : Global AuthenticationManager configured with AuthenticationProvider bean with name authProvider
2026-08-16T13:54:09.772+05:30  WARN 20916 --- [user] [restartedMain] r$InitializeUserDetailsManagerConfigurer : Global AuthenticationManager configured with an AuthenticationProvider bean. UserDetailsService beans will not be used by Spring Security for automatically configuring username/password login. Consider removing the AuthenticationProvider bean. Alternatively, consider using the UserDetailsService in a manually instantiated DaoAuthenticationProvider. If the current configuration is intentional, to turn off this warning, increase the logging level of 'org.springframework.security.config.annotation.authentication.configuration.InitializeUserDetailsBeanManagerConfigurer' to ERROR
2026-08-16T13:54:09.795+05:30  WARN 20916 --- [user] [restartedMain] JpaBaseConfiguration$JpaWebConfiguration : spring.jpa.open-in-view is enabled by default. Therefore, database queries may be performed during view rendering. Explicitly configure spring.jpa.open-in-view to disable this warning
2026-08-16T13:54:10.097+05:30  INFO 20916 --- [user] [restartedMain] o.s.b.a.e.web.EndpointLinksResolver      : Exposing 18 endpoints beneath base path '/actuator'
2026-08-16T13:54:10.403+05:30  WARN 20916 --- [user] [restartedMain] o.s.b.d.a.OptionalLiveReloadServer       : Unable to start LiveReload server
2026-08-16T13:54:10.441+05:30  INFO 20916 --- [user] [restartedMain] DiscoveryClientOptionalArgsConfiguration : Eureka HTTP Client uses RestTemplate.
2026-08-16T13:54:10.479+05:30  WARN 20916 --- [user] [restartedMain] iguration$LoadBalancerCaffeineWarnLogger : Spring Cloud LoadBalancer is currently working with the default cache. While this cache implementation is useful for development and tests, it's recommended to use Caffeine cache in production.You can switch to using Caffeine cache, by adding it and org.springframework.cache.caffeine.CaffeineCacheManager to the classpath.
2026-08-16T13:54:10.498+05:30  INFO 20916 --- [user] [restartedMain] o.s.c.n.eureka.InstanceInfoFactory       : Setting initial instance status as: STARTING
2026-08-16T13:54:10.501+05:30  INFO 20916 --- [user] [restartedMain] com.netflix.discovery.DiscoveryClient    : Initializing Eureka in region us-east-1
2026-08-16T13:54:10.501+05:30  INFO 20916 --- [user] [restartedMain] c.n.d.s.r.aws.ConfigClusterResolver      : Resolving eureka endpoints via configuration
2026-08-16T13:54:10.501+05:30  INFO 20916 --- [user] [restartedMain] com.netflix.discovery.DiscoveryClient    : Disable delta property : false
2026-08-16T13:54:10.502+05:30  INFO 20916 --- [user] [restartedMain] com.netflix.discovery.DiscoveryClient    : Single vip registry refresh property : null
2026-08-16T13:54:10.502+05:30  INFO 20916 --- [user] [restartedMain] com.netflix.discovery.DiscoveryClient    : Force full registry fetch : false
2026-08-16T13:54:10.502+05:30  INFO 20916 --- [user] [restartedMain] com.netflix.discovery.DiscoveryClient    : Application is null : false
2026-08-16T13:54:10.502+05:30  INFO 20916 --- [user] [restartedMain] com.netflix.discovery.DiscoveryClient    : Registered Applications size is zero : true
2026-08-16T13:54:10.502+05:30  INFO 20916 --- [user] [restartedMain] com.netflix.discovery.DiscoveryClient    : Application version is -1: true
2026-08-16T13:54:10.502+05:30  INFO 20916 --- [user] [restartedMain] com.netflix.discovery.DiscoveryClient    : Getting all instance registry info from the eureka server
2026-08-16T13:54:10.546+05:30  INFO 20916 --- [user] [restartedMain] com.netflix.discovery.DiscoveryClient    : The response status is 200
2026-08-16T13:54:10.547+05:30  INFO 20916 --- [user] [restartedMain] com.netflix.discovery.DiscoveryClient    : Starting heartbeat executor: renew interval is: 30
2026-08-16T13:54:10.548+05:30  INFO 20916 --- [user] [restartedMain] c.n.discovery.InstanceInfoReplicator     : InstanceInfoReplicator onDemand update allowed rate per min is 4
2026-08-16T13:54:10.548+05:30  INFO 20916 --- [user] [restartedMain] com.netflix.discovery.DiscoveryClient    : Discovery Client initialized at timestamp 1786868650548 with initial instances count: 4
2026-08-16T13:54:10.554+05:30  INFO 20916 --- [user] [restartedMain] o.s.c.n.e.s.EurekaServiceRegistry        : Registering application USER with eureka with status UP
2026-08-16T13:54:10.554+05:30  INFO 20916 --- [user] [restartedMain] com.netflix.discovery.DiscoveryClient    : Saw local status change event StatusChangeEvent [timestamp=1786868650554, current=UP, previous=STARTING]
2026-08-16T13:54:10.555+05:30  INFO 20916 --- [user] [DiscoveryClient-InstanceInfoReplicator-%d] com.netflix.discovery.DiscoveryClient    : DiscoveryClient_USER/LAPTOP-5SP7S7OV:user:8082: registering service...
2026-08-16T13:54:10.562+05:30  INFO 20916 --- [user] [restartedMain] o.s.b.w.embedded.tomcat.TomcatWebServer  : Tomcat started on port 8082 (http) with context path '/'
2026-08-16T13:54:10.563+05:30  INFO 20916 --- [user] [restartedMain] .s.c.n.e.s.EurekaAutoServiceRegistration : Updating port to 8082
2026-08-16T13:54:10.574+05:30  INFO 20916 --- [user] [DiscoveryClient-InstanceInfoReplicator-%d] com.netflix.discovery.DiscoveryClient    : DiscoveryClient_USER/LAPTOP-5SP7S7OV:user:8082 - registration status: 204
2026-08-16T13:54:10.592+05:30  INFO 20916 --- [user] [restartedMain] com.ecommerce.user.UserApplication       : Started UserApplication in 2.889 seconds (process running for 302.983)
2026-08-16T13:54:10.596+05:30  INFO 20916 --- [user] [restartedMain] .ConditionEvaluationDeltaLoggingListener : Condition evaluation unchanged
2026-08-16T13:54:11.849+05:30  INFO 20916 --- [user] [File Watcher] rtingClassPathChangeChangedEventListener : Restarting due to 1 class path change (1 addition, 0 deletions, 0 modifications)
2026-08-16T13:54:11.851+05:30  INFO 20916 --- [user] [Thread-19] o.s.c.n.e.s.EurekaServiceRegistry        : Unregistering application USER with eureka with status DOWN
2026-08-16T13:54:11.851+05:30  INFO 20916 --- [user] [Thread-19] com.netflix.discovery.DiscoveryClient    : Saw local status change event StatusChangeEvent [timestamp=1786868651851, current=DOWN, previous=UP]
2026-08-16T13:54:11.852+05:30  INFO 20916 --- [user] [DiscoveryClient-InstanceInfoReplicator-%d] com.netflix.discovery.DiscoveryClient    : DiscoveryClient_USER/LAPTOP-5SP7S7OV:user:8082: registering service...
2026-08-16T13:54:11.853+05:30  INFO 20916 --- [user] [Thread-19] o.s.b.w.e.tomcat.GracefulShutdown        : Commencing graceful shutdown. Waiting for active requests to complete
2026-08-16T13:54:11.862+05:30  INFO 20916 --- [user] [DiscoveryClient-InstanceInfoReplicator-%d] com.netflix.discovery.DiscoveryClient    : DiscoveryClient_USER/LAPTOP-5SP7S7OV:user:8082 - registration status: 204
2026-08-16T13:54:11.863+05:30  INFO 20916 --- [user] [tomcat-shutdown] o.s.b.w.e.tomcat.GracefulShutdown        : Graceful shutdown complete
2026-08-16T13:54:11.868+05:30  INFO 20916 --- [user] [Thread-19] j.LocalContainerEntityManagerFactoryBean : Closing JPA EntityManagerFactory for persistence unit 'default'
2026-08-16T13:54:11.869+05:30  INFO 20916 --- [user] [Thread-19] com.zaxxer.hikari.HikariDataSource       : HikariPool-4 - Shutdown initiated...
2026-08-16T13:54:11.879+05:30  INFO 20916 --- [user] [Thread-19] com.zaxxer.hikari.HikariDataSource       : HikariPool-4 - Shutdown completed.
2026-08-16T13:54:11.880+05:30  INFO 20916 --- [user] [Thread-19] com.netflix.discovery.DiscoveryClient    : Shutting down DiscoveryClient ...
2026-08-16T13:54:14.888+05:30  INFO 20916 --- [user] [Thread-19] com.netflix.discovery.DiscoveryClient    : Unregistering ...
2026-08-16T13:54:14.910+05:30  INFO 20916 --- [user] [Thread-19] com.netflix.discovery.DiscoveryClient    : DiscoveryClient_USER/LAPTOP-5SP7S7OV:user:8082 - deregister  status: 200
2026-08-16T13:54:14.911+05:30  INFO 20916 --- [user] [Thread-19] com.netflix.discovery.DiscoveryClient    : Completed shut down of DiscoveryClient
2026-08-16T13:54:15.130+05:30  INFO 20916 --- [user] [restartedMain] com.ecommerce.user.UserApplication       : Starting UserApplication using Java 22.0.2 with PID 20916 (C:\Java_Projects\Updated_Ecom_Project\user\target\classes started by baibh in C:\Java_Projects\Updated_Ecom_Project)
2026-08-16T13:54:15.130+05:30  INFO 20916 --- [user] [restartedMain] com.ecommerce.user.UserApplication       : No active profile set, falling back to 1 default profile: "default"
2026-08-16T13:54:15.133+05:30  INFO 20916 --- [user] [restartedMain] o.s.c.c.c.ConfigServerConfigDataLoader   : Fetching config from server at : http://localhost:8888
2026-08-16T13:54:15.133+05:30  INFO 20916 --- [user] [restartedMain] o.s.c.c.c.ConfigServerConfigDataLoader   : Located environment: name=user, profiles=[default], label=null, version=null, state=null
2026-08-16T13:54:15.612+05:30  INFO 20916 --- [user] [restartedMain] .s.d.r.c.RepositoryConfigurationDelegate : Bootstrapping Spring Data JPA repositories in DEFAULT mode.
2026-08-16T13:54:15.630+05:30  INFO 20916 --- [user] [restartedMain] .s.d.r.c.RepositoryConfigurationDelegate : Finished Spring Data repository scanning in 16 ms. Found 1 JPA repository interface.
2026-08-16T13:54:15.755+05:30  INFO 20916 --- [user] [restartedMain] o.s.cloud.context.scope.GenericScope     : BeanFactory id=f5f76aed-b3b1-3238-9ea7-b193f4a7ea29
2026-08-16T13:54:15.928+05:30  INFO 20916 --- [user] [restartedMain] o.s.b.w.embedded.tomcat.TomcatWebServer  : Tomcat initialized with port 8082 (http)
2026-08-16T13:54:15.930+05:30  INFO 20916 --- [user] [restartedMain] o.apache.catalina.core.StandardService   : Starting service [Tomcat]
2026-08-16T13:54:15.930+05:30  INFO 20916 --- [user] [restartedMain] o.apache.catalina.core.StandardEngine    : Starting Servlet engine: [Apache Tomcat/10.1.34]
2026-08-16T13:54:15.982+05:30  INFO 20916 --- [user] [restartedMain] o.a.c.c.C.[Tomcat].[localhost].[/]       : Initializing Spring embedded WebApplicationContext
2026-08-16T13:54:15.982+05:30  INFO 20916 --- [user] [restartedMain] w.s.c.ServletWebServerApplicationContext : Root WebApplicationContext: initialization completed in 849 ms
2026-08-16T13:54:16.153+05:30  INFO 20916 --- [user] [restartedMain] o.hibernate.jpa.internal.util.LogHelper  : HHH000204: Processing PersistenceUnitInfo [name: default]
2026-08-16T13:54:16.158+05:30  INFO 20916 --- [user] [restartedMain] o.h.c.internal.RegionFactoryInitiator    : HHH000026: Second-level cache disabled
2026-08-16T13:54:16.174+05:30  INFO 20916 --- [user] [restartedMain] o.s.o.j.p.SpringPersistenceUnitInfo      : No LoadTimeWeaver setup: ignoring JPA class transformer
2026-08-16T13:54:16.176+05:30  INFO 20916 --- [user] [restartedMain] com.zaxxer.hikari.HikariDataSource       : HikariPool-5 - Starting...
2026-08-16T13:54:16.194+05:30  INFO 20916 --- [user] [restartedMain] com.zaxxer.hikari.pool.HikariPool        : HikariPool-5 - Added connection com.mysql.cj.jdbc.ConnectionImpl@7935a783
2026-08-16T13:54:16.195+05:30  INFO 20916 --- [user] [restartedMain] com.zaxxer.hikari.HikariDataSource       : HikariPool-5 - Start completed.
2026-08-16T13:54:16.196+05:30  WARN 20916 --- [user] [restartedMain] org.hibernate.orm.deprecation            : HHH90000025: MySQL8Dialect does not need to be specified explicitly using 'hibernate.dialect' (remove the property setting and it will be selected by default)
2026-08-16T13:54:16.196+05:30  WARN 20916 --- [user] [restartedMain] org.hibernate.orm.deprecation            : HHH90000026: MySQL8Dialect has been deprecated; use org.hibernate.dialect.MySQLDialect instead
2026-08-16T13:54:16.196+05:30  INFO 20916 --- [user] [restartedMain] org.hibernate.orm.connections.pooling    : HHH10001005: Database info:
	Database JDBC URL [Connecting through datasource 'HikariDataSource (HikariPool-5)']
	Database driver: undefined/unknown
	Database version: 8.0
	Autocommit mode: undefined/unknown
	Isolation level: undefined/unknown
	Minimum pool size: undefined/unknown
	Maximum pool size: undefined/unknown
2026-08-16T13:54:16.383+05:30  INFO 20916 --- [user] [restartedMain] o.h.e.t.j.p.i.JtaPlatformInitiator       : HHH000489: No JTA platform available (set 'hibernate.transaction.jta.platform' to enable JTA platform integration)
2026-08-16T13:54:16.409+05:30  INFO 20916 --- [user] [restartedMain] j.LocalContainerEntityManagerFactoryBean : Initialized JPA EntityManagerFactory for persistence unit 'default'
2026-08-16T13:54:16.609+05:30  INFO 20916 --- [user] [restartedMain] eAuthenticationProviderManagerConfigurer : Global AuthenticationManager configured with AuthenticationProvider bean with name authProvider
2026-08-16T13:54:16.610+05:30  WARN 20916 --- [user] [restartedMain] r$InitializeUserDetailsManagerConfigurer : Global AuthenticationManager configured with an AuthenticationProvider bean. UserDetailsService beans will not be used by Spring Security for automatically configuring username/password login. Consider removing the AuthenticationProvider bean. Alternatively, consider using the UserDetailsService in a manually instantiated DaoAuthenticationProvider. If the current configuration is intentional, to turn off this warning, increase the logging level of 'org.springframework.security.config.annotation.authentication.configuration.InitializeUserDetailsBeanManagerConfigurer' to ERROR
2026-08-16T13:54:16.634+05:30  WARN 20916 --- [user] [restartedMain] JpaBaseConfiguration$JpaWebConfiguration : spring.jpa.open-in-view is enabled by default. Therefore, database queries may be performed during view rendering. Explicitly configure spring.jpa.open-in-view to disable this warning
2026-08-16T13:54:17.368+05:30  INFO 20916 --- [user] [restartedMain] o.s.b.a.e.web.EndpointLinksResolver      : Exposing 18 endpoints beneath base path '/actuator'
2026-08-16T13:54:17.875+05:30  WARN 20916 --- [user] [restartedMain] o.s.b.d.a.OptionalLiveReloadServer       : Unable to start LiveReload server
2026-08-16T13:54:17.913+05:30  INFO 20916 --- [user] [restartedMain] DiscoveryClientOptionalArgsConfiguration : Eureka HTTP Client uses RestTemplate.
2026-08-16T13:54:17.979+05:30  WARN 20916 --- [user] [restartedMain] iguration$LoadBalancerCaffeineWarnLogger : Spring Cloud LoadBalancer is currently working with the default cache. While this cache implementation is useful for development and tests, it's recommended to use Caffeine cache in production.You can switch to using Caffeine cache, by adding it and org.springframework.cache.caffeine.CaffeineCacheManager to the classpath.
2026-08-16T13:54:18.012+05:30  INFO 20916 --- [user] [restartedMain] o.s.c.n.eureka.InstanceInfoFactory       : Setting initial instance status as: STARTING
2026-08-16T13:54:18.017+05:30  INFO 20916 --- [user] [restartedMain] com.netflix.discovery.DiscoveryClient    : Initializing Eureka in region us-east-1
2026-08-16T13:54:18.018+05:30  INFO 20916 --- [user] [restartedMain] c.n.d.s.r.aws.ConfigClusterResolver      : Resolving eureka endpoints via configuration
2026-08-16T13:54:18.019+05:30  INFO 20916 --- [user] [restartedMain] com.netflix.discovery.DiscoveryClient    : Disable delta property : false
2026-08-16T13:54:18.019+05:30  INFO 20916 --- [user] [restartedMain] com.netflix.discovery.DiscoveryClient    : Single vip registry refresh property : null
2026-08-16T13:54:18.019+05:30  INFO 20916 --- [user] [restartedMain] com.netflix.discovery.DiscoveryClient    : Force full registry fetch : false
2026-08-16T13:54:18.019+05:30  INFO 20916 --- [user] [restartedMain] com.netflix.discovery.DiscoveryClient    : Application is null : false
2026-08-16T13:54:18.019+05:30  INFO 20916 --- [user] [restartedMain] com.netflix.discovery.DiscoveryClient    : Registered Applications size is zero : true
2026-08-16T13:54:18.019+05:30  INFO 20916 --- [user] [restartedMain] com.netflix.discovery.DiscoveryClient    : Application version is -1: true
2026-08-16T13:54:18.019+05:30  INFO 20916 --- [user] [restartedMain] com.netflix.discovery.DiscoveryClient    : Getting all instance registry info from the eureka server
2026-08-16T13:54:18.086+05:30  INFO 20916 --- [user] [restartedMain] com.netflix.discovery.DiscoveryClient    : The response status is 200
2026-08-16T13:54:18.087+05:30  INFO 20916 --- [user] [restartedMain] com.netflix.discovery.DiscoveryClient    : Starting heartbeat executor: renew interval is: 30
2026-08-16T13:54:18.088+05:30  INFO 20916 --- [user] [restartedMain] c.n.discovery.InstanceInfoReplicator     : InstanceInfoReplicator onDemand update allowed rate per min is 4
2026-08-16T13:54:18.089+05:30  INFO 20916 --- [user] [restartedMain] com.netflix.discovery.DiscoveryClient    : Discovery Client initialized at timestamp 1786868658089 with initial instances count: 4
2026-08-16T13:54:18.096+05:30  INFO 20916 --- [user] [restartedMain] o.s.c.n.e.s.EurekaServiceRegistry        : Registering application USER with eureka with status UP
2026-08-16T13:54:18.097+05:30  INFO 20916 --- [user] [restartedMain] com.netflix.discovery.DiscoveryClient    : Saw local status change event StatusChangeEvent [timestamp=1786868658097, current=UP, previous=STARTING]
2026-08-16T13:54:18.097+05:30  INFO 20916 --- [user] [DiscoveryClient-InstanceInfoReplicator-%d] com.netflix.discovery.DiscoveryClient    : DiscoveryClient_USER/LAPTOP-5SP7S7OV:user:8082: registering service...
2026-08-16T13:54:18.106+05:30  INFO 20916 --- [user] [restartedMain] o.s.b.w.embedded.tomcat.TomcatWebServer  : Tomcat started on port 8082 (http) with context path '/'
2026-08-16T13:54:18.107+05:30  INFO 20916 --- [user] [restartedMain] .s.c.n.e.s.EurekaAutoServiceRegistration : Updating port to 8082
2026-08-16T13:54:18.128+05:30  INFO 20916 --- [user] [DiscoveryClient-InstanceInfoReplicator-%d] com.netflix.discovery.DiscoveryClient    : DiscoveryClient_USER/LAPTOP-5SP7S7OV:user:8082 - registration status: 204
2026-08-16T13:54:18.139+05:30  INFO 20916 --- [user] [restartedMain] com.ecommerce.user.UserApplication       : Started UserApplication in 3.138 seconds (process running for 310.53)
2026-08-16T13:54:18.144+05:30  INFO 20916 --- [user] [restartedMain] .ConditionEvaluationDeltaLoggingListener : Condition evaluation unchanged
2026-08-16T13:57:31.644+05:30  INFO 20916 --- [user] [File Watcher] rtingClassPathChangeChangedEventListener : Restarting due to 1 class path change (0 additions, 1 deletion, 0 modifications)
2026-08-16T13:57:31.646+05:30  INFO 20916 --- [user] [Thread-25] o.s.c.n.e.s.EurekaServiceRegistry        : Unregistering application USER with eureka with status DOWN
2026-08-16T13:57:31.646+05:30  INFO 20916 --- [user] [Thread-25] com.netflix.discovery.DiscoveryClient    : Saw local status change event StatusChangeEvent [timestamp=1786868851646, current=DOWN, previous=UP]
2026-08-16T13:57:31.647+05:30  INFO 20916 --- [user] [DiscoveryClient-InstanceInfoReplicator-%d] com.netflix.discovery.DiscoveryClient    : DiscoveryClient_USER/LAPTOP-5SP7S7OV:user:8082: registering service...
2026-08-16T13:57:31.648+05:30  INFO 20916 --- [user] [Thread-25] o.s.b.w.e.tomcat.GracefulShutdown        : Commencing graceful shutdown. Waiting for active requests to complete
2026-08-16T13:57:31.656+05:30  INFO 20916 --- [user] [tomcat-shutdown] o.s.b.w.e.tomcat.GracefulShutdown        : Graceful shutdown complete
2026-08-16T13:57:31.659+05:30  INFO 20916 --- [user] [Thread-25] j.LocalContainerEntityManagerFactoryBean : Closing JPA EntityManagerFactory for persistence unit 'default'
2026-08-16T13:57:31.660+05:30  INFO 20916 --- [user] [Thread-25] com.zaxxer.hikari.HikariDataSource       : HikariPool-5 - Shutdown initiated...
2026-08-16T13:57:31.663+05:30  INFO 20916 --- [user] [DiscoveryClient-InstanceInfoReplicator-%d] com.netflix.discovery.DiscoveryClient    : DiscoveryClient_USER/LAPTOP-5SP7S7OV:user:8082 - registration status: 204
2026-08-16T13:57:31.671+05:30  INFO 20916 --- [user] [Thread-25] com.zaxxer.hikari.HikariDataSource       : HikariPool-5 - Shutdown completed.
2026-08-16T13:57:31.671+05:30  INFO 20916 --- [user] [Thread-25] com.netflix.discovery.DiscoveryClient    : Shutting down DiscoveryClient ...
2026-08-16T13:57:34.678+05:30  INFO 20916 --- [user] [Thread-25] com.netflix.discovery.DiscoveryClient    : Unregistering ...
2026-08-16T13:57:34.698+05:30  INFO 20916 --- [user] [Thread-25] com.netflix.discovery.DiscoveryClient    : DiscoveryClient_USER/LAPTOP-5SP7S7OV:user:8082 - deregister  status: 200
2026-08-16T13:57:34.698+05:30  INFO 20916 --- [user] [Thread-25] com.netflix.discovery.DiscoveryClient    : Completed shut down of DiscoveryClient
2026-08-16T13:57:34.906+05:30  INFO 20916 --- [user] [restartedMain] com.ecommerce.user.UserApplication       : Starting UserApplication using Java 22.0.2 with PID 20916 (C:\Java_Projects\Updated_Ecom_Project\user\target\classes started by baibh in C:\Java_Projects\Updated_Ecom_Project)
2026-08-16T13:57:34.906+05:30  INFO 20916 --- [user] [restartedMain] com.ecommerce.user.UserApplication       : No active profile set, falling back to 1 default profile: "default"
2026-08-16T13:57:34.908+05:30  INFO 20916 --- [user] [restartedMain] o.s.c.c.c.ConfigServerConfigDataLoader   : Fetching config from server at : http://localhost:8888
2026-08-16T13:57:34.908+05:30  INFO 20916 --- [user] [restartedMain] o.s.c.c.c.ConfigServerConfigDataLoader   : Located environment: name=user, profiles=[default], label=null, version=null, state=null
2026-08-16T13:57:35.470+05:30  INFO 20916 --- [user] [restartedMain] .s.d.r.c.RepositoryConfigurationDelegate : Bootstrapping Spring Data JPA repositories in DEFAULT mode.
2026-08-16T13:57:35.488+05:30  INFO 20916 --- [user] [restartedMain] .s.d.r.c.RepositoryConfigurationDelegate : Finished Spring Data repository scanning in 16 ms. Found 1 JPA repository interface.
2026-08-16T13:57:35.615+05:30  INFO 20916 --- [user] [restartedMain] o.s.cloud.context.scope.GenericScope     : BeanFactory id=f5f76aed-b3b1-3238-9ea7-b193f4a7ea29
2026-08-16T13:57:35.772+05:30  INFO 20916 --- [user] [restartedMain] o.s.b.w.embedded.tomcat.TomcatWebServer  : Tomcat initialized with port 8082 (http)
2026-08-16T13:57:35.773+05:30  INFO 20916 --- [user] [restartedMain] o.apache.catalina.core.StandardService   : Starting service [Tomcat]
2026-08-16T13:57:35.773+05:30  INFO 20916 --- [user] [restartedMain] o.apache.catalina.core.StandardEngine    : Starting Servlet engine: [Apache Tomcat/10.1.34]
2026-08-16T13:57:35.833+05:30  INFO 20916 --- [user] [restartedMain] o.a.c.c.C.[Tomcat].[localhost].[/]       : Initializing Spring embedded WebApplicationContext
2026-08-16T13:57:35.833+05:30  INFO 20916 --- [user] [restartedMain] w.s.c.ServletWebServerApplicationContext : Root WebApplicationContext: initialization completed in 925 ms
2026-08-16T13:57:35.970+05:30  INFO 20916 --- [user] [restartedMain] o.hibernate.jpa.internal.util.LogHelper  : HHH000204: Processing PersistenceUnitInfo [name: default]
2026-08-16T13:57:35.974+05:30  INFO 20916 --- [user] [restartedMain] o.h.c.internal.RegionFactoryInitiator    : HHH000026: Second-level cache disabled
2026-08-16T13:57:35.988+05:30  INFO 20916 --- [user] [restartedMain] o.s.o.j.p.SpringPersistenceUnitInfo      : No LoadTimeWeaver setup: ignoring JPA class transformer
2026-08-16T13:57:35.989+05:30  INFO 20916 --- [user] [restartedMain] com.zaxxer.hikari.HikariDataSource       : HikariPool-6 - Starting...
2026-08-16T13:57:36.004+05:30  INFO 20916 --- [user] [restartedMain] com.zaxxer.hikari.pool.HikariPool        : HikariPool-6 - Added connection com.mysql.cj.jdbc.ConnectionImpl@1322e73b
2026-08-16T13:57:36.004+05:30  INFO 20916 --- [user] [restartedMain] com.zaxxer.hikari.HikariDataSource       : HikariPool-6 - Start completed.
2026-08-16T13:57:36.005+05:30  WARN 20916 --- [user] [restartedMain] org.hibernate.orm.deprecation            : HHH90000025: MySQL8Dialect does not need to be specified explicitly using 'hibernate.dialect' (remove the property setting and it will be selected by default)
2026-08-16T13:57:36.005+05:30  WARN 20916 --- [user] [restartedMain] org.hibernate.orm.deprecation            : HHH90000026: MySQL8Dialect has been deprecated; use org.hibernate.dialect.MySQLDialect instead
2026-08-16T13:57:36.005+05:30  INFO 20916 --- [user] [restartedMain] org.hibernate.orm.connections.pooling    : HHH10001005: Database info:
	Database JDBC URL [Connecting through datasource 'HikariDataSource (HikariPool-6)']
	Database driver: undefined/unknown
	Database version: 8.0
	Autocommit mode: undefined/unknown
	Isolation level: undefined/unknown
	Minimum pool size: undefined/unknown
	Maximum pool size: undefined/unknown
2026-08-16T13:57:36.085+05:30  INFO 20916 --- [user] [restartedMain] o.h.e.t.j.p.i.JtaPlatformInitiator       : HHH000489: No JTA platform available (set 'hibernate.transaction.jta.platform' to enable JTA platform integration)
2026-08-16T13:57:36.101+05:30  INFO 20916 --- [user] [restartedMain] j.LocalContainerEntityManagerFactoryBean : Initialized JPA EntityManagerFactory for persistence unit 'default'
2026-08-16T13:57:36.220+05:30  INFO 20916 --- [user] [restartedMain] eAuthenticationProviderManagerConfigurer : Global AuthenticationManager configured with AuthenticationProvider bean with name authProvider
2026-08-16T13:57:36.221+05:30  WARN 20916 --- [user] [restartedMain] r$InitializeUserDetailsManagerConfigurer : Global AuthenticationManager configured with an AuthenticationProvider bean. UserDetailsService beans will not be used by Spring Security for automatically configuring username/password login. Consider removing the AuthenticationProvider bean. Alternatively, consider using the UserDetailsService in a manually instantiated DaoAuthenticationProvider. If the current configuration is intentional, to turn off this warning, increase the logging level of 'org.springframework.security.config.annotation.authentication.configuration.InitializeUserDetailsBeanManagerConfigurer' to ERROR
2026-08-16T13:57:36.238+05:30  WARN 20916 --- [user] [restartedMain] JpaBaseConfiguration$JpaWebConfiguration : spring.jpa.open-in-view is enabled by default. Therefore, database queries may be performed during view rendering. Explicitly configure spring.jpa.open-in-view to disable this warning
2026-08-16T13:57:36.517+05:30  INFO 20916 --- [user] [restartedMain] o.s.b.a.e.web.EndpointLinksResolver      : Exposing 18 endpoints beneath base path '/actuator'
2026-08-16T13:57:36.728+05:30  WARN 20916 --- [user] [restartedMain] o.s.b.d.a.OptionalLiveReloadServer       : Unable to start LiveReload server
2026-08-16T13:57:36.757+05:30  INFO 20916 --- [user] [restartedMain] DiscoveryClientOptionalArgsConfiguration : Eureka HTTP Client uses RestTemplate.
2026-08-16T13:57:36.788+05:30  WARN 20916 --- [user] [restartedMain] iguration$LoadBalancerCaffeineWarnLogger : Spring Cloud LoadBalancer is currently working with the default cache. While this cache implementation is useful for development and tests, it's recommended to use Caffeine cache in production.You can switch to using Caffeine cache, by adding it and org.springframework.cache.caffeine.CaffeineCacheManager to the classpath.
2026-08-16T13:57:36.802+05:30  INFO 20916 --- [user] [restartedMain] o.s.c.n.eureka.InstanceInfoFactory       : Setting initial instance status as: STARTING
2026-08-16T13:57:36.804+05:30  INFO 20916 --- [user] [restartedMain] com.netflix.discovery.DiscoveryClient    : Initializing Eureka in region us-east-1
2026-08-16T13:57:36.805+05:30  INFO 20916 --- [user] [restartedMain] c.n.d.s.r.aws.ConfigClusterResolver      : Resolving eureka endpoints via configuration
2026-08-16T13:57:36.805+05:30  INFO 20916 --- [user] [restartedMain] com.netflix.discovery.DiscoveryClient    : Disable delta property : false
2026-08-16T13:57:36.805+05:30  INFO 20916 --- [user] [restartedMain] com.netflix.discovery.DiscoveryClient    : Single vip registry refresh property : null
2026-08-16T13:57:36.806+05:30  INFO 20916 --- [user] [restartedMain] com.netflix.discovery.DiscoveryClient    : Force full registry fetch : false
2026-08-16T13:57:36.806+05:30  INFO 20916 --- [user] [restartedMain] com.netflix.discovery.DiscoveryClient    : Application is null : false
2026-08-16T13:57:36.806+05:30  INFO 20916 --- [user] [restartedMain] com.netflix.discovery.DiscoveryClient    : Registered Applications size is zero : true
2026-08-16T13:57:36.806+05:30  INFO 20916 --- [user] [restartedMain] com.netflix.discovery.DiscoveryClient    : Application version is -1: true
2026-08-16T13:57:36.806+05:30  INFO 20916 --- [user] [restartedMain] com.netflix.discovery.DiscoveryClient    : Getting all instance registry info from the eureka server
2026-08-16T13:57:36.840+05:30  INFO 20916 --- [user] [restartedMain] com.netflix.discovery.DiscoveryClient    : The response status is 200
2026-08-16T13:57:36.840+05:30  INFO 20916 --- [user] [restartedMain] com.netflix.discovery.DiscoveryClient    : Starting heartbeat executor: renew interval is: 30
2026-08-16T13:57:36.841+05:30  INFO 20916 --- [user] [restartedMain] c.n.discovery.InstanceInfoReplicator     : InstanceInfoReplicator onDemand update allowed rate per min is 4
2026-08-16T13:57:36.842+05:30  INFO 20916 --- [user] [restartedMain] com.netflix.discovery.DiscoveryClient    : Discovery Client initialized at timestamp 1786868856841 with initial instances count: 4
2026-08-16T13:57:36.846+05:30  INFO 20916 --- [user] [restartedMain] o.s.c.n.e.s.EurekaServiceRegistry        : Registering application USER with eureka with status UP
2026-08-16T13:57:36.846+05:30  INFO 20916 --- [user] [restartedMain] com.netflix.discovery.DiscoveryClient    : Saw local status change event StatusChangeEvent [timestamp=1786868856846, current=UP, previous=STARTING]
2026-08-16T13:57:36.847+05:30  INFO 20916 --- [user] [DiscoveryClient-InstanceInfoReplicator-%d] com.netflix.discovery.DiscoveryClient    : DiscoveryClient_USER/LAPTOP-5SP7S7OV:user:8082: registering service...
2026-08-16T13:57:36.852+05:30  INFO 20916 --- [user] [restartedMain] o.s.b.w.embedded.tomcat.TomcatWebServer  : Tomcat started on port 8082 (http) with context path '/'
2026-08-16T13:57:36.853+05:30  INFO 20916 --- [user] [restartedMain] .s.c.n.e.s.EurekaAutoServiceRegistration : Updating port to 8082
2026-08-16T13:57:36.863+05:30  INFO 20916 --- [user] [DiscoveryClient-InstanceInfoReplicator-%d] com.netflix.discovery.DiscoveryClient    : DiscoveryClient_USER/LAPTOP-5SP7S7OV:user:8082 - registration status: 204
2026-08-16T13:57:36.865+05:30  INFO 20916 --- [user] [restartedMain] com.ecommerce.user.UserApplication       : Started UserApplication in 2.063 seconds (process running for 509.255)
2026-08-16T13:57:36.867+05:30  INFO 20916 --- [user] [restartedMain] .ConditionEvaluationDeltaLoggingListener : Condition evaluation unchanged
2026-08-16T13:57:38.154+05:30  INFO 20916 --- [user] [File Watcher] rtingClassPathChangeChangedEventListener : Restarting due to 1 class path change (1 addition, 0 deletions, 0 modifications)
2026-08-16T13:57:38.156+05:30  INFO 20916 --- [user] [Thread-31] o.s.c.n.e.s.EurekaServiceRegistry        : Unregistering application USER with eureka with status DOWN
2026-08-16T13:57:38.156+05:30  INFO 20916 --- [user] [Thread-31] com.netflix.discovery.DiscoveryClient    : Saw local status change event StatusChangeEvent [timestamp=1786868858156, current=DOWN, previous=UP]
2026-08-16T13:57:38.157+05:30  INFO 20916 --- [user] [DiscoveryClient-InstanceInfoReplicator-%d] com.netflix.discovery.DiscoveryClient    : DiscoveryClient_USER/LAPTOP-5SP7S7OV:user:8082: registering service...
2026-08-16T13:57:38.158+05:30  INFO 20916 --- [user] [Thread-31] o.s.b.w.e.tomcat.GracefulShutdown        : Commencing graceful shutdown. Waiting for active requests to complete
2026-08-16T13:57:38.166+05:30  INFO 20916 --- [user] [DiscoveryClient-InstanceInfoReplicator-%d] com.netflix.discovery.DiscoveryClient    : DiscoveryClient_USER/LAPTOP-5SP7S7OV:user:8082 - registration status: 204
2026-08-16T13:57:38.169+05:30  INFO 20916 --- [user] [tomcat-shutdown] o.s.b.w.e.tomcat.GracefulShutdown        : Graceful shutdown complete
2026-08-16T13:57:38.172+05:30  INFO 20916 --- [user] [Thread-31] j.LocalContainerEntityManagerFactoryBean : Closing JPA EntityManagerFactory for persistence unit 'default'
2026-08-16T13:57:38.172+05:30  INFO 20916 --- [user] [Thread-31] com.zaxxer.hikari.HikariDataSource       : HikariPool-6 - Shutdown initiated...
2026-08-16T13:57:38.180+05:30  INFO 20916 --- [user] [Thread-31] com.zaxxer.hikari.HikariDataSource       : HikariPool-6 - Shutdown completed.
2026-08-16T13:57:38.181+05:30  INFO 20916 --- [user] [Thread-31] com.netflix.discovery.DiscoveryClient    : Shutting down DiscoveryClient ...
2026-08-16T13:57:41.193+05:30  INFO 20916 --- [user] [Thread-31] com.netflix.discovery.DiscoveryClient    : Unregistering ...
2026-08-16T13:57:41.216+05:30  INFO 20916 --- [user] [Thread-31] com.netflix.discovery.DiscoveryClient    : DiscoveryClient_USER/LAPTOP-5SP7S7OV:user:8082 - deregister  status: 200
2026-08-16T13:57:41.217+05:30  INFO 20916 --- [user] [Thread-31] com.netflix.discovery.DiscoveryClient    : Completed shut down of DiscoveryClient
2026-08-16T13:57:41.367+05:30  INFO 20916 --- [user] [restartedMain] com.ecommerce.user.UserApplication       : Starting UserApplication using Java 22.0.2 with PID 20916 (C:\Java_Projects\Updated_Ecom_Project\user\target\classes started by baibh in C:\Java_Projects\Updated_Ecom_Project)
2026-08-16T13:57:41.367+05:30  INFO 20916 --- [user] [restartedMain] com.ecommerce.user.UserApplication       : No active profile set, falling back to 1 default profile: "default"
2026-08-16T13:57:41.369+05:30  INFO 20916 --- [user] [restartedMain] o.s.c.c.c.ConfigServerConfigDataLoader   : Fetching config from server at : http://localhost:8888
2026-08-16T13:57:41.369+05:30  INFO 20916 --- [user] [restartedMain] o.s.c.c.c.ConfigServerConfigDataLoader   : Located environment: name=user, profiles=[default], label=null, version=null, state=null
2026-08-16T13:57:41.652+05:30  INFO 20916 --- [user] [restartedMain] .s.d.r.c.RepositoryConfigurationDelegate : Bootstrapping Spring Data JPA repositories in DEFAULT mode.
2026-08-16T13:57:41.661+05:30  INFO 20916 --- [user] [restartedMain] .s.d.r.c.RepositoryConfigurationDelegate : Finished Spring Data repository scanning in 8 ms. Found 1 JPA repository interface.
2026-08-16T13:57:41.726+05:30  INFO 20916 --- [user] [restartedMain] o.s.cloud.context.scope.GenericScope     : BeanFactory id=f5f76aed-b3b1-3238-9ea7-b193f4a7ea29
2026-08-16T13:57:41.851+05:30  INFO 20916 --- [user] [restartedMain] o.s.b.w.embedded.tomcat.TomcatWebServer  : Tomcat initialized with port 8082 (http)
2026-08-16T13:57:41.852+05:30  INFO 20916 --- [user] [restartedMain] o.apache.catalina.core.StandardService   : Starting service [Tomcat]
2026-08-16T13:57:41.853+05:30  INFO 20916 --- [user] [restartedMain] o.apache.catalina.core.StandardEngine    : Starting Servlet engine: [Apache Tomcat/10.1.34]
2026-08-16T13:57:41.910+05:30  INFO 20916 --- [user] [restartedMain] o.a.c.c.C.[Tomcat].[localhost].[/]       : Initializing Spring embedded WebApplicationContext
2026-08-16T13:57:41.910+05:30  INFO 20916 --- [user] [restartedMain] w.s.c.ServletWebServerApplicationContext : Root WebApplicationContext: initialization completed in 541 ms
2026-08-16T13:57:42.046+05:30  INFO 20916 --- [user] [restartedMain] o.hibernate.jpa.internal.util.LogHelper  : HHH000204: Processing PersistenceUnitInfo [name: default]
2026-08-16T13:57:42.049+05:30  INFO 20916 --- [user] [restartedMain] o.h.c.internal.RegionFactoryInitiator    : HHH000026: Second-level cache disabled
2026-08-16T13:57:42.061+05:30  INFO 20916 --- [user] [restartedMain] o.s.o.j.p.SpringPersistenceUnitInfo      : No LoadTimeWeaver setup: ignoring JPA class transformer
2026-08-16T13:57:42.062+05:30  INFO 20916 --- [user] [restartedMain] com.zaxxer.hikari.HikariDataSource       : HikariPool-7 - Starting...
2026-08-16T13:57:42.078+05:30  INFO 20916 --- [user] [restartedMain] com.zaxxer.hikari.pool.HikariPool        : HikariPool-7 - Added connection com.mysql.cj.jdbc.ConnectionImpl@1a8eb93
2026-08-16T13:57:42.078+05:30  INFO 20916 --- [user] [restartedMain] com.zaxxer.hikari.HikariDataSource       : HikariPool-7 - Start completed.
2026-08-16T13:57:42.079+05:30  WARN 20916 --- [user] [restartedMain] org.hibernate.orm.deprecation            : HHH90000025: MySQL8Dialect does not need to be specified explicitly using 'hibernate.dialect' (remove the property setting and it will be selected by default)
2026-08-16T13:57:42.079+05:30  WARN 20916 --- [user] [restartedMain] org.hibernate.orm.deprecation            : HHH90000026: MySQL8Dialect has been deprecated; use org.hibernate.dialect.MySQLDialect instead
2026-08-16T13:57:42.080+05:30  INFO 20916 --- [user] [restartedMain] org.hibernate.orm.connections.pooling    : HHH10001005: Database info:
	Database JDBC URL [Connecting through datasource 'HikariDataSource (HikariPool-7)']
	Database driver: undefined/unknown
	Database version: 8.0
	Autocommit mode: undefined/unknown
	Isolation level: undefined/unknown
	Minimum pool size: undefined/unknown
	Maximum pool size: undefined/unknown
2026-08-16T13:57:42.150+05:30  INFO 20916 --- [user] [restartedMain] o.h.e.t.j.p.i.JtaPlatformInitiator       : HHH000489: No JTA platform available (set 'hibernate.transaction.jta.platform' to enable JTA platform integration)
2026-08-16T13:57:42.166+05:30  INFO 20916 --- [user] [restartedMain] j.LocalContainerEntityManagerFactoryBean : Initialized JPA EntityManagerFactory for persistence unit 'default'
2026-08-16T13:57:42.263+05:30  INFO 20916 --- [user] [restartedMain] eAuthenticationProviderManagerConfigurer : Global AuthenticationManager configured with AuthenticationProvider bean with name authProvider
2026-08-16T13:57:42.263+05:30  WARN 20916 --- [user] [restartedMain] r$InitializeUserDetailsManagerConfigurer : Global AuthenticationManager configured with an AuthenticationProvider bean. UserDetailsService beans will not be used by Spring Security for automatically configuring username/password login. Consider removing the AuthenticationProvider bean. Alternatively, consider using the UserDetailsService in a manually instantiated DaoAuthenticationProvider. If the current configuration is intentional, to turn off this warning, increase the logging level of 'org.springframework.security.config.annotation.authentication.configuration.InitializeUserDetailsBeanManagerConfigurer' to ERROR
2026-08-16T13:57:42.287+05:30  WARN 20916 --- [user] [restartedMain] JpaBaseConfiguration$JpaWebConfiguration : spring.jpa.open-in-view is enabled by default. Therefore, database queries may be performed during view rendering. Explicitly configure spring.jpa.open-in-view to disable this warning
2026-08-16T13:57:42.551+05:30  INFO 20916 --- [user] [restartedMain] o.s.b.a.e.web.EndpointLinksResolver      : Exposing 18 endpoints beneath base path '/actuator'
2026-08-16T13:57:42.754+05:30  WARN 20916 --- [user] [restartedMain] o.s.b.d.a.OptionalLiveReloadServer       : Unable to start LiveReload server
2026-08-16T13:57:42.782+05:30  INFO 20916 --- [user] [restartedMain] DiscoveryClientOptionalArgsConfiguration : Eureka HTTP Client uses RestTemplate.
2026-08-16T13:57:42.822+05:30  WARN 20916 --- [user] [restartedMain] iguration$LoadBalancerCaffeineWarnLogger : Spring Cloud LoadBalancer is currently working with the default cache. While this cache implementation is useful for development and tests, it's recommended to use Caffeine cache in production.You can switch to using Caffeine cache, by adding it and org.springframework.cache.caffeine.CaffeineCacheManager to the classpath.
2026-08-16T13:57:42.840+05:30  INFO 20916 --- [user] [restartedMain] o.s.c.n.eureka.InstanceInfoFactory       : Setting initial instance status as: STARTING
2026-08-16T13:57:42.844+05:30  INFO 20916 --- [user] [restartedMain] com.netflix.discovery.DiscoveryClient    : Initializing Eureka in region us-east-1
2026-08-16T13:57:42.844+05:30  INFO 20916 --- [user] [restartedMain] c.n.d.s.r.aws.ConfigClusterResolver      : Resolving eureka endpoints via configuration
2026-08-16T13:57:42.844+05:30  INFO 20916 --- [user] [restartedMain] com.netflix.discovery.DiscoveryClient    : Disable delta property : false
2026-08-16T13:57:42.845+05:30  INFO 20916 --- [user] [restartedMain] com.netflix.discovery.DiscoveryClient    : Single vip registry refresh property : null
2026-08-16T13:57:42.845+05:30  INFO 20916 --- [user] [restartedMain] com.netflix.discovery.DiscoveryClient    : Force full registry fetch : false
2026-08-16T13:57:42.845+05:30  INFO 20916 --- [user] [restartedMain] com.netflix.discovery.DiscoveryClient    : Application is null : false
2026-08-16T13:57:42.845+05:30  INFO 20916 --- [user] [restartedMain] com.netflix.discovery.DiscoveryClient    : Registered Applications size is zero : true
2026-08-16T13:57:42.845+05:30  INFO 20916 --- [user] [restartedMain] com.netflix.discovery.DiscoveryClient    : Application version is -1: true
2026-08-16T13:57:42.845+05:30  INFO 20916 --- [user] [restartedMain] com.netflix.discovery.DiscoveryClient    : Getting all instance registry info from the eureka server
2026-08-16T13:57:42.878+05:30  INFO 20916 --- [user] [restartedMain] com.netflix.discovery.DiscoveryClient    : The response status is 200
2026-08-16T13:57:42.879+05:30  INFO 20916 --- [user] [restartedMain] com.netflix.discovery.DiscoveryClient    : Starting heartbeat executor: renew interval is: 30
2026-08-16T13:57:42.880+05:30  INFO 20916 --- [user] [restartedMain] c.n.discovery.InstanceInfoReplicator     : InstanceInfoReplicator onDemand update allowed rate per min is 4
2026-08-16T13:57:42.880+05:30  INFO 20916 --- [user] [restartedMain] com.netflix.discovery.DiscoveryClient    : Discovery Client initialized at timestamp 1786868862880 with initial instances count: 4
2026-08-16T13:57:42.885+05:30  INFO 20916 --- [user] [restartedMain] o.s.c.n.e.s.EurekaServiceRegistry        : Registering application USER with eureka with status UP
2026-08-16T13:57:42.886+05:30  INFO 20916 --- [user] [restartedMain] com.netflix.discovery.DiscoveryClient    : Saw local status change event StatusChangeEvent [timestamp=1786868862886, current=UP, previous=STARTING]
2026-08-16T13:57:42.886+05:30  INFO 20916 --- [user] [DiscoveryClient-InstanceInfoReplicator-%d] com.netflix.discovery.DiscoveryClient    : DiscoveryClient_USER/LAPTOP-5SP7S7OV:user:8082: registering service...
2026-08-16T13:57:42.892+05:30  INFO 20916 --- [user] [restartedMain] o.s.b.w.embedded.tomcat.TomcatWebServer  : Tomcat started on port 8082 (http) with context path '/'
2026-08-16T13:57:42.893+05:30  INFO 20916 --- [user] [restartedMain] .s.c.n.e.s.EurekaAutoServiceRegistration : Updating port to 8082
2026-08-16T13:57:42.902+05:30  INFO 20916 --- [user] [DiscoveryClient-InstanceInfoReplicator-%d] com.netflix.discovery.DiscoveryClient    : DiscoveryClient_USER/LAPTOP-5SP7S7OV:user:8082 - registration status: 204
2026-08-16T13:57:42.906+05:30  INFO 20916 --- [user] [restartedMain] com.ecommerce.user.UserApplication       : Started UserApplication in 1.609 seconds (process running for 515.296)
2026-08-16T13:57:42.908+05:30  INFO 20916 --- [user] [restartedMain] .ConditionEvaluationDeltaLoggingListener : Condition evaluation unchanged
2026-08-16T13:58:41.547+05:30  INFO 20916 --- [user] [File Watcher] rtingClassPathChangeChangedEventListener : Restarting due to 1 class path change (0 additions, 1 deletion, 0 modifications)
2026-08-16T13:58:41.548+05:30  INFO 20916 --- [user] [Thread-37] o.s.c.n.e.s.EurekaServiceRegistry        : Unregistering application USER with eureka with status DOWN
2026-08-16T13:58:41.548+05:30  INFO 20916 --- [user] [Thread-37] com.netflix.discovery.DiscoveryClient    : Saw local status change event StatusChangeEvent [timestamp=1786868921548, current=DOWN, previous=UP]
2026-08-16T13:58:41.549+05:30  INFO 20916 --- [user] [DiscoveryClient-InstanceInfoReplicator-%d] com.netflix.discovery.DiscoveryClient    : DiscoveryClient_USER/LAPTOP-5SP7S7OV:user:8082: registering service...
2026-08-16T13:58:41.550+05:30  INFO 20916 --- [user] [Thread-37] o.s.b.w.e.tomcat.GracefulShutdown        : Commencing graceful shutdown. Waiting for active requests to complete
2026-08-16T13:58:41.559+05:30  INFO 20916 --- [user] [tomcat-shutdown] o.s.b.w.e.tomcat.GracefulShutdown        : Graceful shutdown complete
2026-08-16T13:58:41.563+05:30  INFO 20916 --- [user] [Thread-37] j.LocalContainerEntityManagerFactoryBean : Closing JPA EntityManagerFactory for persistence unit 'default'
2026-08-16T13:58:41.564+05:30  INFO 20916 --- [user] [Thread-37] com.zaxxer.hikari.HikariDataSource       : HikariPool-7 - Shutdown initiated...
2026-08-16T13:58:41.566+05:30  INFO 20916 --- [user] [DiscoveryClient-InstanceInfoReplicator-%d] com.netflix.discovery.DiscoveryClient    : DiscoveryClient_USER/LAPTOP-5SP7S7OV:user:8082 - registration status: 204
2026-08-16T13:58:41.572+05:30  INFO 20916 --- [user] [Thread-37] com.zaxxer.hikari.HikariDataSource       : HikariPool-7 - Shutdown completed.
2026-08-16T13:58:41.573+05:30  INFO 20916 --- [user] [Thread-37] com.netflix.discovery.DiscoveryClient    : Shutting down DiscoveryClient ...
2026-08-16T13:58:44.581+05:30  INFO 20916 --- [user] [Thread-37] com.netflix.discovery.DiscoveryClient    : Unregistering ...
2026-08-16T13:58:44.581+05:30  WARN 20916 --- [user] [DiscoveryClient-%d] c.netflix.discovery.TimedSupervisorTask  : task supervisor shutting down, can't accept the task
2026-08-16T13:58:44.585+05:30  INFO 20916 --- [user] [Thread-37] com.netflix.discovery.DiscoveryClient    : DiscoveryClient_USER/LAPTOP-5SP7S7OV:user:8082 - deregister  status: 200
2026-08-16T13:58:44.585+05:30  INFO 20916 --- [user] [Thread-37] com.netflix.discovery.DiscoveryClient    : Completed shut down of DiscoveryClient
2026-08-16T13:58:44.752+05:30  INFO 20916 --- [user] [restartedMain] com.ecommerce.user.UserApplication       : Starting UserApplication using Java 22.0.2 with PID 20916 (C:\Java_Projects\Updated_Ecom_Project\user\target\classes started by baibh in C:\Java_Projects\Updated_Ecom_Project)
2026-08-16T13:58:44.752+05:30  INFO 20916 --- [user] [restartedMain] com.ecommerce.user.UserApplication       : No active profile set, falling back to 1 default profile: "default"
2026-08-16T13:58:44.754+05:30  INFO 20916 --- [user] [restartedMain] o.s.c.c.c.ConfigServerConfigDataLoader   : Fetching config from server at : http://localhost:8888
2026-08-16T13:58:44.754+05:30  INFO 20916 --- [user] [restartedMain] o.s.c.c.c.ConfigServerConfigDataLoader   : Located environment: name=user, profiles=[default], label=null, version=null, state=null
2026-08-16T13:58:45.077+05:30  INFO 20916 --- [user] [restartedMain] .s.d.r.c.RepositoryConfigurationDelegate : Bootstrapping Spring Data JPA repositories in DEFAULT mode.
2026-08-16T13:58:45.091+05:30  INFO 20916 --- [user] [restartedMain] .s.d.r.c.RepositoryConfigurationDelegate : Finished Spring Data repository scanning in 12 ms. Found 1 JPA repository interface.
2026-08-16T13:58:45.202+05:30  INFO 20916 --- [user] [restartedMain] o.s.cloud.context.scope.GenericScope     : BeanFactory id=75fa288a-1e98-346d-8af3-679d302d399e
2026-08-16T13:58:45.332+05:30  INFO 20916 --- [user] [restartedMain] o.s.b.w.embedded.tomcat.TomcatWebServer  : Tomcat initialized with port 8082 (http)
2026-08-16T13:58:45.332+05:30  INFO 20916 --- [user] [restartedMain] o.apache.catalina.core.StandardService   : Starting service [Tomcat]
2026-08-16T13:58:45.333+05:30  INFO 20916 --- [user] [restartedMain] o.apache.catalina.core.StandardEngine    : Starting Servlet engine: [Apache Tomcat/10.1.34]
2026-08-16T13:58:45.368+05:30  INFO 20916 --- [user] [restartedMain] o.a.c.c.C.[Tomcat].[localhost].[/]       : Initializing Spring embedded WebApplicationContext
2026-08-16T13:58:45.368+05:30  INFO 20916 --- [user] [restartedMain] w.s.c.ServletWebServerApplicationContext : Root WebApplicationContext: initialization completed in 614 ms
2026-08-16T13:58:45.503+05:30  INFO 20916 --- [user] [restartedMain] o.hibernate.jpa.internal.util.LogHelper  : HHH000204: Processing PersistenceUnitInfo [name: default]
2026-08-16T13:58:45.506+05:30  INFO 20916 --- [user] [restartedMain] o.h.c.internal.RegionFactoryInitiator    : HHH000026: Second-level cache disabled
2026-08-16T13:58:45.515+05:30  INFO 20916 --- [user] [restartedMain] o.s.o.j.p.SpringPersistenceUnitInfo      : No LoadTimeWeaver setup: ignoring JPA class transformer
2026-08-16T13:58:45.517+05:30  INFO 20916 --- [user] [restartedMain] com.zaxxer.hikari.HikariDataSource       : HikariPool-8 - Starting...
2026-08-16T13:58:45.532+05:30  INFO 20916 --- [user] [restartedMain] com.zaxxer.hikari.pool.HikariPool        : HikariPool-8 - Added connection com.mysql.cj.jdbc.ConnectionImpl@54c09a83
2026-08-16T13:58:45.532+05:30  INFO 20916 --- [user] [restartedMain] com.zaxxer.hikari.HikariDataSource       : HikariPool-8 - Start completed.
2026-08-16T13:58:45.533+05:30  WARN 20916 --- [user] [restartedMain] org.hibernate.orm.deprecation            : HHH90000025: MySQL8Dialect does not need to be specified explicitly using 'hibernate.dialect' (remove the property setting and it will be selected by default)
2026-08-16T13:58:45.533+05:30  WARN 20916 --- [user] [restartedMain] org.hibernate.orm.deprecation            : HHH90000026: MySQL8Dialect has been deprecated; use org.hibernate.dialect.MySQLDialect instead
2026-08-16T13:58:45.533+05:30  INFO 20916 --- [user] [restartedMain] org.hibernate.orm.connections.pooling    : HHH10001005: Database info:
	Database JDBC URL [Connecting through datasource 'HikariDataSource (HikariPool-8)']
	Database driver: undefined/unknown
	Database version: 8.0
	Autocommit mode: undefined/unknown
	Isolation level: undefined/unknown
	Minimum pool size: undefined/unknown
	Maximum pool size: undefined/unknown
2026-08-16T13:58:45.647+05:30  INFO 20916 --- [user] [restartedMain] o.h.e.t.j.p.i.JtaPlatformInitiator       : HHH000489: No JTA platform available (set 'hibernate.transaction.jta.platform' to enable JTA platform integration)
2026-08-16T13:58:45.657+05:30  INFO 20916 --- [user] [restartedMain] j.LocalContainerEntityManagerFactoryBean : Initialized JPA EntityManagerFactory for persistence unit 'default'
2026-08-16T13:58:45.771+05:30  INFO 20916 --- [user] [restartedMain] eAuthenticationProviderManagerConfigurer : Global AuthenticationManager configured with AuthenticationProvider bean with name authProvider
2026-08-16T13:58:45.771+05:30  WARN 20916 --- [user] [restartedMain] r$InitializeUserDetailsManagerConfigurer : Global AuthenticationManager configured with an AuthenticationProvider bean. UserDetailsService beans will not be used by Spring Security for automatically configuring username/password login. Consider removing the AuthenticationProvider bean. Alternatively, consider using the UserDetailsService in a manually instantiated DaoAuthenticationProvider. If the current configuration is intentional, to turn off this warning, increase the logging level of 'org.springframework.security.config.annotation.authentication.configuration.InitializeUserDetailsBeanManagerConfigurer' to ERROR
2026-08-16T13:58:45.795+05:30  WARN 20916 --- [user] [restartedMain] JpaBaseConfiguration$JpaWebConfiguration : spring.jpa.open-in-view is enabled by default. Therefore, database queries may be performed during view rendering. Explicitly configure spring.jpa.open-in-view to disable this warning
2026-08-16T13:58:46.217+05:30  INFO 20916 --- [user] [restartedMain] o.s.b.a.e.web.EndpointLinksResolver      : Exposing 18 endpoints beneath base path '/actuator'
2026-08-16T13:58:46.531+05:30  WARN 20916 --- [user] [restartedMain] o.s.b.d.a.OptionalLiveReloadServer       : Unable to start LiveReload server
2026-08-16T13:58:46.574+05:30  INFO 20916 --- [user] [restartedMain] DiscoveryClientOptionalArgsConfiguration : Eureka HTTP Client uses RestTemplate.
2026-08-16T13:58:46.628+05:30  WARN 20916 --- [user] [restartedMain] iguration$LoadBalancerCaffeineWarnLogger : Spring Cloud LoadBalancer is currently working with the default cache. While this cache implementation is useful for development and tests, it's recommended to use Caffeine cache in production.You can switch to using Caffeine cache, by adding it and org.springframework.cache.caffeine.CaffeineCacheManager to the classpath.
2026-08-16T13:58:46.649+05:30  INFO 20916 --- [user] [restartedMain] o.s.c.n.eureka.InstanceInfoFactory       : Setting initial instance status as: STARTING
2026-08-16T13:58:46.652+05:30  INFO 20916 --- [user] [restartedMain] com.netflix.discovery.DiscoveryClient    : Initializing Eureka in region us-east-1
2026-08-16T13:58:46.652+05:30  INFO 20916 --- [user] [restartedMain] c.n.d.s.r.aws.ConfigClusterResolver      : Resolving eureka endpoints via configuration
2026-08-16T13:58:46.653+05:30  INFO 20916 --- [user] [restartedMain] com.netflix.discovery.DiscoveryClient    : Disable delta property : false
2026-08-16T13:58:46.653+05:30  INFO 20916 --- [user] [restartedMain] com.netflix.discovery.DiscoveryClient    : Single vip registry refresh property : null
2026-08-16T13:58:46.653+05:30  INFO 20916 --- [user] [restartedMain] com.netflix.discovery.DiscoveryClient    : Force full registry fetch : false
2026-08-16T13:58:46.653+05:30  INFO 20916 --- [user] [restartedMain] com.netflix.discovery.DiscoveryClient    : Application is null : false
2026-08-16T13:58:46.653+05:30  INFO 20916 --- [user] [restartedMain] com.netflix.discovery.DiscoveryClient    : Registered Applications size is zero : true
2026-08-16T13:58:46.653+05:30  INFO 20916 --- [user] [restartedMain] com.netflix.discovery.DiscoveryClient    : Application version is -1: true
2026-08-16T13:58:46.653+05:30  INFO 20916 --- [user] [restartedMain] com.netflix.discovery.DiscoveryClient    : Getting all instance registry info from the eureka server
2026-08-16T13:58:46.688+05:30  INFO 20916 --- [user] [restartedMain] com.netflix.discovery.DiscoveryClient    : The response status is 200
2026-08-16T13:58:46.689+05:30  INFO 20916 --- [user] [restartedMain] com.netflix.discovery.DiscoveryClient    : Starting heartbeat executor: renew interval is: 30
2026-08-16T13:58:46.690+05:30  INFO 20916 --- [user] [restartedMain] c.n.discovery.InstanceInfoReplicator     : InstanceInfoReplicator onDemand update allowed rate per min is 4
2026-08-16T13:58:46.690+05:30  INFO 20916 --- [user] [restartedMain] com.netflix.discovery.DiscoveryClient    : Discovery Client initialized at timestamp 1786868926690 with initial instances count: 4
2026-08-16T13:58:46.694+05:30  INFO 20916 --- [user] [restartedMain] o.s.c.n.e.s.EurekaServiceRegistry        : Registering application USER with eureka with status UP
2026-08-16T13:58:46.694+05:30  INFO 20916 --- [user] [restartedMain] com.netflix.discovery.DiscoveryClient    : Saw local status change event StatusChangeEvent [timestamp=1786868926694, current=UP, previous=STARTING]
2026-08-16T13:58:46.694+05:30  INFO 20916 --- [user] [DiscoveryClient-InstanceInfoReplicator-%d] com.netflix.discovery.DiscoveryClient    : DiscoveryClient_USER/LAPTOP-5SP7S7OV:user:8082: registering service...
2026-08-16T13:58:46.700+05:30  INFO 20916 --- [user] [restartedMain] o.s.b.w.embedded.tomcat.TomcatWebServer  : Tomcat started on port 8082 (http) with context path '/'
2026-08-16T13:58:46.701+05:30  INFO 20916 --- [user] [restartedMain] .s.c.n.e.s.EurekaAutoServiceRegistration : Updating port to 8082
2026-08-16T13:58:46.711+05:30  INFO 20916 --- [user] [DiscoveryClient-InstanceInfoReplicator-%d] com.netflix.discovery.DiscoveryClient    : DiscoveryClient_USER/LAPTOP-5SP7S7OV:user:8082 - registration status: 204
2026-08-16T13:58:46.717+05:30  INFO 20916 --- [user] [restartedMain] com.ecommerce.user.UserApplication       : Started UserApplication in 2.048 seconds (process running for 579.108)
2026-08-16T13:58:46.721+05:30  INFO 20916 --- [user] [restartedMain] .ConditionEvaluationDeltaLoggingListener : Condition evaluation unchanged
2026-08-16T13:58:49.995+05:30  INFO 20916 --- [user] [File Watcher] rtingClassPathChangeChangedEventListener : Restarting due to 1 class path change (1 addition, 0 deletions, 0 modifications)
2026-08-16T13:58:49.996+05:30  INFO 20916 --- [user] [Thread-43] o.s.c.n.e.s.EurekaServiceRegistry        : Unregistering application USER with eureka with status DOWN
2026-08-16T13:58:49.996+05:30  INFO 20916 --- [user] [Thread-43] com.netflix.discovery.DiscoveryClient    : Saw local status change event StatusChangeEvent [timestamp=1786868929996, current=DOWN, previous=UP]
2026-08-16T13:58:49.997+05:30  INFO 20916 --- [user] [DiscoveryClient-InstanceInfoReplicator-%d] com.netflix.discovery.DiscoveryClient    : DiscoveryClient_USER/LAPTOP-5SP7S7OV:user:8082: registering service...
2026-08-16T13:58:49.997+05:30  INFO 20916 --- [user] [Thread-43] o.s.b.w.e.tomcat.GracefulShutdown        : Commencing graceful shutdown. Waiting for active requests to complete
2026-08-16T13:58:50.006+05:30  INFO 20916 --- [user] [tomcat-shutdown] o.s.b.w.e.tomcat.GracefulShutdown        : Graceful shutdown complete
2026-08-16T13:58:50.010+05:30  INFO 20916 --- [user] [Thread-43] j.LocalContainerEntityManagerFactoryBean : Closing JPA EntityManagerFactory for persistence unit 'default'
2026-08-16T13:58:50.011+05:30  INFO 20916 --- [user] [Thread-43] com.zaxxer.hikari.HikariDataSource       : HikariPool-8 - Shutdown initiated...
2026-08-16T13:58:50.014+05:30  INFO 20916 --- [user] [DiscoveryClient-InstanceInfoReplicator-%d] com.netflix.discovery.DiscoveryClient    : DiscoveryClient_USER/LAPTOP-5SP7S7OV:user:8082 - registration status: 204
2026-08-16T13:58:50.021+05:30  INFO 20916 --- [user] [Thread-43] com.zaxxer.hikari.HikariDataSource       : HikariPool-8 - Shutdown completed.
2026-08-16T13:58:50.022+05:30  INFO 20916 --- [user] [Thread-43] com.netflix.discovery.DiscoveryClient    : Shutting down DiscoveryClient ...
2026-08-16T13:58:53.026+05:30  INFO 20916 --- [user] [Thread-43] com.netflix.discovery.DiscoveryClient    : Unregistering ...
2026-08-16T13:58:53.045+05:30  INFO 20916 --- [user] [Thread-43] com.netflix.discovery.DiscoveryClient    : DiscoveryClient_USER/LAPTOP-5SP7S7OV:user:8082 - deregister  status: 200
2026-08-16T13:58:53.045+05:30  INFO 20916 --- [user] [Thread-43] com.netflix.discovery.DiscoveryClient    : Completed shut down of DiscoveryClient
2026-08-16T13:58:53.202+05:30  INFO 20916 --- [user] [restartedMain] com.ecommerce.user.UserApplication       : Starting UserApplication using Java 22.0.2 with PID 20916 (C:\Java_Projects\Updated_Ecom_Project\user\target\classes started by baibh in C:\Java_Projects\Updated_Ecom_Project)
2026-08-16T13:58:53.203+05:30  INFO 20916 --- [user] [restartedMain] com.ecommerce.user.UserApplication       : No active profile set, falling back to 1 default profile: "default"
2026-08-16T13:58:53.204+05:30  INFO 20916 --- [user] [restartedMain] o.s.c.c.c.ConfigServerConfigDataLoader   : Fetching config from server at : http://localhost:8888
2026-08-16T13:58:53.204+05:30  INFO 20916 --- [user] [restartedMain] o.s.c.c.c.ConfigServerConfigDataLoader   : Located environment: name=user, profiles=[default], label=null, version=null, state=null
2026-08-16T13:58:53.490+05:30  INFO 20916 --- [user] [restartedMain] .s.d.r.c.RepositoryConfigurationDelegate : Bootstrapping Spring Data JPA repositories in DEFAULT mode.
2026-08-16T13:58:53.500+05:30  INFO 20916 --- [user] [restartedMain] .s.d.r.c.RepositoryConfigurationDelegate : Finished Spring Data repository scanning in 8 ms. Found 1 JPA repository interface.
2026-08-16T13:58:53.578+05:30  INFO 20916 --- [user] [restartedMain] o.s.cloud.context.scope.GenericScope     : BeanFactory id=f5f76aed-b3b1-3238-9ea7-b193f4a7ea29
2026-08-16T13:58:53.664+05:30  INFO 20916 --- [user] [restartedMain] o.s.b.w.embedded.tomcat.TomcatWebServer  : Tomcat initialized with port 8082 (http)
2026-08-16T13:58:53.664+05:30  INFO 20916 --- [user] [restartedMain] o.apache.catalina.core.StandardService   : Starting service [Tomcat]
2026-08-16T13:58:53.664+05:30  INFO 20916 --- [user] [restartedMain] o.apache.catalina.core.StandardEngine    : Starting Servlet engine: [Apache Tomcat/10.1.34]
2026-08-16T13:58:53.717+05:30  INFO 20916 --- [user] [restartedMain] o.a.c.c.C.[Tomcat].[localhost].[/]       : Initializing Spring embedded WebApplicationContext
2026-08-16T13:58:53.717+05:30  INFO 20916 --- [user] [restartedMain] w.s.c.ServletWebServerApplicationContext : Root WebApplicationContext: initialization completed in 512 ms
2026-08-16T13:58:53.847+05:30  INFO 20916 --- [user] [restartedMain] o.hibernate.jpa.internal.util.LogHelper  : HHH000204: Processing PersistenceUnitInfo [name: default]
2026-08-16T13:58:53.851+05:30  INFO 20916 --- [user] [restartedMain] o.h.c.internal.RegionFactoryInitiator    : HHH000026: Second-level cache disabled
2026-08-16T13:58:53.871+05:30  INFO 20916 --- [user] [restartedMain] o.s.o.j.p.SpringPersistenceUnitInfo      : No LoadTimeWeaver setup: ignoring JPA class transformer
2026-08-16T13:58:53.873+05:30  INFO 20916 --- [user] [restartedMain] com.zaxxer.hikari.HikariDataSource       : HikariPool-9 - Starting...
2026-08-16T13:58:53.891+05:30  INFO 20916 --- [user] [restartedMain] com.zaxxer.hikari.pool.HikariPool        : HikariPool-9 - Added connection com.mysql.cj.jdbc.ConnectionImpl@3b068afc
2026-08-16T13:58:53.891+05:30  INFO 20916 --- [user] [restartedMain] com.zaxxer.hikari.HikariDataSource       : HikariPool-9 - Start completed.
2026-08-16T13:58:53.892+05:30  WARN 20916 --- [user] [restartedMain] org.hibernate.orm.deprecation            : HHH90000025: MySQL8Dialect does not need to be specified explicitly using 'hibernate.dialect' (remove the property setting and it will be selected by default)
2026-08-16T13:58:53.892+05:30  WARN 20916 --- [user] [restartedMain] org.hibernate.orm.deprecation            : HHH90000026: MySQL8Dialect has been deprecated; use org.hibernate.dialect.MySQLDialect instead
2026-08-16T13:58:53.892+05:30  INFO 20916 --- [user] [restartedMain] org.hibernate.orm.connections.pooling    : HHH10001005: Database info:
	Database JDBC URL [Connecting through datasource 'HikariDataSource (HikariPool-9)']
	Database driver: undefined/unknown
	Database version: 8.0
	Autocommit mode: undefined/unknown
	Isolation level: undefined/unknown
	Minimum pool size: undefined/unknown
	Maximum pool size: undefined/unknown
2026-08-16T13:58:53.970+05:30  INFO 20916 --- [user] [restartedMain] o.h.e.t.j.p.i.JtaPlatformInitiator       : HHH000489: No JTA platform available (set 'hibernate.transaction.jta.platform' to enable JTA platform integration)
2026-08-16T13:58:53.985+05:30  INFO 20916 --- [user] [restartedMain] j.LocalContainerEntityManagerFactoryBean : Initialized JPA EntityManagerFactory for persistence unit 'default'
2026-08-16T13:58:54.097+05:30  INFO 20916 --- [user] [restartedMain] eAuthenticationProviderManagerConfigurer : Global AuthenticationManager configured with AuthenticationProvider bean with name authProvider
2026-08-16T13:58:54.097+05:30  WARN 20916 --- [user] [restartedMain] r$InitializeUserDetailsManagerConfigurer : Global AuthenticationManager configured with an AuthenticationProvider bean. UserDetailsService beans will not be used by Spring Security for automatically configuring username/password login. Consider removing the AuthenticationProvider bean. Alternatively, consider using the UserDetailsService in a manually instantiated DaoAuthenticationProvider. If the current configuration is intentional, to turn off this warning, increase the logging level of 'org.springframework.security.config.annotation.authentication.configuration.InitializeUserDetailsBeanManagerConfigurer' to ERROR
2026-08-16T13:58:54.117+05:30  WARN 20916 --- [user] [restartedMain] JpaBaseConfiguration$JpaWebConfiguration : spring.jpa.open-in-view is enabled by default. Therefore, database queries may be performed during view rendering. Explicitly configure spring.jpa.open-in-view to disable this warning
2026-08-16T13:58:54.369+05:30  INFO 20916 --- [user] [restartedMain] o.s.b.a.e.web.EndpointLinksResolver      : Exposing 18 endpoints beneath base path '/actuator'
2026-08-16T13:58:54.567+05:30  WARN 20916 --- [user] [restartedMain] o.s.b.d.a.OptionalLiveReloadServer       : Unable to start LiveReload server
2026-08-16T13:58:54.594+05:30  INFO 20916 --- [user] [restartedMain] DiscoveryClientOptionalArgsConfiguration : Eureka HTTP Client uses RestTemplate.
2026-08-16T13:58:54.630+05:30  WARN 20916 --- [user] [restartedMain] iguration$LoadBalancerCaffeineWarnLogger : Spring Cloud LoadBalancer is currently working with the default cache. While this cache implementation is useful for development and tests, it's recommended to use Caffeine cache in production.You can switch to using Caffeine cache, by adding it and org.springframework.cache.caffeine.CaffeineCacheManager to the classpath.
2026-08-16T13:58:54.645+05:30  INFO 20916 --- [user] [restartedMain] o.s.c.n.eureka.InstanceInfoFactory       : Setting initial instance status as: STARTING
2026-08-16T13:58:54.648+05:30  INFO 20916 --- [user] [restartedMain] com.netflix.discovery.DiscoveryClient    : Initializing Eureka in region us-east-1
2026-08-16T13:58:54.648+05:30  INFO 20916 --- [user] [restartedMain] c.n.d.s.r.aws.ConfigClusterResolver      : Resolving eureka endpoints via configuration
2026-08-16T13:58:54.649+05:30  INFO 20916 --- [user] [restartedMain] com.netflix.discovery.DiscoveryClient    : Disable delta property : false
2026-08-16T13:58:54.649+05:30  INFO 20916 --- [user] [restartedMain] com.netflix.discovery.DiscoveryClient    : Single vip registry refresh property : null
2026-08-16T13:58:54.649+05:30  INFO 20916 --- [user] [restartedMain] com.netflix.discovery.DiscoveryClient    : Force full registry fetch : false
2026-08-16T13:58:54.649+05:30  INFO 20916 --- [user] [restartedMain] com.netflix.discovery.DiscoveryClient    : Application is null : false
2026-08-16T13:58:54.649+05:30  INFO 20916 --- [user] [restartedMain] com.netflix.discovery.DiscoveryClient    : Registered Applications size is zero : true
2026-08-16T13:58:54.649+05:30  INFO 20916 --- [user] [restartedMain] com.netflix.discovery.DiscoveryClient    : Application version is -1: true
2026-08-16T13:58:54.649+05:30  INFO 20916 --- [user] [restartedMain] com.netflix.discovery.DiscoveryClient    : Getting all instance registry info from the eureka server
2026-08-16T13:58:54.677+05:30  INFO 20916 --- [user] [restartedMain] com.netflix.discovery.DiscoveryClient    : The response status is 200
2026-08-16T13:58:54.678+05:30  INFO 20916 --- [user] [restartedMain] com.netflix.discovery.DiscoveryClient    : Starting heartbeat executor: renew interval is: 30
2026-08-16T13:58:54.678+05:30  INFO 20916 --- [user] [restartedMain] c.n.discovery.InstanceInfoReplicator     : InstanceInfoReplicator onDemand update allowed rate per min is 4
2026-08-16T13:58:54.679+05:30  INFO 20916 --- [user] [restartedMain] com.netflix.discovery.DiscoveryClient    : Discovery Client initialized at timestamp 1786868934679 with initial instances count: 4
2026-08-16T13:58:54.682+05:30  INFO 20916 --- [user] [restartedMain] o.s.c.n.e.s.EurekaServiceRegistry        : Registering application USER with eureka with status UP
2026-08-16T13:58:54.683+05:30  INFO 20916 --- [user] [restartedMain] com.netflix.discovery.DiscoveryClient    : Saw local status change event StatusChangeEvent [timestamp=1786868934683, current=UP, previous=STARTING]
2026-08-16T13:58:54.683+05:30  INFO 20916 --- [user] [DiscoveryClient-InstanceInfoReplicator-%d] com.netflix.discovery.DiscoveryClient    : DiscoveryClient_USER/LAPTOP-5SP7S7OV:user:8082: registering service...
2026-08-16T13:58:54.696+05:30  INFO 20916 --- [user] [restartedMain] o.s.b.w.embedded.tomcat.TomcatWebServer  : Tomcat started on port 8082 (http) with context path '/'
2026-08-16T13:58:54.696+05:30  INFO 20916 --- [user] [restartedMain] .s.c.n.e.s.EurekaAutoServiceRegistration : Updating port to 8082
2026-08-16T13:58:54.697+05:30  INFO 20916 --- [user] [DiscoveryClient-InstanceInfoReplicator-%d] com.netflix.discovery.DiscoveryClient    : DiscoveryClient_USER/LAPTOP-5SP7S7OV:user:8082 - registration status: 204
2026-08-16T13:58:54.708+05:30  INFO 20916 --- [user] [restartedMain] com.ecommerce.user.UserApplication       : Started UserApplication in 1.576 seconds (process running for 587.099)
2026-08-16T13:58:54.710+05:30  INFO 20916 --- [user] [restartedMain] .ConditionEvaluationDeltaLoggingListener : Condition evaluation unchanged
2026-08-16T14:00:24.910+05:30  INFO 20916 --- [user] [File Watcher] rtingClassPathChangeChangedEventListener : Restarting due to 1 class path change (0 additions, 1 deletion, 0 modifications)
2026-08-16T14:00:24.911+05:30  INFO 20916 --- [user] [Thread-49] o.s.c.n.e.s.EurekaServiceRegistry        : Unregistering application USER with eureka with status DOWN
2026-08-16T14:00:24.911+05:30  INFO 20916 --- [user] [Thread-49] com.netflix.discovery.DiscoveryClient    : Saw local status change event StatusChangeEvent [timestamp=1786869024911, current=DOWN, previous=UP]
2026-08-16T14:00:24.912+05:30  INFO 20916 --- [user] [DiscoveryClient-InstanceInfoReplicator-%d] com.netflix.discovery.DiscoveryClient    : DiscoveryClient_USER/LAPTOP-5SP7S7OV:user:8082: registering service...
2026-08-16T14:00:24.913+05:30  INFO 20916 --- [user] [Thread-49] o.s.b.w.e.tomcat.GracefulShutdown        : Commencing graceful shutdown. Waiting for active requests to complete
2026-08-16T14:00:24.917+05:30  INFO 20916 --- [user] [DiscoveryClient-InstanceInfoReplicator-%d] com.netflix.discovery.DiscoveryClient    : DiscoveryClient_USER/LAPTOP-5SP7S7OV:user:8082 - registration status: 204
2026-08-16T14:00:24.921+05:30  INFO 20916 --- [user] [tomcat-shutdown] o.s.b.w.e.tomcat.GracefulShutdown        : Graceful shutdown complete
2026-08-16T14:00:24.924+05:30  INFO 20916 --- [user] [Thread-49] j.LocalContainerEntityManagerFactoryBean : Closing JPA EntityManagerFactory for persistence unit 'default'
2026-08-16T14:00:24.924+05:30  INFO 20916 --- [user] [Thread-49] com.zaxxer.hikari.HikariDataSource       : HikariPool-9 - Shutdown initiated...
2026-08-16T14:00:24.934+05:30  INFO 20916 --- [user] [Thread-49] com.zaxxer.hikari.HikariDataSource       : HikariPool-9 - Shutdown completed.
2026-08-16T14:00:24.934+05:30  INFO 20916 --- [user] [Thread-49] com.netflix.discovery.DiscoveryClient    : Shutting down DiscoveryClient ...
2026-08-16T14:00:27.947+05:30  INFO 20916 --- [user] [Thread-49] com.netflix.discovery.DiscoveryClient    : Unregistering ...
2026-08-16T14:00:27.966+05:30  INFO 20916 --- [user] [Thread-49] com.netflix.discovery.DiscoveryClient    : DiscoveryClient_USER/LAPTOP-5SP7S7OV:user:8082 - deregister  status: 200
2026-08-16T14:00:27.966+05:30  INFO 20916 --- [user] [Thread-49] com.netflix.discovery.DiscoveryClient    : Completed shut down of DiscoveryClient
2026-08-16T14:00:28.195+05:30  INFO 20916 --- [user] [restartedMain] com.ecommerce.user.UserApplication       : Starting UserApplication using Java 22.0.2 with PID 20916 (C:\Java_Projects\Updated_Ecom_Project\user\target\classes started by baibh in C:\Java_Projects\Updated_Ecom_Project)
2026-08-16T14:00:28.196+05:30  INFO 20916 --- [user] [restartedMain] com.ecommerce.user.UserApplication       : No active profile set, falling back to 1 default profile: "default"
2026-08-16T14:00:28.198+05:30  INFO 20916 --- [user] [restartedMain] o.s.c.c.c.ConfigServerConfigDataLoader   : Fetching config from server at : http://localhost:8888
2026-08-16T14:00:28.198+05:30  INFO 20916 --- [user] [restartedMain] o.s.c.c.c.ConfigServerConfigDataLoader   : Located environment: name=user, profiles=[default], label=null, version=null, state=null
2026-08-16T14:00:28.611+05:30  INFO 20916 --- [user] [restartedMain] .s.d.r.c.RepositoryConfigurationDelegate : Bootstrapping Spring Data JPA repositories in DEFAULT mode.
2026-08-16T14:00:28.623+05:30  INFO 20916 --- [user] [restartedMain] .s.d.r.c.RepositoryConfigurationDelegate : Finished Spring Data repository scanning in 10 ms. Found 1 JPA repository interface.
2026-08-16T14:00:28.730+05:30  INFO 20916 --- [user] [restartedMain] o.s.cloud.context.scope.GenericScope     : BeanFactory id=f5f76aed-b3b1-3238-9ea7-b193f4a7ea29
2026-08-16T14:00:28.848+05:30  INFO 20916 --- [user] [restartedMain] o.s.b.w.embedded.tomcat.TomcatWebServer  : Tomcat initialized with port 8082 (http)
2026-08-16T14:00:28.849+05:30  INFO 20916 --- [user] [restartedMain] o.apache.catalina.core.StandardService   : Starting service [Tomcat]
2026-08-16T14:00:28.849+05:30  INFO 20916 --- [user] [restartedMain] o.apache.catalina.core.StandardEngine    : Starting Servlet engine: [Apache Tomcat/10.1.34]
2026-08-16T14:00:28.885+05:30  INFO 20916 --- [user] [restartedMain] o.a.c.c.C.[Tomcat].[localhost].[/]       : Initializing Spring embedded WebApplicationContext
2026-08-16T14:00:28.885+05:30  INFO 20916 --- [user] [restartedMain] w.s.c.ServletWebServerApplicationContext : Root WebApplicationContext: initialization completed in 687 ms
2026-08-16T14:00:29.065+05:30  INFO 20916 --- [user] [restartedMain] o.hibernate.jpa.internal.util.LogHelper  : HHH000204: Processing PersistenceUnitInfo [name: default]
2026-08-16T14:00:29.069+05:30  INFO 20916 --- [user] [restartedMain] o.h.c.internal.RegionFactoryInitiator    : HHH000026: Second-level cache disabled
2026-08-16T14:00:29.092+05:30  INFO 20916 --- [user] [restartedMain] o.s.o.j.p.SpringPersistenceUnitInfo      : No LoadTimeWeaver setup: ignoring JPA class transformer
2026-08-16T14:00:29.094+05:30  INFO 20916 --- [user] [restartedMain] com.zaxxer.hikari.HikariDataSource       : HikariPool-10 - Starting...
2026-08-16T14:00:29.113+05:30  INFO 20916 --- [user] [restartedMain] com.zaxxer.hikari.pool.HikariPool        : HikariPool-10 - Added connection com.mysql.cj.jdbc.ConnectionImpl@7652ed0b
2026-08-16T14:00:29.114+05:30  INFO 20916 --- [user] [restartedMain] com.zaxxer.hikari.HikariDataSource       : HikariPool-10 - Start completed.
2026-08-16T14:00:29.115+05:30  WARN 20916 --- [user] [restartedMain] org.hibernate.orm.deprecation            : HHH90000025: MySQL8Dialect does not need to be specified explicitly using 'hibernate.dialect' (remove the property setting and it will be selected by default)
2026-08-16T14:00:29.115+05:30  WARN 20916 --- [user] [restartedMain] org.hibernate.orm.deprecation            : HHH90000026: MySQL8Dialect has been deprecated; use org.hibernate.dialect.MySQLDialect instead
2026-08-16T14:00:29.115+05:30  INFO 20916 --- [user] [restartedMain] org.hibernate.orm.connections.pooling    : HHH10001005: Database info:
	Database JDBC URL [Connecting through datasource 'HikariDataSource (HikariPool-10)']
	Database driver: undefined/unknown
	Database version: 8.0
	Autocommit mode: undefined/unknown
	Isolation level: undefined/unknown
	Minimum pool size: undefined/unknown
	Maximum pool size: undefined/unknown
2026-08-16T14:00:29.262+05:30  INFO 20916 --- [user] [restartedMain] o.h.e.t.j.p.i.JtaPlatformInitiator       : HHH000489: No JTA platform available (set 'hibernate.transaction.jta.platform' to enable JTA platform integration)
2026-08-16T14:00:29.278+05:30  INFO 20916 --- [user] [restartedMain] j.LocalContainerEntityManagerFactoryBean : Initialized JPA EntityManagerFactory for persistence unit 'default'
2026-08-16T14:00:29.736+05:30  INFO 20916 --- [user] [restartedMain] eAuthenticationProviderManagerConfigurer : Global AuthenticationManager configured with AuthenticationProvider bean with name authProvider
2026-08-16T14:00:29.736+05:30  WARN 20916 --- [user] [restartedMain] r$InitializeUserDetailsManagerConfigurer : Global AuthenticationManager configured with an AuthenticationProvider bean. UserDetailsService beans will not be used by Spring Security for automatically configuring username/password login. Consider removing the AuthenticationProvider bean. Alternatively, consider using the UserDetailsService in a manually instantiated DaoAuthenticationProvider. If the current configuration is intentional, to turn off this warning, increase the logging level of 'org.springframework.security.config.annotation.authentication.configuration.InitializeUserDetailsBeanManagerConfigurer' to ERROR
2026-08-16T14:00:29.772+05:30  WARN 20916 --- [user] [restartedMain] JpaBaseConfiguration$JpaWebConfiguration : spring.jpa.open-in-view is enabled by default. Therefore, database queries may be performed during view rendering. Explicitly configure spring.jpa.open-in-view to disable this warning
2026-08-16T14:00:30.365+05:30  INFO 20916 --- [user] [restartedMain] o.s.b.a.e.web.EndpointLinksResolver      : Exposing 18 endpoints beneath base path '/actuator'
2026-08-16T14:00:30.830+05:30  WARN 20916 --- [user] [restartedMain] o.s.b.d.a.OptionalLiveReloadServer       : Unable to start LiveReload server
2026-08-16T14:00:30.877+05:30  INFO 20916 --- [user] [restartedMain] DiscoveryClientOptionalArgsConfiguration : Eureka HTTP Client uses RestTemplate.
2026-08-16T14:00:30.933+05:30  WARN 20916 --- [user] [restartedMain] iguration$LoadBalancerCaffeineWarnLogger : Spring Cloud LoadBalancer is currently working with the default cache. While this cache implementation is useful for development and tests, it's recommended to use Caffeine cache in production.You can switch to using Caffeine cache, by adding it and org.springframework.cache.caffeine.CaffeineCacheManager to the classpath.
2026-08-16T14:00:30.955+05:30  INFO 20916 --- [user] [restartedMain] o.s.c.n.eureka.InstanceInfoFactory       : Setting initial instance status as: STARTING
2026-08-16T14:00:30.959+05:30  INFO 20916 --- [user] [restartedMain] com.netflix.discovery.DiscoveryClient    : Initializing Eureka in region us-east-1
2026-08-16T14:00:30.959+05:30  INFO 20916 --- [user] [restartedMain] c.n.d.s.r.aws.ConfigClusterResolver      : Resolving eureka endpoints via configuration
2026-08-16T14:00:30.959+05:30  INFO 20916 --- [user] [restartedMain] com.netflix.discovery.DiscoveryClient    : Disable delta property : false
2026-08-16T14:00:30.959+05:30  INFO 20916 --- [user] [restartedMain] com.netflix.discovery.DiscoveryClient    : Single vip registry refresh property : null
2026-08-16T14:00:30.960+05:30  INFO 20916 --- [user] [restartedMain] com.netflix.discovery.DiscoveryClient    : Force full registry fetch : false
2026-08-16T14:00:30.960+05:30  INFO 20916 --- [user] [restartedMain] com.netflix.discovery.DiscoveryClient    : Application is null : false
2026-08-16T14:00:30.960+05:30  INFO 20916 --- [user] [restartedMain] com.netflix.discovery.DiscoveryClient    : Registered Applications size is zero : true
2026-08-16T14:00:30.960+05:30  INFO 20916 --- [user] [restartedMain] com.netflix.discovery.DiscoveryClient    : Application version is -1: true
2026-08-16T14:00:30.960+05:30  INFO 20916 --- [user] [restartedMain] com.netflix.discovery.DiscoveryClient    : Getting all instance registry info from the eureka server
2026-08-16T14:00:31.008+05:30  INFO 20916 --- [user] [restartedMain] com.netflix.discovery.DiscoveryClient    : The response status is 200
2026-08-16T14:00:31.009+05:30  INFO 20916 --- [user] [restartedMain] com.netflix.discovery.DiscoveryClient    : Starting heartbeat executor: renew interval is: 30
2026-08-16T14:00:31.010+05:30  INFO 20916 --- [user] [restartedMain] c.n.discovery.InstanceInfoReplicator     : InstanceInfoReplicator onDemand update allowed rate per min is 4
2026-08-16T14:00:31.010+05:30  INFO 20916 --- [user] [restartedMain] com.netflix.discovery.DiscoveryClient    : Discovery Client initialized at timestamp 1786869031010 with initial instances count: 3
2026-08-16T14:00:31.018+05:30  INFO 20916 --- [user] [restartedMain] o.s.c.n.e.s.EurekaServiceRegistry        : Registering application USER with eureka with status UP
2026-08-16T14:00:31.018+05:30  INFO 20916 --- [user] [restartedMain] com.netflix.discovery.DiscoveryClient    : Saw local status change event StatusChangeEvent [timestamp=1786869031018, current=UP, previous=STARTING]
2026-08-16T14:00:31.018+05:30  INFO 20916 --- [user] [DiscoveryClient-InstanceInfoReplicator-%d] com.netflix.discovery.DiscoveryClient    : DiscoveryClient_USER/LAPTOP-5SP7S7OV:user:8082: registering service...
2026-08-16T14:00:31.024+05:30  INFO 20916 --- [user] [restartedMain] o.s.b.w.embedded.tomcat.TomcatWebServer  : Tomcat started on port 8082 (http) with context path '/'
2026-08-16T14:00:31.025+05:30  INFO 20916 --- [user] [restartedMain] .s.c.n.e.s.EurekaAutoServiceRegistration : Updating port to 8082
2026-08-16T14:00:31.036+05:30  INFO 20916 --- [user] [DiscoveryClient-InstanceInfoReplicator-%d] com.netflix.discovery.DiscoveryClient    : DiscoveryClient_USER/LAPTOP-5SP7S7OV:user:8082 - registration status: 204
2026-08-16T14:00:31.040+05:30  INFO 20916 --- [user] [restartedMain] com.ecommerce.user.UserApplication       : Started UserApplication in 2.964 seconds (process running for 683.43)
2026-08-16T14:00:31.042+05:30  INFO 20916 --- [user] [restartedMain] .ConditionEvaluationDeltaLoggingListener : Condition evaluation unchanged
2026-08-16T14:00:32.263+05:30  INFO 20916 --- [user] [File Watcher] rtingClassPathChangeChangedEventListener : Restarting due to 1 class path change (1 addition, 0 deletions, 0 modifications)
2026-08-16T14:00:32.264+05:30  INFO 20916 --- [user] [Thread-55] o.s.c.n.e.s.EurekaServiceRegistry        : Unregistering application USER with eureka with status DOWN
2026-08-16T14:00:32.265+05:30  INFO 20916 --- [user] [Thread-55] com.netflix.discovery.DiscoveryClient    : Saw local status change event StatusChangeEvent [timestamp=1786869032265, current=DOWN, previous=UP]
2026-08-16T14:00:32.265+05:30  INFO 20916 --- [user] [DiscoveryClient-InstanceInfoReplicator-%d] com.netflix.discovery.DiscoveryClient    : DiscoveryClient_USER/LAPTOP-5SP7S7OV:user:8082: registering service...
2026-08-16T14:00:32.266+05:30  INFO 20916 --- [user] [Thread-55] o.s.b.w.e.tomcat.GracefulShutdown        : Commencing graceful shutdown. Waiting for active requests to complete
2026-08-16T14:00:32.271+05:30  INFO 20916 --- [user] [DiscoveryClient-InstanceInfoReplicator-%d] com.netflix.discovery.DiscoveryClient    : DiscoveryClient_USER/LAPTOP-5SP7S7OV:user:8082 - registration status: 204
2026-08-16T14:00:32.274+05:30  INFO 20916 --- [user] [tomcat-shutdown] o.s.b.w.e.tomcat.GracefulShutdown        : Graceful shutdown complete
2026-08-16T14:00:32.278+05:30  INFO 20916 --- [user] [Thread-55] j.LocalContainerEntityManagerFactoryBean : Closing JPA EntityManagerFactory for persistence unit 'default'
2026-08-16T14:00:32.279+05:30  INFO 20916 --- [user] [Thread-55] com.zaxxer.hikari.HikariDataSource       : HikariPool-10 - Shutdown initiated...
2026-08-16T14:00:32.289+05:30  INFO 20916 --- [user] [Thread-55] com.zaxxer.hikari.HikariDataSource       : HikariPool-10 - Shutdown completed.
2026-08-16T14:00:32.289+05:30  INFO 20916 --- [user] [Thread-55] com.netflix.discovery.DiscoveryClient    : Shutting down DiscoveryClient ...
2026-08-16T14:00:35.293+05:30  INFO 20916 --- [user] [Thread-55] com.netflix.discovery.DiscoveryClient    : Unregistering ...
2026-08-16T14:00:35.313+05:30  INFO 20916 --- [user] [Thread-55] com.netflix.discovery.DiscoveryClient    : DiscoveryClient_USER/LAPTOP-5SP7S7OV:user:8082 - deregister  status: 200
2026-08-16T14:00:35.314+05:30  INFO 20916 --- [user] [Thread-55] com.netflix.discovery.DiscoveryClient    : Completed shut down of DiscoveryClient
2026-08-16T14:00:40.772+05:30  INFO 19352 --- [user] [restartedMain] com.ecommerce.user.UserApplication       : Starting UserApplication using Java 22.0.2 with PID 19352 (C:\Java_Projects\Updated_Ecom_Project\user\target\classes started by baibh in C:\Java_Projects\Updated_Ecom_Project)
2026-08-16T14:00:40.784+05:30  INFO 19352 --- [user] [restartedMain] com.ecommerce.user.UserApplication       : No active profile set, falling back to 1 default profile: "default"
2026-08-16T14:00:40.970+05:30  INFO 19352 --- [user] [restartedMain] o.s.c.c.c.ConfigServerConfigDataLoader   : Fetching config from server at : http://localhost:8888
2026-08-16T14:00:40.970+05:30  INFO 19352 --- [user] [restartedMain] o.s.c.c.c.ConfigServerConfigDataLoader   : Located environment: name=user, profiles=[default], label=null, version=null, state=null
2026-08-16T14:00:40.974+05:30  INFO 19352 --- [user] [restartedMain] .e.DevToolsPropertyDefaultsPostProcessor : Devtools property defaults active! Set 'spring.devtools.add-properties' to 'false' to disable
2026-08-16T14:00:40.975+05:30  INFO 19352 --- [user] [restartedMain] .e.DevToolsPropertyDefaultsPostProcessor : For additional web related logging consider setting the 'logging.level.web' property to 'DEBUG'
2026-08-16T14:00:43.610+05:30  INFO 19352 --- [user] [restartedMain] .s.d.r.c.RepositoryConfigurationDelegate : Bootstrapping Spring Data JPA repositories in DEFAULT mode.
2026-08-16T14:00:43.895+05:30  INFO 19352 --- [user] [restartedMain] .s.d.r.c.RepositoryConfigurationDelegate : Finished Spring Data repository scanning in 266 ms. Found 1 JPA repository interface.
2026-08-16T14:00:44.558+05:30  INFO 19352 --- [user] [restartedMain] o.s.cloud.context.scope.GenericScope     : BeanFactory id=f5f76aed-b3b1-3238-9ea7-b193f4a7ea29
2026-08-16T14:00:46.176+05:30  INFO 19352 --- [user] [restartedMain] o.s.b.w.embedded.tomcat.TomcatWebServer  : Tomcat initialized with port 8082 (http)
2026-08-16T14:00:46.210+05:30  INFO 19352 --- [user] [restartedMain] o.apache.catalina.core.StandardService   : Starting service [Tomcat]
2026-08-16T14:00:46.211+05:30  INFO 19352 --- [user] [restartedMain] o.apache.catalina.core.StandardEngine    : Starting Servlet engine: [Apache Tomcat/10.1.34]
2026-08-16T14:00:46.324+05:30  INFO 19352 --- [user] [restartedMain] o.a.c.c.C.[Tomcat].[localhost].[/]       : Initializing Spring embedded WebApplicationContext
2026-08-16T14:00:46.324+05:30  INFO 19352 --- [user] [restartedMain] w.s.c.ServletWebServerApplicationContext : Root WebApplicationContext: initialization completed in 5347 ms
2026-08-16T14:00:47.174+05:30  INFO 19352 --- [user] [restartedMain] o.hibernate.jpa.internal.util.LogHelper  : HHH000204: Processing PersistenceUnitInfo [name: default]
2026-08-16T14:00:47.401+05:30  INFO 19352 --- [user] [restartedMain] org.hibernate.Version                    : HHH000412: Hibernate ORM core version 6.6.4.Final
2026-08-16T14:00:47.515+05:30  INFO 19352 --- [user] [restartedMain] o.h.c.internal.RegionFactoryInitiator    : HHH000026: Second-level cache disabled
2026-08-16T14:00:48.144+05:30  INFO 19352 --- [user] [restartedMain] o.s.o.j.p.SpringPersistenceUnitInfo      : No LoadTimeWeaver setup: ignoring JPA class transformer
2026-08-16T14:00:48.197+05:30  INFO 19352 --- [user] [restartedMain] com.zaxxer.hikari.HikariDataSource       : HikariPool-1 - Starting...
2026-08-16T14:00:48.898+05:30  INFO 19352 --- [user] [restartedMain] com.zaxxer.hikari.pool.HikariPool        : HikariPool-1 - Added connection com.mysql.cj.jdbc.ConnectionImpl@63d4c46b
2026-08-16T14:00:48.901+05:30  INFO 19352 --- [user] [restartedMain] com.zaxxer.hikari.HikariDataSource       : HikariPool-1 - Start completed.
2026-08-16T14:00:49.016+05:30  WARN 19352 --- [user] [restartedMain] org.hibernate.orm.deprecation            : HHH90000025: MySQL8Dialect does not need to be specified explicitly using 'hibernate.dialect' (remove the property setting and it will be selected by default)
2026-08-16T14:00:49.019+05:30  WARN 19352 --- [user] [restartedMain] org.hibernate.orm.deprecation            : HHH90000026: MySQL8Dialect has been deprecated; use org.hibernate.dialect.MySQLDialect instead
2026-08-16T14:00:49.059+05:30  INFO 19352 --- [user] [restartedMain] org.hibernate.orm.connections.pooling    : HHH10001005: Database info:
	Database JDBC URL [Connecting through datasource 'HikariDataSource (HikariPool-1)']
	Database driver: undefined/unknown
	Database version: 8.0
	Autocommit mode: undefined/unknown
	Isolation level: undefined/unknown
	Minimum pool size: undefined/unknown
	Maximum pool size: undefined/unknown
2026-08-16T14:00:50.490+05:30  INFO 19352 --- [user] [restartedMain] o.h.e.t.j.p.i.JtaPlatformInitiator       : HHH000489: No JTA platform available (set 'hibernate.transaction.jta.platform' to enable JTA platform integration)
2026-08-16T14:00:50.590+05:30  INFO 19352 --- [user] [restartedMain] j.LocalContainerEntityManagerFactoryBean : Initialized JPA EntityManagerFactory for persistence unit 'default'
2026-08-16T14:00:51.596+05:30  INFO 19352 --- [user] [restartedMain] eAuthenticationProviderManagerConfigurer : Global AuthenticationManager configured with AuthenticationProvider bean with name authProvider
2026-08-16T14:00:51.596+05:30  WARN 19352 --- [user] [restartedMain] r$InitializeUserDetailsManagerConfigurer : Global AuthenticationManager configured with an AuthenticationProvider bean. UserDetailsService beans will not be used by Spring Security for automatically configuring username/password login. Consider removing the AuthenticationProvider bean. Alternatively, consider using the UserDetailsService in a manually instantiated DaoAuthenticationProvider. If the current configuration is intentional, to turn off this warning, increase the logging level of 'org.springframework.security.config.annotation.authentication.configuration.InitializeUserDetailsBeanManagerConfigurer' to ERROR
2026-08-16T14:00:51.697+05:30  WARN 19352 --- [user] [restartedMain] JpaBaseConfiguration$JpaWebConfiguration : spring.jpa.open-in-view is enabled by default. Therefore, database queries may be performed during view rendering. Explicitly configure spring.jpa.open-in-view to disable this warning
2026-08-16T14:00:52.857+05:30  INFO 19352 --- [user] [restartedMain] o.s.b.a.e.web.EndpointLinksResolver      : Exposing 18 endpoints beneath base path '/actuator'
2026-08-16T14:00:53.849+05:30  WARN 19352 --- [user] [restartedMain] o.s.b.d.a.OptionalLiveReloadServer       : Unable to start LiveReload server
2026-08-16T14:00:53.909+05:30  INFO 19352 --- [user] [restartedMain] DiscoveryClientOptionalArgsConfiguration : Eureka HTTP Client uses RestTemplate.
2026-08-16T14:00:54.049+05:30  WARN 19352 --- [user] [restartedMain] iguration$LoadBalancerCaffeineWarnLogger : Spring Cloud LoadBalancer is currently working with the default cache. While this cache implementation is useful for development and tests, it's recommended to use Caffeine cache in production.You can switch to using Caffeine cache, by adding it and org.springframework.cache.caffeine.CaffeineCacheManager to the classpath.
2026-08-16T14:00:54.198+05:30  INFO 19352 --- [user] [restartedMain] o.s.c.n.eureka.InstanceInfoFactory       : Setting initial instance status as: STARTING
2026-08-16T14:00:54.247+05:30  INFO 19352 --- [user] [restartedMain] com.netflix.discovery.DiscoveryClient    : Initializing Eureka in region us-east-1
2026-08-16T14:00:54.260+05:30  INFO 19352 --- [user] [restartedMain] c.n.d.s.r.aws.ConfigClusterResolver      : Resolving eureka endpoints via configuration
2026-08-16T14:00:54.280+05:30  INFO 19352 --- [user] [restartedMain] com.netflix.discovery.DiscoveryClient    : Disable delta property : false
2026-08-16T14:00:54.281+05:30  INFO 19352 --- [user] [restartedMain] com.netflix.discovery.DiscoveryClient    : Single vip registry refresh property : null
2026-08-16T14:00:54.281+05:30  INFO 19352 --- [user] [restartedMain] com.netflix.discovery.DiscoveryClient    : Force full registry fetch : false
2026-08-16T14:00:54.281+05:30  INFO 19352 --- [user] [restartedMain] com.netflix.discovery.DiscoveryClient    : Application is null : false
2026-08-16T14:00:54.281+05:30  INFO 19352 --- [user] [restartedMain] com.netflix.discovery.DiscoveryClient    : Registered Applications size is zero : true
2026-08-16T14:00:54.282+05:30  INFO 19352 --- [user] [restartedMain] com.netflix.discovery.DiscoveryClient    : Application version is -1: true
2026-08-16T14:00:54.282+05:30  INFO 19352 --- [user] [restartedMain] com.netflix.discovery.DiscoveryClient    : Getting all instance registry info from the eureka server
2026-08-16T14:00:54.819+05:30  INFO 19352 --- [user] [restartedMain] com.netflix.discovery.DiscoveryClient    : The response status is 200
2026-08-16T14:00:54.822+05:30  INFO 19352 --- [user] [restartedMain] com.netflix.discovery.DiscoveryClient    : Starting heartbeat executor: renew interval is: 30
2026-08-16T14:00:54.824+05:30  INFO 19352 --- [user] [restartedMain] c.n.discovery.InstanceInfoReplicator     : InstanceInfoReplicator onDemand update allowed rate per min is 4
2026-08-16T14:00:54.826+05:30  INFO 19352 --- [user] [restartedMain] com.netflix.discovery.DiscoveryClient    : Discovery Client initialized at timestamp 1786869054826 with initial instances count: 3
2026-08-16T14:00:54.835+05:30  INFO 19352 --- [user] [restartedMain] o.s.c.n.e.s.EurekaServiceRegistry        : Registering application USER with eureka with status UP
2026-08-16T14:00:54.837+05:30  INFO 19352 --- [user] [restartedMain] com.netflix.discovery.DiscoveryClient    : Saw local status change event StatusChangeEvent [timestamp=1786869054837, current=UP, previous=STARTING]
2026-08-16T14:00:54.839+05:30  INFO 19352 --- [user] [DiscoveryClient-InstanceInfoReplicator-%d] com.netflix.discovery.DiscoveryClient    : DiscoveryClient_USER/LAPTOP-5SP7S7OV:user:8082: registering service...
2026-08-16T14:00:54.877+05:30  INFO 19352 --- [user] [restartedMain] o.s.b.w.embedded.tomcat.TomcatWebServer  : Tomcat started on port 8082 (http) with context path '/'
2026-08-16T14:00:54.878+05:30  INFO 19352 --- [user] [restartedMain] .s.c.n.e.s.EurekaAutoServiceRegistration : Updating port to 8082
2026-08-16T14:00:54.916+05:30  INFO 19352 --- [user] [restartedMain] com.ecommerce.user.UserApplication       : Started UserApplication in 16.633 seconds (process running for 18.278)
2026-08-16T14:00:54.922+05:30  INFO 19352 --- [user] [DiscoveryClient-InstanceInfoReplicator-%d] com.netflix.discovery.DiscoveryClient    : DiscoveryClient_USER/LAPTOP-5SP7S7OV:user:8082 - registration status: 204
2026-08-16T14:01:40.167+05:30  INFO 19352 --- [user] [File Watcher] rtingClassPathChangeChangedEventListener : Restarting due to 1 class path change (0 additions, 1 deletion, 0 modifications)
2026-08-16T14:01:40.170+05:30  INFO 19352 --- [user] [Thread-1] o.s.c.n.e.s.EurekaServiceRegistry        : Unregistering application USER with eureka with status DOWN
2026-08-16T14:01:40.170+05:30  INFO 19352 --- [user] [Thread-1] com.netflix.discovery.DiscoveryClient    : Saw local status change event StatusChangeEvent [timestamp=1786869100170, current=DOWN, previous=UP]
2026-08-16T14:01:40.170+05:30  INFO 19352 --- [user] [DiscoveryClient-InstanceInfoReplicator-%d] com.netflix.discovery.DiscoveryClient    : DiscoveryClient_USER/LAPTOP-5SP7S7OV:user:8082: registering service...
2026-08-16T14:01:40.176+05:30  INFO 19352 --- [user] [Thread-1] o.s.b.w.e.tomcat.GracefulShutdown        : Commencing graceful shutdown. Waiting for active requests to complete
2026-08-16T14:01:40.181+05:30  INFO 19352 --- [user] [DiscoveryClient-InstanceInfoReplicator-%d] com.netflix.discovery.DiscoveryClient    : DiscoveryClient_USER/LAPTOP-5SP7S7OV:user:8082 - registration status: 204
2026-08-16T14:01:40.187+05:30  INFO 19352 --- [user] [tomcat-shutdown] o.s.b.w.e.tomcat.GracefulShutdown        : Graceful shutdown complete
2026-08-16T14:01:40.201+05:30  INFO 19352 --- [user] [Thread-1] j.LocalContainerEntityManagerFactoryBean : Closing JPA EntityManagerFactory for persistence unit 'default'
2026-08-16T14:01:40.209+05:30  INFO 19352 --- [user] [Thread-1] com.zaxxer.hikari.HikariDataSource       : HikariPool-1 - Shutdown initiated...
2026-08-16T14:01:40.236+05:30  INFO 19352 --- [user] [Thread-1] com.zaxxer.hikari.HikariDataSource       : HikariPool-1 - Shutdown completed.
2026-08-16T14:01:40.240+05:30  INFO 19352 --- [user] [Thread-1] com.netflix.discovery.DiscoveryClient    : Shutting down DiscoveryClient ...
2026-08-16T14:01:43.253+05:30  INFO 19352 --- [user] [Thread-1] com.netflix.discovery.DiscoveryClient    : Unregistering ...
2026-08-16T14:01:43.272+05:30  INFO 19352 --- [user] [Thread-1] com.netflix.discovery.DiscoveryClient    : DiscoveryClient_USER/LAPTOP-5SP7S7OV:user:8082 - deregister  status: 200
2026-08-16T14:01:43.273+05:30  INFO 19352 --- [user] [Thread-1] com.netflix.discovery.DiscoveryClient    : Completed shut down of DiscoveryClient
2026-08-16T14:01:43.562+05:30  INFO 19352 --- [user] [restartedMain] com.ecommerce.user.UserApplication       : Starting UserApplication using Java 22.0.2 with PID 19352 (C:\Java_Projects\Updated_Ecom_Project\user\target\classes started by baibh in C:\Java_Projects\Updated_Ecom_Project)
2026-08-16T14:01:43.563+05:30  INFO 19352 --- [user] [restartedMain] com.ecommerce.user.UserApplication       : No active profile set, falling back to 1 default profile: "default"
2026-08-16T14:01:43.566+05:30  INFO 19352 --- [user] [restartedMain] o.s.c.c.c.ConfigServerConfigDataLoader   : Fetching config from server at : http://localhost:8888
2026-08-16T14:01:43.566+05:30  INFO 19352 --- [user] [restartedMain] o.s.c.c.c.ConfigServerConfigDataLoader   : Located environment: name=user, profiles=[default], label=null, version=null, state=null
2026-08-16T14:01:44.592+05:30  INFO 19352 --- [user] [restartedMain] .s.d.r.c.RepositoryConfigurationDelegate : Bootstrapping Spring Data JPA repositories in DEFAULT mode.
2026-08-16T14:01:44.624+05:30  INFO 19352 --- [user] [restartedMain] .s.d.r.c.RepositoryConfigurationDelegate : Finished Spring Data repository scanning in 28 ms. Found 1 JPA repository interface.
2026-08-16T14:01:44.860+05:30  INFO 19352 --- [user] [restartedMain] o.s.cloud.context.scope.GenericScope     : BeanFactory id=f5f76aed-b3b1-3238-9ea7-b193f4a7ea29
2026-08-16T14:01:45.124+05:30  INFO 19352 --- [user] [restartedMain] o.s.b.w.embedded.tomcat.TomcatWebServer  : Tomcat initialized with port 8082 (http)
2026-08-16T14:01:45.125+05:30  INFO 19352 --- [user] [restartedMain] o.apache.catalina.core.StandardService   : Starting service [Tomcat]
2026-08-16T14:01:45.126+05:30  INFO 19352 --- [user] [restartedMain] o.apache.catalina.core.StandardEngine    : Starting Servlet engine: [Apache Tomcat/10.1.34]
2026-08-16T14:01:45.189+05:30  INFO 19352 --- [user] [restartedMain] o.a.c.c.C.[Tomcat].[localhost].[/]       : Initializing Spring embedded WebApplicationContext
2026-08-16T14:01:45.189+05:30  INFO 19352 --- [user] [restartedMain] w.s.c.ServletWebServerApplicationContext : Root WebApplicationContext: initialization completed in 1622 ms
2026-08-16T14:01:45.516+05:30  INFO 19352 --- [user] [restartedMain] o.hibernate.jpa.internal.util.LogHelper  : HHH000204: Processing PersistenceUnitInfo [name: default]
2026-08-16T14:01:45.523+05:30  INFO 19352 --- [user] [restartedMain] o.h.c.internal.RegionFactoryInitiator    : HHH000026: Second-level cache disabled
2026-08-16T14:01:45.541+05:30  INFO 19352 --- [user] [restartedMain] o.s.o.j.p.SpringPersistenceUnitInfo      : No LoadTimeWeaver setup: ignoring JPA class transformer
2026-08-16T14:01:45.543+05:30  INFO 19352 --- [user] [restartedMain] com.zaxxer.hikari.HikariDataSource       : HikariPool-2 - Starting...
2026-08-16T14:01:45.568+05:30  INFO 19352 --- [user] [restartedMain] com.zaxxer.hikari.pool.HikariPool        : HikariPool-2 - Added connection com.mysql.cj.jdbc.ConnectionImpl@71c7e1b7
2026-08-16T14:01:45.569+05:30  INFO 19352 --- [user] [restartedMain] com.zaxxer.hikari.HikariDataSource       : HikariPool-2 - Start completed.
2026-08-16T14:01:45.570+05:30  WARN 19352 --- [user] [restartedMain] org.hibernate.orm.deprecation            : HHH90000025: MySQL8Dialect does not need to be specified explicitly using 'hibernate.dialect' (remove the property setting and it will be selected by default)
2026-08-16T14:01:45.570+05:30  WARN 19352 --- [user] [restartedMain] org.hibernate.orm.deprecation            : HHH90000026: MySQL8Dialect has been deprecated; use org.hibernate.dialect.MySQLDialect instead
2026-08-16T14:01:45.571+05:30  INFO 19352 --- [user] [restartedMain] org.hibernate.orm.connections.pooling    : HHH10001005: Database info:
	Database JDBC URL [Connecting through datasource 'HikariDataSource (HikariPool-2)']
	Database driver: undefined/unknown
	Database version: 8.0
	Autocommit mode: undefined/unknown
	Isolation level: undefined/unknown
	Minimum pool size: undefined/unknown
	Maximum pool size: undefined/unknown
2026-08-16T14:01:45.710+05:30  INFO 19352 --- [user] [restartedMain] o.h.e.t.j.p.i.JtaPlatformInitiator       : HHH000489: No JTA platform available (set 'hibernate.transaction.jta.platform' to enable JTA platform integration)
2026-08-16T14:01:45.722+05:30  INFO 19352 --- [user] [restartedMain] j.LocalContainerEntityManagerFactoryBean : Initialized JPA EntityManagerFactory for persistence unit 'default'
2026-08-16T14:01:45.939+05:30  INFO 19352 --- [user] [restartedMain] eAuthenticationProviderManagerConfigurer : Global AuthenticationManager configured with AuthenticationProvider bean with name authProvider
2026-08-16T14:01:45.939+05:30  WARN 19352 --- [user] [restartedMain] r$InitializeUserDetailsManagerConfigurer : Global AuthenticationManager configured with an AuthenticationProvider bean. UserDetailsService beans will not be used by Spring Security for automatically configuring username/password login. Consider removing the AuthenticationProvider bean. Alternatively, consider using the UserDetailsService in a manually instantiated DaoAuthenticationProvider. If the current configuration is intentional, to turn off this warning, increase the logging level of 'org.springframework.security.config.annotation.authentication.configuration.InitializeUserDetailsBeanManagerConfigurer' to ERROR
2026-08-16T14:01:45.974+05:30  WARN 19352 --- [user] [restartedMain] JpaBaseConfiguration$JpaWebConfiguration : spring.jpa.open-in-view is enabled by default. Therefore, database queries may be performed during view rendering. Explicitly configure spring.jpa.open-in-view to disable this warning
2026-08-16T14:01:46.451+05:30  INFO 19352 --- [user] [restartedMain] o.s.b.a.e.web.EndpointLinksResolver      : Exposing 18 endpoints beneath base path '/actuator'
2026-08-16T14:01:46.811+05:30  WARN 19352 --- [user] [restartedMain] o.s.b.d.a.OptionalLiveReloadServer       : Unable to start LiveReload server
2026-08-16T14:01:46.843+05:30  INFO 19352 --- [user] [restartedMain] DiscoveryClientOptionalArgsConfiguration : Eureka HTTP Client uses RestTemplate.
2026-08-16T14:01:46.888+05:30  WARN 19352 --- [user] [restartedMain] iguration$LoadBalancerCaffeineWarnLogger : Spring Cloud LoadBalancer is currently working with the default cache. While this cache implementation is useful for development and tests, it's recommended to use Caffeine cache in production.You can switch to using Caffeine cache, by adding it and org.springframework.cache.caffeine.CaffeineCacheManager to the classpath.
2026-08-16T14:01:46.912+05:30  INFO 19352 --- [user] [restartedMain] o.s.c.n.eureka.InstanceInfoFactory       : Setting initial instance status as: STARTING
2026-08-16T14:01:46.916+05:30  INFO 19352 --- [user] [restartedMain] com.netflix.discovery.DiscoveryClient    : Initializing Eureka in region us-east-1
2026-08-16T14:01:46.916+05:30  INFO 19352 --- [user] [restartedMain] c.n.d.s.r.aws.ConfigClusterResolver      : Resolving eureka endpoints via configuration
2026-08-16T14:01:46.917+05:30  INFO 19352 --- [user] [restartedMain] com.netflix.discovery.DiscoveryClient    : Disable delta property : false
2026-08-16T14:01:46.917+05:30  INFO 19352 --- [user] [restartedMain] com.netflix.discovery.DiscoveryClient    : Single vip registry refresh property : null
2026-08-16T14:01:46.917+05:30  INFO 19352 --- [user] [restartedMain] com.netflix.discovery.DiscoveryClient    : Force full registry fetch : false
2026-08-16T14:01:46.917+05:30  INFO 19352 --- [user] [restartedMain] com.netflix.discovery.DiscoveryClient    : Application is null : false
2026-08-16T14:01:46.917+05:30  INFO 19352 --- [user] [restartedMain] com.netflix.discovery.DiscoveryClient    : Registered Applications size is zero : true
2026-08-16T14:01:46.917+05:30  INFO 19352 --- [user] [restartedMain] com.netflix.discovery.DiscoveryClient    : Application version is -1: true
2026-08-16T14:01:46.918+05:30  INFO 19352 --- [user] [restartedMain] com.netflix.discovery.DiscoveryClient    : Getting all instance registry info from the eureka server
2026-08-16T14:01:46.977+05:30  INFO 19352 --- [user] [restartedMain] com.netflix.discovery.DiscoveryClient    : The response status is 200
2026-08-16T14:01:46.978+05:30  INFO 19352 --- [user] [restartedMain] com.netflix.discovery.DiscoveryClient    : Starting heartbeat executor: renew interval is: 30
2026-08-16T14:01:46.979+05:30  INFO 19352 --- [user] [restartedMain] c.n.discovery.InstanceInfoReplicator     : InstanceInfoReplicator onDemand update allowed rate per min is 4
2026-08-16T14:01:46.979+05:30  INFO 19352 --- [user] [restartedMain] com.netflix.discovery.DiscoveryClient    : Discovery Client initialized at timestamp 1786869106979 with initial instances count: 4
2026-08-16T14:01:46.983+05:30  INFO 19352 --- [user] [restartedMain] o.s.c.n.e.s.EurekaServiceRegistry        : Registering application USER with eureka with status UP
2026-08-16T14:01:46.983+05:30  INFO 19352 --- [user] [restartedMain] com.netflix.discovery.DiscoveryClient    : Saw local status change event StatusChangeEvent [timestamp=1786869106983, current=UP, previous=STARTING]
2026-08-16T14:01:46.984+05:30  INFO 19352 --- [user] [DiscoveryClient-InstanceInfoReplicator-%d] com.netflix.discovery.DiscoveryClient    : DiscoveryClient_USER/LAPTOP-5SP7S7OV:user:8082: registering service...
2026-08-16T14:01:46.990+05:30  INFO 19352 --- [user] [restartedMain] o.s.b.w.embedded.tomcat.TomcatWebServer  : Tomcat started on port 8082 (http) with context path '/'
2026-08-16T14:01:46.992+05:30  INFO 19352 --- [user] [restartedMain] .s.c.n.e.s.EurekaAutoServiceRegistration : Updating port to 8082
2026-08-16T14:01:47.005+05:30  INFO 19352 --- [user] [DiscoveryClient-InstanceInfoReplicator-%d] com.netflix.discovery.DiscoveryClient    : DiscoveryClient_USER/LAPTOP-5SP7S7OV:user:8082 - registration status: 204
2026-08-16T14:01:47.020+05:30  INFO 19352 --- [user] [restartedMain] com.ecommerce.user.UserApplication       : Started UserApplication in 3.647 seconds (process running for 70.382)
2026-08-16T14:01:47.026+05:30  INFO 19352 --- [user] [restartedMain] .ConditionEvaluationDeltaLoggingListener : Condition evaluation unchanged
2026-08-16T14:01:48.257+05:30  INFO 19352 --- [user] [File Watcher] rtingClassPathChangeChangedEventListener : Restarting due to 1 class path change (1 addition, 0 deletions, 0 modifications)
2026-08-16T14:01:48.258+05:30  INFO 19352 --- [user] [Thread-7] o.s.c.n.e.s.EurekaServiceRegistry        : Unregistering application USER with eureka with status DOWN
2026-08-16T14:01:48.258+05:30  INFO 19352 --- [user] [Thread-7] com.netflix.discovery.DiscoveryClient    : Saw local status change event StatusChangeEvent [timestamp=1786869108258, current=DOWN, previous=UP]
2026-08-16T14:01:48.258+05:30  INFO 19352 --- [user] [DiscoveryClient-InstanceInfoReplicator-%d] com.netflix.discovery.DiscoveryClient    : DiscoveryClient_USER/LAPTOP-5SP7S7OV:user:8082: registering service...
2026-08-16T14:01:48.259+05:30  INFO 19352 --- [user] [Thread-7] o.s.b.w.e.tomcat.GracefulShutdown        : Commencing graceful shutdown. Waiting for active requests to complete
2026-08-16T14:01:48.265+05:30  INFO 19352 --- [user] [DiscoveryClient-InstanceInfoReplicator-%d] com.netflix.discovery.DiscoveryClient    : DiscoveryClient_USER/LAPTOP-5SP7S7OV:user:8082 - registration status: 204
2026-08-16T14:01:48.268+05:30  INFO 19352 --- [user] [tomcat-shutdown] o.s.b.w.e.tomcat.GracefulShutdown        : Graceful shutdown complete
2026-08-16T14:01:48.272+05:30  INFO 19352 --- [user] [Thread-7] j.LocalContainerEntityManagerFactoryBean : Closing JPA EntityManagerFactory for persistence unit 'default'
2026-08-16T14:01:48.273+05:30  INFO 19352 --- [user] [Thread-7] com.zaxxer.hikari.HikariDataSource       : HikariPool-2 - Shutdown initiated...
2026-08-16T14:01:48.287+05:30  INFO 19352 --- [user] [Thread-7] com.zaxxer.hikari.HikariDataSource       : HikariPool-2 - Shutdown completed.
2026-08-16T14:01:48.287+05:30  INFO 19352 --- [user] [Thread-7] com.netflix.discovery.DiscoveryClient    : Shutting down DiscoveryClient ...
2026-08-16T14:01:51.301+05:30  INFO 19352 --- [user] [Thread-7] com.netflix.discovery.DiscoveryClient    : Unregistering ...
2026-08-16T14:01:51.323+05:30  INFO 19352 --- [user] [Thread-7] com.netflix.discovery.DiscoveryClient    : DiscoveryClient_USER/LAPTOP-5SP7S7OV:user:8082 - deregister  status: 200
2026-08-16T14:01:51.324+05:30  INFO 19352 --- [user] [Thread-7] com.netflix.discovery.DiscoveryClient    : Completed shut down of DiscoveryClient
2026-08-16T14:01:51.488+05:30  INFO 19352 --- [user] [restartedMain] com.ecommerce.user.UserApplication       : Starting UserApplication using Java 22.0.2 with PID 19352 (C:\Java_Projects\Updated_Ecom_Project\user\target\classes started by baibh in C:\Java_Projects\Updated_Ecom_Project)
2026-08-16T14:01:51.489+05:30  INFO 19352 --- [user] [restartedMain] com.ecommerce.user.UserApplication       : No active profile set, falling back to 1 default profile: "default"
2026-08-16T14:01:51.491+05:30  INFO 19352 --- [user] [restartedMain] o.s.c.c.c.ConfigServerConfigDataLoader   : Fetching config from server at : http://localhost:8888
2026-08-16T14:01:51.491+05:30  INFO 19352 --- [user] [restartedMain] o.s.c.c.c.ConfigServerConfigDataLoader   : Located environment: name=user, profiles=[default], label=null, version=null, state=null
2026-08-16T14:01:51.991+05:30  INFO 19352 --- [user] [restartedMain] .s.d.r.c.RepositoryConfigurationDelegate : Bootstrapping Spring Data JPA repositories in DEFAULT mode.
2026-08-16T14:01:52.012+05:30  INFO 19352 --- [user] [restartedMain] .s.d.r.c.RepositoryConfigurationDelegate : Finished Spring Data repository scanning in 19 ms. Found 1 JPA repository interface.
2026-08-16T14:01:52.179+05:30  INFO 19352 --- [user] [restartedMain] o.s.cloud.context.scope.GenericScope     : BeanFactory id=f5f76aed-b3b1-3238-9ea7-b193f4a7ea29
2026-08-16T14:01:52.328+05:30  INFO 19352 --- [user] [restartedMain] o.s.b.w.embedded.tomcat.TomcatWebServer  : Tomcat initialized with port 8082 (http)
2026-08-16T14:01:52.329+05:30  INFO 19352 --- [user] [restartedMain] o.apache.catalina.core.StandardService   : Starting service [Tomcat]
2026-08-16T14:01:52.330+05:30  INFO 19352 --- [user] [restartedMain] o.apache.catalina.core.StandardEngine    : Starting Servlet engine: [Apache Tomcat/10.1.34]
2026-08-16T14:01:52.374+05:30  INFO 19352 --- [user] [restartedMain] o.a.c.c.C.[Tomcat].[localhost].[/]       : Initializing Spring embedded WebApplicationContext
2026-08-16T14:01:52.374+05:30  INFO 19352 --- [user] [restartedMain] w.s.c.ServletWebServerApplicationContext : Root WebApplicationContext: initialization completed in 883 ms
2026-08-16T14:01:52.526+05:30  INFO 19352 --- [user] [restartedMain] o.hibernate.jpa.internal.util.LogHelper  : HHH000204: Processing PersistenceUnitInfo [name: default]
2026-08-16T14:01:52.529+05:30  INFO 19352 --- [user] [restartedMain] o.h.c.internal.RegionFactoryInitiator    : HHH000026: Second-level cache disabled
2026-08-16T14:01:52.542+05:30  INFO 19352 --- [user] [restartedMain] o.s.o.j.p.SpringPersistenceUnitInfo      : No LoadTimeWeaver setup: ignoring JPA class transformer
2026-08-16T14:01:52.544+05:30  INFO 19352 --- [user] [restartedMain] com.zaxxer.hikari.HikariDataSource       : HikariPool-3 - Starting...
2026-08-16T14:01:52.569+05:30  INFO 19352 --- [user] [restartedMain] com.zaxxer.hikari.pool.HikariPool        : HikariPool-3 - Added connection com.mysql.cj.jdbc.ConnectionImpl@22498800
2026-08-16T14:01:52.570+05:30  INFO 19352 --- [user] [restartedMain] com.zaxxer.hikari.HikariDataSource       : HikariPool-3 - Start completed.
2026-08-16T14:01:52.571+05:30  WARN 19352 --- [user] [restartedMain] org.hibernate.orm.deprecation            : HHH90000025: MySQL8Dialect does not need to be specified explicitly using 'hibernate.dialect' (remove the property setting and it will be selected by default)
2026-08-16T14:01:52.571+05:30  WARN 19352 --- [user] [restartedMain] org.hibernate.orm.deprecation            : HHH90000026: MySQL8Dialect has been deprecated; use org.hibernate.dialect.MySQLDialect instead
2026-08-16T14:01:52.571+05:30  INFO 19352 --- [user] [restartedMain] org.hibernate.orm.connections.pooling    : HHH10001005: Database info:
	Database JDBC URL [Connecting through datasource 'HikariDataSource (HikariPool-3)']
	Database driver: undefined/unknown
	Database version: 8.0
	Autocommit mode: undefined/unknown
	Isolation level: undefined/unknown
	Minimum pool size: undefined/unknown
	Maximum pool size: undefined/unknown
2026-08-16T14:01:52.687+05:30  INFO 19352 --- [user] [restartedMain] o.h.e.t.j.p.i.JtaPlatformInitiator       : HHH000489: No JTA platform available (set 'hibernate.transaction.jta.platform' to enable JTA platform integration)
2026-08-16T14:01:52.697+05:30  INFO 19352 --- [user] [restartedMain] j.LocalContainerEntityManagerFactoryBean : Initialized JPA EntityManagerFactory for persistence unit 'default'
2026-08-16T14:01:52.871+05:30  INFO 19352 --- [user] [restartedMain] eAuthenticationProviderManagerConfigurer : Global AuthenticationManager configured with AuthenticationProvider bean with name authProvider
2026-08-16T14:01:52.871+05:30  WARN 19352 --- [user] [restartedMain] r$InitializeUserDetailsManagerConfigurer : Global AuthenticationManager configured with an AuthenticationProvider bean. UserDetailsService beans will not be used by Spring Security for automatically configuring username/password login. Consider removing the AuthenticationProvider bean. Alternatively, consider using the UserDetailsService in a manually instantiated DaoAuthenticationProvider. If the current configuration is intentional, to turn off this warning, increase the logging level of 'org.springframework.security.config.annotation.authentication.configuration.InitializeUserDetailsBeanManagerConfigurer' to ERROR
2026-08-16T14:01:52.897+05:30  WARN 19352 --- [user] [restartedMain] JpaBaseConfiguration$JpaWebConfiguration : spring.jpa.open-in-view is enabled by default. Therefore, database queries may be performed during view rendering. Explicitly configure spring.jpa.open-in-view to disable this warning
2026-08-16T14:01:53.283+05:30  INFO 19352 --- [user] [restartedMain] o.s.b.a.e.web.EndpointLinksResolver      : Exposing 18 endpoints beneath base path '/actuator'
2026-08-16T14:01:53.555+05:30  WARN 19352 --- [user] [restartedMain] o.s.b.d.a.OptionalLiveReloadServer       : Unable to start LiveReload server
2026-08-16T14:01:53.586+05:30  INFO 19352 --- [user] [restartedMain] DiscoveryClientOptionalArgsConfiguration : Eureka HTTP Client uses RestTemplate.
2026-08-16T14:01:53.625+05:30  WARN 19352 --- [user] [restartedMain] iguration$LoadBalancerCaffeineWarnLogger : Spring Cloud LoadBalancer is currently working with the default cache. While this cache implementation is useful for development and tests, it's recommended to use Caffeine cache in production.You can switch to using Caffeine cache, by adding it and org.springframework.cache.caffeine.CaffeineCacheManager to the classpath.
2026-08-16T14:01:53.647+05:30  INFO 19352 --- [user] [restartedMain] o.s.c.n.eureka.InstanceInfoFactory       : Setting initial instance status as: STARTING
2026-08-16T14:01:53.651+05:30  INFO 19352 --- [user] [restartedMain] com.netflix.discovery.DiscoveryClient    : Initializing Eureka in region us-east-1
2026-08-16T14:01:53.652+05:30  INFO 19352 --- [user] [restartedMain] c.n.d.s.r.aws.ConfigClusterResolver      : Resolving eureka endpoints via configuration
2026-08-16T14:01:53.652+05:30  INFO 19352 --- [user] [restartedMain] com.netflix.discovery.DiscoveryClient    : Disable delta property : false
2026-08-16T14:01:53.652+05:30  INFO 19352 --- [user] [restartedMain] com.netflix.discovery.DiscoveryClient    : Single vip registry refresh property : null
2026-08-16T14:01:53.652+05:30  INFO 19352 --- [user] [restartedMain] com.netflix.discovery.DiscoveryClient    : Force full registry fetch : false
2026-08-16T14:01:53.652+05:30  INFO 19352 --- [user] [restartedMain] com.netflix.discovery.DiscoveryClient    : Application is null : false
2026-08-16T14:01:53.652+05:30  INFO 19352 --- [user] [restartedMain] com.netflix.discovery.DiscoveryClient    : Registered Applications size is zero : true
2026-08-16T14:01:53.653+05:30  INFO 19352 --- [user] [restartedMain] com.netflix.discovery.DiscoveryClient    : Application version is -1: true
2026-08-16T14:01:53.653+05:30  INFO 19352 --- [user] [restartedMain] com.netflix.discovery.DiscoveryClient    : Getting all instance registry info from the eureka server
2026-08-16T14:01:53.700+05:30  INFO 19352 --- [user] [restartedMain] com.netflix.discovery.DiscoveryClient    : The response status is 200
2026-08-16T14:01:53.701+05:30  INFO 19352 --- [user] [restartedMain] com.netflix.discovery.DiscoveryClient    : Starting heartbeat executor: renew interval is: 30
2026-08-16T14:01:53.702+05:30  INFO 19352 --- [user] [restartedMain] c.n.discovery.InstanceInfoReplicator     : InstanceInfoReplicator onDemand update allowed rate per min is 4
2026-08-16T14:01:53.702+05:30  INFO 19352 --- [user] [restartedMain] com.netflix.discovery.DiscoveryClient    : Discovery Client initialized at timestamp 1786869113702 with initial instances count: 4
2026-08-16T14:01:53.706+05:30  INFO 19352 --- [user] [restartedMain] o.s.c.n.e.s.EurekaServiceRegistry        : Registering application USER with eureka with status UP
2026-08-16T14:01:53.707+05:30  INFO 19352 --- [user] [restartedMain] com.netflix.discovery.DiscoveryClient    : Saw local status change event StatusChangeEvent [timestamp=1786869113707, current=UP, previous=STARTING]
2026-08-16T14:01:53.707+05:30  INFO 19352 --- [user] [DiscoveryClient-InstanceInfoReplicator-%d] com.netflix.discovery.DiscoveryClient    : DiscoveryClient_USER/LAPTOP-5SP7S7OV:user:8082: registering service...
2026-08-16T14:01:53.714+05:30  INFO 19352 --- [user] [restartedMain] o.s.b.w.embedded.tomcat.TomcatWebServer  : Tomcat started on port 8082 (http) with context path '/'
2026-08-16T14:01:53.715+05:30  INFO 19352 --- [user] [restartedMain] .s.c.n.e.s.EurekaAutoServiceRegistration : Updating port to 8082
2026-08-16T14:01:53.726+05:30  INFO 19352 --- [user] [DiscoveryClient-InstanceInfoReplicator-%d] com.netflix.discovery.DiscoveryClient    : DiscoveryClient_USER/LAPTOP-5SP7S7OV:user:8082 - registration status: 204
2026-08-16T14:01:53.741+05:30  INFO 19352 --- [user] [restartedMain] com.ecommerce.user.UserApplication       : Started UserApplication in 2.339 seconds (process running for 77.103)
2026-08-16T14:01:53.744+05:30  INFO 19352 --- [user] [restartedMain] .ConditionEvaluationDeltaLoggingListener : Condition evaluation unchanged
2026-08-16T14:01:59.361+05:30  INFO 19352 --- [user] [SpringApplicationShutdownHook] o.s.c.n.e.s.EurekaServiceRegistry        : Unregistering application USER with eureka with status DOWN
2026-08-16T14:01:59.361+05:30  INFO 19352 --- [user] [SpringApplicationShutdownHook] com.netflix.discovery.DiscoveryClient    : Saw local status change event StatusChangeEvent [timestamp=1786869119361, current=DOWN, previous=UP]
2026-08-16T14:01:59.362+05:30  INFO 19352 --- [user] [DiscoveryClient-InstanceInfoReplicator-%d] com.netflix.discovery.DiscoveryClient    : DiscoveryClient_USER/LAPTOP-5SP7S7OV:user:8082: registering service...
2026-08-16T14:01:59.362+05:30  INFO 19352 --- [user] [SpringApplicationShutdownHook] o.s.b.w.e.tomcat.GracefulShutdown        : Commencing graceful shutdown. Waiting for active requests to complete
2026-08-16T14:01:59.370+05:30  INFO 19352 --- [user] [tomcat-shutdown] o.s.b.w.e.tomcat.GracefulShutdown        : Graceful shutdown complete
2026-08-16T14:01:59.371+05:30  INFO 19352 --- [user] [DiscoveryClient-InstanceInfoReplicator-%d] com.netflix.discovery.DiscoveryClient    : DiscoveryClient_USER/LAPTOP-5SP7S7OV:user:8082 - registration status: 204
2026-08-16T14:01:59.376+05:30  INFO 19352 --- [user] [SpringApplicationShutdownHook] j.LocalContainerEntityManagerFactoryBean : Closing JPA EntityManagerFactory for persistence unit 'default'
2026-08-16T14:01:59.377+05:30  INFO 19352 --- [user] [SpringApplicationShutdownHook] com.zaxxer.hikari.HikariDataSource       : HikariPool-3 - Shutdown initiated...
2026-08-16T14:01:59.388+05:30  INFO 19352 --- [user] [SpringApplicationShutdownHook] com.zaxxer.hikari.HikariDataSource       : HikariPool-3 - Shutdown completed.
2026-08-16T14:01:59.389+05:30  INFO 19352 --- [user] [SpringApplicationShutdownHook] com.netflix.discovery.DiscoveryClient    : Shutting down DiscoveryClient ...
2026-08-16T14:02:02.401+05:30  INFO 19352 --- [user] [SpringApplicationShutdownHook] com.netflix.discovery.DiscoveryClient    : Unregistering ...
2026-08-16T14:02:02.419+05:30  INFO 19352 --- [user] [SpringApplicationShutdownHook] com.netflix.discovery.DiscoveryClient    : DiscoveryClient_USER/LAPTOP-5SP7S7OV:user:8082 - deregister  status: 200
2026-08-16T14:02:02.419+05:30  INFO 19352 --- [user] [SpringApplicationShutdownHook] com.netflix.discovery.DiscoveryClient    : Completed shut down of DiscoveryClient
2026-08-16T14:02:07.996+05:30  INFO 2096 --- [user] [restartedMain] com.ecommerce.user.UserApplication       : Starting UserApplication using Java 22.0.2 with PID 2096 (C:\Java_Projects\Updated_Ecom_Project\user\target\classes started by baibh in C:\Java_Projects\Updated_Ecom_Project)
2026-08-16T14:02:08.003+05:30  INFO 2096 --- [user] [restartedMain] com.ecommerce.user.UserApplication       : No active profile set, falling back to 1 default profile: "default"
2026-08-16T14:02:08.117+05:30  INFO 2096 --- [user] [restartedMain] o.s.c.c.c.ConfigServerConfigDataLoader   : Fetching config from server at : http://localhost:8888
2026-08-16T14:02:08.118+05:30  INFO 2096 --- [user] [restartedMain] o.s.c.c.c.ConfigServerConfigDataLoader   : Located environment: name=user, profiles=[default], label=null, version=null, state=null
2026-08-16T14:02:08.122+05:30  INFO 2096 --- [user] [restartedMain] .e.DevToolsPropertyDefaultsPostProcessor : Devtools property defaults active! Set 'spring.devtools.add-properties' to 'false' to disable
2026-08-16T14:02:08.123+05:30  INFO 2096 --- [user] [restartedMain] .e.DevToolsPropertyDefaultsPostProcessor : For additional web related logging consider setting the 'logging.level.web' property to 'DEBUG'
2026-08-16T14:02:10.602+05:30  INFO 2096 --- [user] [restartedMain] .s.d.r.c.RepositoryConfigurationDelegate : Bootstrapping Spring Data JPA repositories in DEFAULT mode.
2026-08-16T14:02:10.895+05:30  INFO 2096 --- [user] [restartedMain] .s.d.r.c.RepositoryConfigurationDelegate : Finished Spring Data repository scanning in 273 ms. Found 1 JPA repository interface.
2026-08-16T14:02:11.505+05:30  INFO 2096 --- [user] [restartedMain] o.s.cloud.context.scope.GenericScope     : BeanFactory id=f5f76aed-b3b1-3238-9ea7-b193f4a7ea29
2026-08-16T14:02:13.106+05:30  INFO 2096 --- [user] [restartedMain] o.s.b.w.embedded.tomcat.TomcatWebServer  : Tomcat initialized with port 8082 (http)
2026-08-16T14:02:13.137+05:30  INFO 2096 --- [user] [restartedMain] o.apache.catalina.core.StandardService   : Starting service [Tomcat]
2026-08-16T14:02:13.139+05:30  INFO 2096 --- [user] [restartedMain] o.apache.catalina.core.StandardEngine    : Starting Servlet engine: [Apache Tomcat/10.1.34]
2026-08-16T14:02:13.250+05:30  INFO 2096 --- [user] [restartedMain] o.a.c.c.C.[Tomcat].[localhost].[/]       : Initializing Spring embedded WebApplicationContext
2026-08-16T14:02:13.250+05:30  INFO 2096 --- [user] [restartedMain] w.s.c.ServletWebServerApplicationContext : Root WebApplicationContext: initialization completed in 5125 ms
2026-08-16T14:02:14.100+05:30  INFO 2096 --- [user] [restartedMain] o.hibernate.jpa.internal.util.LogHelper  : HHH000204: Processing PersistenceUnitInfo [name: default]
2026-08-16T14:02:14.280+05:30  INFO 2096 --- [user] [restartedMain] org.hibernate.Version                    : HHH000412: Hibernate ORM core version 6.6.4.Final
2026-08-16T14:02:14.348+05:30  INFO 2096 --- [user] [restartedMain] o.h.c.internal.RegionFactoryInitiator    : HHH000026: Second-level cache disabled
2026-08-16T14:02:14.733+05:30  INFO 2096 --- [user] [restartedMain] o.s.o.j.p.SpringPersistenceUnitInfo      : No LoadTimeWeaver setup: ignoring JPA class transformer
2026-08-16T14:02:14.771+05:30  INFO 2096 --- [user] [restartedMain] com.zaxxer.hikari.HikariDataSource       : HikariPool-1 - Starting...
2026-08-16T14:02:15.241+05:30  INFO 2096 --- [user] [restartedMain] com.zaxxer.hikari.pool.HikariPool        : HikariPool-1 - Added connection com.mysql.cj.jdbc.ConnectionImpl@5a5ae7ce
2026-08-16T14:02:15.245+05:30  INFO 2096 --- [user] [restartedMain] com.zaxxer.hikari.HikariDataSource       : HikariPool-1 - Start completed.
2026-08-16T14:02:15.326+05:30  WARN 2096 --- [user] [restartedMain] org.hibernate.orm.deprecation            : HHH90000025: MySQL8Dialect does not need to be specified explicitly using 'hibernate.dialect' (remove the property setting and it will be selected by default)
2026-08-16T14:02:15.328+05:30  WARN 2096 --- [user] [restartedMain] org.hibernate.orm.deprecation            : HHH90000026: MySQL8Dialect has been deprecated; use org.hibernate.dialect.MySQLDialect instead
2026-08-16T14:02:15.355+05:30  INFO 2096 --- [user] [restartedMain] org.hibernate.orm.connections.pooling    : HHH10001005: Database info:
	Database JDBC URL [Connecting through datasource 'HikariDataSource (HikariPool-1)']
	Database driver: undefined/unknown
	Database version: 8.0
	Autocommit mode: undefined/unknown
	Isolation level: undefined/unknown
	Minimum pool size: undefined/unknown
	Maximum pool size: undefined/unknown
2026-08-16T14:02:16.808+05:30  INFO 2096 --- [user] [restartedMain] o.h.e.t.j.p.i.JtaPlatformInitiator       : HHH000489: No JTA platform available (set 'hibernate.transaction.jta.platform' to enable JTA platform integration)
2026-08-16T14:02:16.860+05:30  INFO 2096 --- [user] [restartedMain] j.LocalContainerEntityManagerFactoryBean : Initialized JPA EntityManagerFactory for persistence unit 'default'
2026-08-16T14:02:17.698+05:30  INFO 2096 --- [user] [restartedMain] eAuthenticationProviderManagerConfigurer : Global AuthenticationManager configured with AuthenticationProvider bean with name authProvider
2026-08-16T14:02:17.698+05:30  WARN 2096 --- [user] [restartedMain] r$InitializeUserDetailsManagerConfigurer : Global AuthenticationManager configured with an AuthenticationProvider bean. UserDetailsService beans will not be used by Spring Security for automatically configuring username/password login. Consider removing the AuthenticationProvider bean. Alternatively, consider using the UserDetailsService in a manually instantiated DaoAuthenticationProvider. If the current configuration is intentional, to turn off this warning, increase the logging level of 'org.springframework.security.config.annotation.authentication.configuration.InitializeUserDetailsBeanManagerConfigurer' to ERROR
2026-08-16T14:02:17.784+05:30  WARN 2096 --- [user] [restartedMain] JpaBaseConfiguration$JpaWebConfiguration : spring.jpa.open-in-view is enabled by default. Therefore, database queries may be performed during view rendering. Explicitly configure spring.jpa.open-in-view to disable this warning
2026-08-16T14:02:19.018+05:30  INFO 2096 --- [user] [restartedMain] o.s.b.a.e.web.EndpointLinksResolver      : Exposing 18 endpoints beneath base path '/actuator'
2026-08-16T14:02:20.129+05:30  WARN 2096 --- [user] [restartedMain] o.s.b.d.a.OptionalLiveReloadServer       : Unable to start LiveReload server
2026-08-16T14:02:20.187+05:30  INFO 2096 --- [user] [restartedMain] DiscoveryClientOptionalArgsConfiguration : Eureka HTTP Client uses RestTemplate.
2026-08-16T14:02:20.341+05:30  WARN 2096 --- [user] [restartedMain] iguration$LoadBalancerCaffeineWarnLogger : Spring Cloud LoadBalancer is currently working with the default cache. While this cache implementation is useful for development and tests, it's recommended to use Caffeine cache in production.You can switch to using Caffeine cache, by adding it and org.springframework.cache.caffeine.CaffeineCacheManager to the classpath.
2026-08-16T14:02:20.510+05:30  INFO 2096 --- [user] [restartedMain] o.s.c.n.eureka.InstanceInfoFactory       : Setting initial instance status as: STARTING
2026-08-16T14:02:20.598+05:30  INFO 2096 --- [user] [restartedMain] com.netflix.discovery.DiscoveryClient    : Initializing Eureka in region us-east-1
2026-08-16T14:02:20.608+05:30  INFO 2096 --- [user] [restartedMain] c.n.d.s.r.aws.ConfigClusterResolver      : Resolving eureka endpoints via configuration
2026-08-16T14:02:20.621+05:30  INFO 2096 --- [user] [restartedMain] com.netflix.discovery.DiscoveryClient    : Disable delta property : false
2026-08-16T14:02:20.621+05:30  INFO 2096 --- [user] [restartedMain] com.netflix.discovery.DiscoveryClient    : Single vip registry refresh property : null
2026-08-16T14:02:20.621+05:30  INFO 2096 --- [user] [restartedMain] com.netflix.discovery.DiscoveryClient    : Force full registry fetch : false
2026-08-16T14:02:20.621+05:30  INFO 2096 --- [user] [restartedMain] com.netflix.discovery.DiscoveryClient    : Application is null : false
2026-08-16T14:02:20.621+05:30  INFO 2096 --- [user] [restartedMain] com.netflix.discovery.DiscoveryClient    : Registered Applications size is zero : true
2026-08-16T14:02:20.622+05:30  INFO 2096 --- [user] [restartedMain] com.netflix.discovery.DiscoveryClient    : Application version is -1: true
2026-08-16T14:02:20.622+05:30  INFO 2096 --- [user] [restartedMain] com.netflix.discovery.DiscoveryClient    : Getting all instance registry info from the eureka server
2026-08-16T14:02:21.032+05:30  INFO 2096 --- [user] [restartedMain] com.netflix.discovery.DiscoveryClient    : The response status is 200
2026-08-16T14:02:21.035+05:30  INFO 2096 --- [user] [restartedMain] com.netflix.discovery.DiscoveryClient    : Starting heartbeat executor: renew interval is: 30
2026-08-16T14:02:21.037+05:30  INFO 2096 --- [user] [restartedMain] c.n.discovery.InstanceInfoReplicator     : InstanceInfoReplicator onDemand update allowed rate per min is 4
2026-08-16T14:02:21.046+05:30  INFO 2096 --- [user] [restartedMain] com.netflix.discovery.DiscoveryClient    : Discovery Client initialized at timestamp 1786869141045 with initial instances count: 4
2026-08-16T14:02:21.059+05:30  INFO 2096 --- [user] [restartedMain] o.s.c.n.e.s.EurekaServiceRegistry        : Registering application USER with eureka with status UP
2026-08-16T14:02:21.060+05:30  INFO 2096 --- [user] [restartedMain] com.netflix.discovery.DiscoveryClient    : Saw local status change event StatusChangeEvent [timestamp=1786869141060, current=UP, previous=STARTING]
2026-08-16T14:02:21.066+05:30  INFO 2096 --- [user] [DiscoveryClient-InstanceInfoReplicator-%d] com.netflix.discovery.DiscoveryClient    : DiscoveryClient_USER/LAPTOP-5SP7S7OV:user:8082: registering service...
2026-08-16T14:02:21.124+05:30  INFO 2096 --- [user] [restartedMain] o.s.b.w.embedded.tomcat.TomcatWebServer  : Tomcat started on port 8082 (http) with context path '/'
2026-08-16T14:02:21.126+05:30  INFO 2096 --- [user] [restartedMain] .s.c.n.e.s.EurekaAutoServiceRegistration : Updating port to 8082
2026-08-16T14:02:21.162+05:30  INFO 2096 --- [user] [restartedMain] com.ecommerce.user.UserApplication       : Started UserApplication in 15.587 seconds (process running for 17.087)
2026-08-16T14:02:21.179+05:30  INFO 2096 --- [user] [DiscoveryClient-InstanceInfoReplicator-%d] com.netflix.discovery.DiscoveryClient    : DiscoveryClient_USER/LAPTOP-5SP7S7OV:user:8082 - registration status: 204
2026-08-16T14:03:28.748+05:30  INFO 2096 --- [user] [http-nio-8082-exec-1] o.a.c.c.C.[Tomcat].[localhost].[/]       : Initializing Spring DispatcherServlet 'dispatcherServlet'
2026-08-16T14:03:28.748+05:30  INFO 2096 --- [user] [http-nio-8082-exec-1] o.s.web.servlet.DispatcherServlet        : Initializing Servlet 'dispatcherServlet'
2026-08-16T14:03:28.751+05:30  INFO 2096 --- [user] [http-nio-8082-exec-1] o.s.web.servlet.DispatcherServlet        : Completed initialization in 3 ms
2026-08-16T14:03:28.928+05:30  WARN 2096 --- [user] [http-nio-8082-exec-1] c.e.u.exception.GlobalExceptionHandler   : AccessDeniedException: Validation failed for argument [0] in public org.springframework.http.ResponseEntity<?> com.ecommerce.user.controller.UserController.createUser(com.ecommerce.user.dto.UserRequest) with 4 errors: [Field error in object 'userRequest' on field 'email': rejected value [null]; codes [NotBlank.userRequest.email,NotBlank.email,NotBlank.java.lang.String,NotBlank]; arguments [org.springframework.context.support.DefaultMessageSourceResolvable: codes [userRequest.email,email]; arguments []; default message [email]]; default message [Email is required]] [Field error in object 'userRequest' on field 'password': rejected value [12]; codes [Size.userRequest.password,Size.password,Size.java.lang.String,Size]; arguments [org.springframework.context.support.DefaultMessageSourceResolvable: codes [userRequest.password,password]; arguments []; default message [password],2147483647,8]; default message [Password must be at least 8 characters]] [Field error in object 'userRequest' on field 'phone': rejected value [null]; codes [NotBlank.userRequest.phone,NotBlank.phone,NotBlank.java.lang.String,NotBlank]; arguments [org.springframework.context.support.DefaultMessageSourceResolvable: codes [userRequest.phone,phone]; arguments []; default message [phone]]; default message [Phone is required]] [Field error in object 'userRequest' on field 'role': rejected value [null]; codes [NotBlank.userRequest.role,NotBlank.role,NotBlank.java.lang.String,NotBlank]; arguments [org.springframework.context.support.DefaultMessageSourceResolvable: codes [userRequest.role,role]; arguments []; default message [role]]; default message [Password is required]] 
2026-08-16T14:03:28.952+05:30  WARN 2096 --- [user] [http-nio-8082-exec-1] .m.m.a.ExceptionHandlerExceptionResolver : Resolved [org.springframework.web.bind.MethodArgumentNotValidException: Validation failed for argument [0] in public org.springframework.http.ResponseEntity<?> com.ecommerce.user.controller.UserController.createUser(com.ecommerce.user.dto.UserRequest) with 4 errors: [Field error in object 'userRequest' on field 'email': rejected value [null]; codes [NotBlank.userRequest.email,NotBlank.email,NotBlank.java.lang.String,NotBlank]; arguments [org.springframework.context.support.DefaultMessageSourceResolvable: codes [userRequest.email,email]; arguments []; default message [email]]; default message [Email is required]] [Field error in object 'userRequest' on field 'password': rejected value [12]; codes [Size.userRequest.password,Size.password,Size.java.lang.String,Size]; arguments [org.springframework.context.support.DefaultMessageSourceResolvable: codes [userRequest.password,password]; arguments []; default message [password],2147483647,8]; default message [Password must be at least 8 characters]] [Field error in object 'userRequest' on field 'phone': rejected value [null]; codes [NotBlank.userRequest.phone,NotBlank.phone,NotBlank.java.lang.String,NotBlank]; arguments [org.springframework.context.support.DefaultMessageSourceResolvable: codes [userRequest.phone,phone]; arguments []; default message [phone]]; default message [Phone is required]] [Field error in object 'userRequest' on field 'role': rejected value [null]; codes [NotBlank.userRequest.role,NotBlank.role,NotBlank.java.lang.String,NotBlank]; arguments [org.springframework.context.support.DefaultMessageSourceResolvable: codes [userRequest.role,role]; arguments []; default message [role]]; default message [Password is required]] ]
2026-08-16T14:05:35.861+05:30  INFO 2096 --- [user] [File Watcher] rtingClassPathChangeChangedEventListener : Restarting due to 1 class path change (0 additions, 1 deletion, 0 modifications)
2026-08-16T14:05:35.864+05:30  INFO 2096 --- [user] [Thread-1] o.s.c.n.e.s.EurekaServiceRegistry        : Unregistering application USER with eureka with status DOWN
2026-08-16T14:05:35.864+05:30  INFO 2096 --- [user] [Thread-1] com.netflix.discovery.DiscoveryClient    : Saw local status change event StatusChangeEvent [timestamp=1786869335864, current=DOWN, previous=UP]
2026-08-16T14:05:35.864+05:30  INFO 2096 --- [user] [DiscoveryClient-InstanceInfoReplicator-%d] com.netflix.discovery.DiscoveryClient    : DiscoveryClient_USER/LAPTOP-5SP7S7OV:user:8082: registering service...
2026-08-16T14:05:35.869+05:30  INFO 2096 --- [user] [Thread-1] o.s.b.w.e.tomcat.GracefulShutdown        : Commencing graceful shutdown. Waiting for active requests to complete
2026-08-16T14:05:35.875+05:30  INFO 2096 --- [user] [DiscoveryClient-InstanceInfoReplicator-%d] com.netflix.discovery.DiscoveryClient    : DiscoveryClient_USER/LAPTOP-5SP7S7OV:user:8082 - registration status: 204
2026-08-16T14:05:35.879+05:30  INFO 2096 --- [user] [tomcat-shutdown] o.s.b.w.e.tomcat.GracefulShutdown        : Graceful shutdown complete
2026-08-16T14:05:35.895+05:30  INFO 2096 --- [user] [Thread-1] j.LocalContainerEntityManagerFactoryBean : Closing JPA EntityManagerFactory for persistence unit 'default'
2026-08-16T14:05:35.905+05:30  INFO 2096 --- [user] [Thread-1] com.zaxxer.hikari.HikariDataSource       : HikariPool-1 - Shutdown initiated...
2026-08-16T14:05:35.928+05:30  INFO 2096 --- [user] [Thread-1] com.zaxxer.hikari.HikariDataSource       : HikariPool-1 - Shutdown completed.
2026-08-16T14:05:35.930+05:30  INFO 2096 --- [user] [Thread-1] com.netflix.discovery.DiscoveryClient    : Shutting down DiscoveryClient ...
2026-08-16T14:05:38.941+05:30  INFO 2096 --- [user] [Thread-1] com.netflix.discovery.DiscoveryClient    : Unregistering ...
2026-08-16T14:05:38.959+05:30  INFO 2096 --- [user] [Thread-1] com.netflix.discovery.DiscoveryClient    : DiscoveryClient_USER/LAPTOP-5SP7S7OV:user:8082 - deregister  status: 200
2026-08-16T14:05:38.960+05:30  INFO 2096 --- [user] [Thread-1] com.netflix.discovery.DiscoveryClient    : Completed shut down of DiscoveryClient
2026-08-16T14:05:39.243+05:30  INFO 2096 --- [user] [restartedMain] com.ecommerce.user.UserApplication       : Starting UserApplication using Java 22.0.2 with PID 2096 (C:\Java_Projects\Updated_Ecom_Project\user\target\classes started by baibh in C:\Java_Projects\Updated_Ecom_Project)
2026-08-16T14:05:39.244+05:30  INFO 2096 --- [user] [restartedMain] com.ecommerce.user.UserApplication       : No active profile set, falling back to 1 default profile: "default"
2026-08-16T14:05:39.247+05:30  INFO 2096 --- [user] [restartedMain] o.s.c.c.c.ConfigServerConfigDataLoader   : Fetching config from server at : http://localhost:8888
2026-08-16T14:05:39.247+05:30  INFO 2096 --- [user] [restartedMain] o.s.c.c.c.ConfigServerConfigDataLoader   : Located environment: name=user, profiles=[default], label=null, version=null, state=null
2026-08-16T14:05:39.904+05:30  INFO 2096 --- [user] [restartedMain] .s.d.r.c.RepositoryConfigurationDelegate : Bootstrapping Spring Data JPA repositories in DEFAULT mode.
2026-08-16T14:05:39.926+05:30  INFO 2096 --- [user] [restartedMain] .s.d.r.c.RepositoryConfigurationDelegate : Finished Spring Data repository scanning in 19 ms. Found 1 JPA repository interface.
2026-08-16T14:05:40.078+05:30  INFO 2096 --- [user] [restartedMain] o.s.cloud.context.scope.GenericScope     : BeanFactory id=f5f76aed-b3b1-3238-9ea7-b193f4a7ea29
2026-08-16T14:05:40.276+05:30  INFO 2096 --- [user] [restartedMain] o.s.b.w.embedded.tomcat.TomcatWebServer  : Tomcat initialized with port 8082 (http)
2026-08-16T14:05:40.277+05:30  INFO 2096 --- [user] [restartedMain] o.apache.catalina.core.StandardService   : Starting service [Tomcat]
2026-08-16T14:05:40.278+05:30  INFO 2096 --- [user] [restartedMain] o.apache.catalina.core.StandardEngine    : Starting Servlet engine: [Apache Tomcat/10.1.34]
2026-08-16T14:05:40.325+05:30  INFO 2096 --- [user] [restartedMain] o.a.c.c.C.[Tomcat].[localhost].[/]       : Initializing Spring embedded WebApplicationContext
2026-08-16T14:05:40.325+05:30  INFO 2096 --- [user] [restartedMain] w.s.c.ServletWebServerApplicationContext : Root WebApplicationContext: initialization completed in 1077 ms
2026-08-16T14:05:40.539+05:30  INFO 2096 --- [user] [restartedMain] o.hibernate.jpa.internal.util.LogHelper  : HHH000204: Processing PersistenceUnitInfo [name: default]
2026-08-16T14:05:40.542+05:30  INFO 2096 --- [user] [restartedMain] o.h.c.internal.RegionFactoryInitiator    : HHH000026: Second-level cache disabled
2026-08-16T14:05:40.559+05:30  INFO 2096 --- [user] [restartedMain] o.s.o.j.p.SpringPersistenceUnitInfo      : No LoadTimeWeaver setup: ignoring JPA class transformer
2026-08-16T14:05:40.560+05:30  INFO 2096 --- [user] [restartedMain] com.zaxxer.hikari.HikariDataSource       : HikariPool-2 - Starting...
2026-08-16T14:05:40.654+05:30  INFO 2096 --- [user] [restartedMain] com.zaxxer.hikari.pool.HikariPool        : HikariPool-2 - Added connection com.mysql.cj.jdbc.ConnectionImpl@27d5da36
2026-08-16T14:05:40.655+05:30  INFO 2096 --- [user] [restartedMain] com.zaxxer.hikari.HikariDataSource       : HikariPool-2 - Start completed.
2026-08-16T14:05:40.656+05:30  WARN 2096 --- [user] [restartedMain] org.hibernate.orm.deprecation            : HHH90000025: MySQL8Dialect does not need to be specified explicitly using 'hibernate.dialect' (remove the property setting and it will be selected by default)
2026-08-16T14:05:40.656+05:30  WARN 2096 --- [user] [restartedMain] org.hibernate.orm.deprecation            : HHH90000026: MySQL8Dialect has been deprecated; use org.hibernate.dialect.MySQLDialect instead
2026-08-16T14:05:40.656+05:30  INFO 2096 --- [user] [restartedMain] org.hibernate.orm.connections.pooling    : HHH10001005: Database info:
	Database JDBC URL [Connecting through datasource 'HikariDataSource (HikariPool-2)']
	Database driver: undefined/unknown
	Database version: 8.0
	Autocommit mode: undefined/unknown
	Isolation level: undefined/unknown
	Minimum pool size: undefined/unknown
	Maximum pool size: undefined/unknown
2026-08-16T14:05:40.837+05:30  INFO 2096 --- [user] [restartedMain] o.h.e.t.j.p.i.JtaPlatformInitiator       : HHH000489: No JTA platform available (set 'hibernate.transaction.jta.platform' to enable JTA platform integration)
2026-08-16T14:05:40.865+05:30  INFO 2096 --- [user] [restartedMain] j.LocalContainerEntityManagerFactoryBean : Initialized JPA EntityManagerFactory for persistence unit 'default'
2026-08-16T14:05:41.031+05:30  INFO 2096 --- [user] [restartedMain] eAuthenticationProviderManagerConfigurer : Global AuthenticationManager configured with AuthenticationProvider bean with name authProvider
2026-08-16T14:05:41.032+05:30  WARN 2096 --- [user] [restartedMain] r$InitializeUserDetailsManagerConfigurer : Global AuthenticationManager configured with an AuthenticationProvider bean. UserDetailsService beans will not be used by Spring Security for automatically configuring username/password login. Consider removing the AuthenticationProvider bean. Alternatively, consider using the UserDetailsService in a manually instantiated DaoAuthenticationProvider. If the current configuration is intentional, to turn off this warning, increase the logging level of 'org.springframework.security.config.annotation.authentication.configuration.InitializeUserDetailsBeanManagerConfigurer' to ERROR
2026-08-16T14:05:41.103+05:30  WARN 2096 --- [user] [restartedMain] JpaBaseConfiguration$JpaWebConfiguration : spring.jpa.open-in-view is enabled by default. Therefore, database queries may be performed during view rendering. Explicitly configure spring.jpa.open-in-view to disable this warning
2026-08-16T14:05:41.546+05:30  INFO 2096 --- [user] [restartedMain] o.s.b.a.e.web.EndpointLinksResolver      : Exposing 18 endpoints beneath base path '/actuator'
2026-08-16T14:05:41.822+05:30  WARN 2096 --- [user] [restartedMain] o.s.b.d.a.OptionalLiveReloadServer       : Unable to start LiveReload server
2026-08-16T14:05:41.863+05:30  INFO 2096 --- [user] [restartedMain] DiscoveryClientOptionalArgsConfiguration : Eureka HTTP Client uses RestTemplate.
2026-08-16T14:05:41.904+05:30  WARN 2096 --- [user] [restartedMain] iguration$LoadBalancerCaffeineWarnLogger : Spring Cloud LoadBalancer is currently working with the default cache. While this cache implementation is useful for development and tests, it's recommended to use Caffeine cache in production.You can switch to using Caffeine cache, by adding it and org.springframework.cache.caffeine.CaffeineCacheManager to the classpath.
2026-08-16T14:05:41.948+05:30  INFO 2096 --- [user] [restartedMain] o.s.c.n.eureka.InstanceInfoFactory       : Setting initial instance status as: STARTING
2026-08-16T14:05:41.953+05:30  INFO 2096 --- [user] [restartedMain] com.netflix.discovery.DiscoveryClient    : Initializing Eureka in region us-east-1
2026-08-16T14:05:41.954+05:30  INFO 2096 --- [user] [restartedMain] c.n.d.s.r.aws.ConfigClusterResolver      : Resolving eureka endpoints via configuration
2026-08-16T14:05:41.954+05:30  INFO 2096 --- [user] [restartedMain] com.netflix.discovery.DiscoveryClient    : Disable delta property : false
2026-08-16T14:05:41.954+05:30  INFO 2096 --- [user] [restartedMain] com.netflix.discovery.DiscoveryClient    : Single vip registry refresh property : null
2026-08-16T14:05:41.954+05:30  INFO 2096 --- [user] [restartedMain] com.netflix.discovery.DiscoveryClient    : Force full registry fetch : false
2026-08-16T14:05:41.954+05:30  INFO 2096 --- [user] [restartedMain] com.netflix.discovery.DiscoveryClient    : Application is null : false
2026-08-16T14:05:41.955+05:30  INFO 2096 --- [user] [restartedMain] com.netflix.discovery.DiscoveryClient    : Registered Applications size is zero : true
2026-08-16T14:05:41.955+05:30  INFO 2096 --- [user] [restartedMain] com.netflix.discovery.DiscoveryClient    : Application version is -1: true
2026-08-16T14:05:41.955+05:30  INFO 2096 --- [user] [restartedMain] com.netflix.discovery.DiscoveryClient    : Getting all instance registry info from the eureka server
2026-08-16T14:05:42.006+05:30  INFO 2096 --- [user] [restartedMain] com.netflix.discovery.DiscoveryClient    : The response status is 200
2026-08-16T14:05:42.007+05:30  INFO 2096 --- [user] [restartedMain] com.netflix.discovery.DiscoveryClient    : Starting heartbeat executor: renew interval is: 30
2026-08-16T14:05:42.007+05:30  INFO 2096 --- [user] [restartedMain] c.n.discovery.InstanceInfoReplicator     : InstanceInfoReplicator onDemand update allowed rate per min is 4
2026-08-16T14:05:42.008+05:30  INFO 2096 --- [user] [restartedMain] com.netflix.discovery.DiscoveryClient    : Discovery Client initialized at timestamp 1786869342008 with initial instances count: 4
2026-08-16T14:05:42.013+05:30  INFO 2096 --- [user] [restartedMain] o.s.c.n.e.s.EurekaServiceRegistry        : Registering application USER with eureka with status UP
2026-08-16T14:05:42.013+05:30  INFO 2096 --- [user] [restartedMain] com.netflix.discovery.DiscoveryClient    : Saw local status change event StatusChangeEvent [timestamp=1786869342013, current=UP, previous=STARTING]
2026-08-16T14:05:42.014+05:30  INFO 2096 --- [user] [DiscoveryClient-InstanceInfoReplicator-%d] com.netflix.discovery.DiscoveryClient    : DiscoveryClient_USER/LAPTOP-5SP7S7OV:user:8082: registering service...
2026-08-16T14:05:42.020+05:30  INFO 2096 --- [user] [restartedMain] o.s.b.w.embedded.tomcat.TomcatWebServer  : Tomcat started on port 8082 (http) with context path '/'
2026-08-16T14:05:42.021+05:30  INFO 2096 --- [user] [restartedMain] .s.c.n.e.s.EurekaAutoServiceRegistration : Updating port to 8082
2026-08-16T14:05:42.037+05:30  INFO 2096 --- [user] [DiscoveryClient-InstanceInfoReplicator-%d] com.netflix.discovery.DiscoveryClient    : DiscoveryClient_USER/LAPTOP-5SP7S7OV:user:8082 - registration status: 204
2026-08-16T14:05:42.082+05:30  INFO 2096 --- [user] [restartedMain] com.ecommerce.user.UserApplication       : Started UserApplication in 2.998 seconds (process running for 218.007)
2026-08-16T14:05:42.090+05:30  INFO 2096 --- [user] [restartedMain] .ConditionEvaluationDeltaLoggingListener : Condition evaluation unchanged
2026-08-16T14:05:43.296+05:30  INFO 2096 --- [user] [File Watcher] rtingClassPathChangeChangedEventListener : Restarting due to 1 class path change (1 addition, 0 deletions, 0 modifications)
2026-08-16T14:05:43.297+05:30  INFO 2096 --- [user] [Thread-7] o.s.c.n.e.s.EurekaServiceRegistry        : Unregistering application USER with eureka with status DOWN
2026-08-16T14:05:43.298+05:30  INFO 2096 --- [user] [Thread-7] com.netflix.discovery.DiscoveryClient    : Saw local status change event StatusChangeEvent [timestamp=1786869343298, current=DOWN, previous=UP]
2026-08-16T14:05:43.298+05:30  INFO 2096 --- [user] [DiscoveryClient-InstanceInfoReplicator-%d] com.netflix.discovery.DiscoveryClient    : DiscoveryClient_USER/LAPTOP-5SP7S7OV:user:8082: registering service...
2026-08-16T14:05:43.299+05:30  INFO 2096 --- [user] [Thread-7] o.s.b.w.e.tomcat.GracefulShutdown        : Commencing graceful shutdown. Waiting for active requests to complete
2026-08-16T14:05:43.304+05:30  INFO 2096 --- [user] [DiscoveryClient-InstanceInfoReplicator-%d] com.netflix.discovery.DiscoveryClient    : DiscoveryClient_USER/LAPTOP-5SP7S7OV:user:8082 - registration status: 204
2026-08-16T14:05:43.308+05:30  INFO 2096 --- [user] [tomcat-shutdown] o.s.b.w.e.tomcat.GracefulShutdown        : Graceful shutdown complete
2026-08-16T14:05:43.312+05:30  INFO 2096 --- [user] [Thread-7] j.LocalContainerEntityManagerFactoryBean : Closing JPA EntityManagerFactory for persistence unit 'default'
2026-08-16T14:05:43.313+05:30  INFO 2096 --- [user] [Thread-7] com.zaxxer.hikari.HikariDataSource       : HikariPool-2 - Shutdown initiated...
2026-08-16T14:05:43.323+05:30  INFO 2096 --- [user] [Thread-7] com.zaxxer.hikari.HikariDataSource       : HikariPool-2 - Shutdown completed.
2026-08-16T14:05:43.323+05:30  INFO 2096 --- [user] [Thread-7] com.netflix.discovery.DiscoveryClient    : Shutting down DiscoveryClient ...
2026-08-16T14:05:46.328+05:30  INFO 2096 --- [user] [Thread-7] com.netflix.discovery.DiscoveryClient    : Unregistering ...
2026-08-16T14:05:46.356+05:30  INFO 2096 --- [user] [Thread-7] com.netflix.discovery.DiscoveryClient    : DiscoveryClient_USER/LAPTOP-5SP7S7OV:user:8082 - deregister  status: 200
2026-08-16T14:05:46.358+05:30  INFO 2096 --- [user] [Thread-7] com.netflix.discovery.DiscoveryClient    : Completed shut down of DiscoveryClient
2026-08-16T14:05:46.571+05:30  INFO 2096 --- [user] [restartedMain] com.ecommerce.user.UserApplication       : Starting UserApplication using Java 22.0.2 with PID 2096 (C:\Java_Projects\Updated_Ecom_Project\user\target\classes started by baibh in C:\Java_Projects\Updated_Ecom_Project)
2026-08-16T14:05:46.571+05:30  INFO 2096 --- [user] [restartedMain] com.ecommerce.user.UserApplication       : No active profile set, falling back to 1 default profile: "default"
2026-08-16T14:05:46.574+05:30  INFO 2096 --- [user] [restartedMain] o.s.c.c.c.ConfigServerConfigDataLoader   : Fetching config from server at : http://localhost:8888
2026-08-16T14:05:46.575+05:30  INFO 2096 --- [user] [restartedMain] o.s.c.c.c.ConfigServerConfigDataLoader   : Located environment: name=user, profiles=[default], label=null, version=null, state=null
2026-08-16T14:05:47.871+05:30  INFO 2096 --- [user] [restartedMain] .s.d.r.c.RepositoryConfigurationDelegate : Bootstrapping Spring Data JPA repositories in DEFAULT mode.
2026-08-16T14:05:47.890+05:30  INFO 2096 --- [user] [restartedMain] .s.d.r.c.RepositoryConfigurationDelegate : Finished Spring Data repository scanning in 16 ms. Found 1 JPA repository interface.
2026-08-16T14:05:48.126+05:30  INFO 2096 --- [user] [restartedMain] o.s.cloud.context.scope.GenericScope     : BeanFactory id=f5f76aed-b3b1-3238-9ea7-b193f4a7ea29
2026-08-16T14:05:48.371+05:30  INFO 2096 --- [user] [restartedMain] o.s.b.w.embedded.tomcat.TomcatWebServer  : Tomcat initialized with port 8082 (http)
2026-08-16T14:05:48.373+05:30  INFO 2096 --- [user] [restartedMain] o.apache.catalina.core.StandardService   : Starting service [Tomcat]
2026-08-16T14:05:48.374+05:30  INFO 2096 --- [user] [restartedMain] o.apache.catalina.core.StandardEngine    : Starting Servlet engine: [Apache Tomcat/10.1.34]
2026-08-16T14:05:48.464+05:30  INFO 2096 --- [user] [restartedMain] o.a.c.c.C.[Tomcat].[localhost].[/]       : Initializing Spring embedded WebApplicationContext
2026-08-16T14:05:48.464+05:30  INFO 2096 --- [user] [restartedMain] w.s.c.ServletWebServerApplicationContext : Root WebApplicationContext: initialization completed in 1889 ms
2026-08-16T14:05:48.766+05:30  INFO 2096 --- [user] [restartedMain] o.hibernate.jpa.internal.util.LogHelper  : HHH000204: Processing PersistenceUnitInfo [name: default]
2026-08-16T14:05:48.773+05:30  INFO 2096 --- [user] [restartedMain] o.h.c.internal.RegionFactoryInitiator    : HHH000026: Second-level cache disabled
2026-08-16T14:05:48.796+05:30  INFO 2096 --- [user] [restartedMain] o.s.o.j.p.SpringPersistenceUnitInfo      : No LoadTimeWeaver setup: ignoring JPA class transformer
2026-08-16T14:05:48.798+05:30  INFO 2096 --- [user] [restartedMain] com.zaxxer.hikari.HikariDataSource       : HikariPool-3 - Starting...
2026-08-16T14:05:48.824+05:30  INFO 2096 --- [user] [restartedMain] com.zaxxer.hikari.pool.HikariPool        : HikariPool-3 - Added connection com.mysql.cj.jdbc.ConnectionImpl@28f3681d
2026-08-16T14:05:48.824+05:30  INFO 2096 --- [user] [restartedMain] com.zaxxer.hikari.HikariDataSource       : HikariPool-3 - Start completed.
2026-08-16T14:05:48.825+05:30  WARN 2096 --- [user] [restartedMain] org.hibernate.orm.deprecation            : HHH90000025: MySQL8Dialect does not need to be specified explicitly using 'hibernate.dialect' (remove the property setting and it will be selected by default)
2026-08-16T14:05:48.825+05:30  WARN 2096 --- [user] [restartedMain] org.hibernate.orm.deprecation            : HHH90000026: MySQL8Dialect has been deprecated; use org.hibernate.dialect.MySQLDialect instead
2026-08-16T14:05:48.826+05:30  INFO 2096 --- [user] [restartedMain] org.hibernate.orm.connections.pooling    : HHH10001005: Database info:
	Database JDBC URL [Connecting through datasource 'HikariDataSource (HikariPool-3)']
	Database driver: undefined/unknown
	Database version: 8.0
	Autocommit mode: undefined/unknown
	Isolation level: undefined/unknown
	Minimum pool size: undefined/unknown
	Maximum pool size: undefined/unknown
2026-08-16T14:05:49.043+05:30  INFO 2096 --- [user] [restartedMain] o.h.e.t.j.p.i.JtaPlatformInitiator       : HHH000489: No JTA platform available (set 'hibernate.transaction.jta.platform' to enable JTA platform integration)
2026-08-16T14:05:49.075+05:30  INFO 2096 --- [user] [restartedMain] j.LocalContainerEntityManagerFactoryBean : Initialized JPA EntityManagerFactory for persistence unit 'default'
2026-08-16T14:05:49.279+05:30  INFO 2096 --- [user] [restartedMain] eAuthenticationProviderManagerConfigurer : Global AuthenticationManager configured with AuthenticationProvider bean with name authProvider
2026-08-16T14:05:49.279+05:30  WARN 2096 --- [user] [restartedMain] r$InitializeUserDetailsManagerConfigurer : Global AuthenticationManager configured with an AuthenticationProvider bean. UserDetailsService beans will not be used by Spring Security for automatically configuring username/password login. Consider removing the AuthenticationProvider bean. Alternatively, consider using the UserDetailsService in a manually instantiated DaoAuthenticationProvider. If the current configuration is intentional, to turn off this warning, increase the logging level of 'org.springframework.security.config.annotation.authentication.configuration.InitializeUserDetailsBeanManagerConfigurer' to ERROR
2026-08-16T14:05:49.317+05:30  WARN 2096 --- [user] [restartedMain] JpaBaseConfiguration$JpaWebConfiguration : spring.jpa.open-in-view is enabled by default. Therefore, database queries may be performed during view rendering. Explicitly configure spring.jpa.open-in-view to disable this warning
2026-08-16T14:05:49.799+05:30  INFO 2096 --- [user] [restartedMain] o.s.b.a.e.web.EndpointLinksResolver      : Exposing 18 endpoints beneath base path '/actuator'
2026-08-16T14:05:50.178+05:30  WARN 2096 --- [user] [restartedMain] o.s.b.d.a.OptionalLiveReloadServer       : Unable to start LiveReload server
2026-08-16T14:05:50.218+05:30  INFO 2096 --- [user] [restartedMain] DiscoveryClientOptionalArgsConfiguration : Eureka HTTP Client uses RestTemplate.
2026-08-16T14:05:50.280+05:30  WARN 2096 --- [user] [restartedMain] iguration$LoadBalancerCaffeineWarnLogger : Spring Cloud LoadBalancer is currently working with the default cache. While this cache implementation is useful for development and tests, it's recommended to use Caffeine cache in production.You can switch to using Caffeine cache, by adding it and org.springframework.cache.caffeine.CaffeineCacheManager to the classpath.
2026-08-16T14:05:50.307+05:30  INFO 2096 --- [user] [restartedMain] o.s.c.n.eureka.InstanceInfoFactory       : Setting initial instance status as: STARTING
2026-08-16T14:05:50.313+05:30  INFO 2096 --- [user] [restartedMain] com.netflix.discovery.DiscoveryClient    : Initializing Eureka in region us-east-1
2026-08-16T14:05:50.313+05:30  INFO 2096 --- [user] [restartedMain] c.n.d.s.r.aws.ConfigClusterResolver      : Resolving eureka endpoints via configuration
2026-08-16T14:05:50.314+05:30  INFO 2096 --- [user] [restartedMain] com.netflix.discovery.DiscoveryClient    : Disable delta property : false
2026-08-16T14:05:50.314+05:30  INFO 2096 --- [user] [restartedMain] com.netflix.discovery.DiscoveryClient    : Single vip registry refresh property : null
2026-08-16T14:05:50.314+05:30  INFO 2096 --- [user] [restartedMain] com.netflix.discovery.DiscoveryClient    : Force full registry fetch : false
2026-08-16T14:05:50.314+05:30  INFO 2096 --- [user] [restartedMain] com.netflix.discovery.DiscoveryClient    : Application is null : false
2026-08-16T14:05:50.314+05:30  INFO 2096 --- [user] [restartedMain] com.netflix.discovery.DiscoveryClient    : Registered Applications size is zero : true
2026-08-16T14:05:50.314+05:30  INFO 2096 --- [user] [restartedMain] com.netflix.discovery.DiscoveryClient    : Application version is -1: true
2026-08-16T14:05:50.315+05:30  INFO 2096 --- [user] [restartedMain] com.netflix.discovery.DiscoveryClient    : Getting all instance registry info from the eureka server
2026-08-16T14:05:50.374+05:30  INFO 2096 --- [user] [restartedMain] com.netflix.discovery.DiscoveryClient    : The response status is 200
2026-08-16T14:05:50.375+05:30  INFO 2096 --- [user] [restartedMain] com.netflix.discovery.DiscoveryClient    : Starting heartbeat executor: renew interval is: 30
2026-08-16T14:05:50.376+05:30  INFO 2096 --- [user] [restartedMain] c.n.discovery.InstanceInfoReplicator     : InstanceInfoReplicator onDemand update allowed rate per min is 4
2026-08-16T14:05:50.377+05:30  INFO 2096 --- [user] [restartedMain] com.netflix.discovery.DiscoveryClient    : Discovery Client initialized at timestamp 1786869350377 with initial instances count: 4
2026-08-16T14:05:50.385+05:30  INFO 2096 --- [user] [restartedMain] o.s.c.n.e.s.EurekaServiceRegistry        : Registering application USER with eureka with status UP
2026-08-16T14:05:50.386+05:30  INFO 2096 --- [user] [restartedMain] com.netflix.discovery.DiscoveryClient    : Saw local status change event StatusChangeEvent [timestamp=1786869350386, current=UP, previous=STARTING]
2026-08-16T14:05:50.386+05:30  INFO 2096 --- [user] [DiscoveryClient-InstanceInfoReplicator-%d] com.netflix.discovery.DiscoveryClient    : DiscoveryClient_USER/LAPTOP-5SP7S7OV:user:8082: registering service...
2026-08-16T14:05:50.394+05:30  INFO 2096 --- [user] [restartedMain] o.s.b.w.embedded.tomcat.TomcatWebServer  : Tomcat started on port 8082 (http) with context path '/'
2026-08-16T14:05:50.395+05:30  INFO 2096 --- [user] [restartedMain] .s.c.n.e.s.EurekaAutoServiceRegistration : Updating port to 8082
2026-08-16T14:05:50.414+05:30  INFO 2096 --- [user] [DiscoveryClient-InstanceInfoReplicator-%d] com.netflix.discovery.DiscoveryClient    : DiscoveryClient_USER/LAPTOP-5SP7S7OV:user:8082 - registration status: 204
2026-08-16T14:05:50.444+05:30  INFO 2096 --- [user] [restartedMain] com.ecommerce.user.UserApplication       : Started UserApplication in 3.998 seconds (process running for 226.369)
2026-08-16T14:05:50.449+05:30  INFO 2096 --- [user] [restartedMain] .ConditionEvaluationDeltaLoggingListener : Condition evaluation unchanged
2026-08-16T14:06:09.606+05:30  INFO 2096 --- [user] [http-nio-8082-exec-1] o.a.c.c.C.[Tomcat].[localhost].[/]       : Initializing Spring DispatcherServlet 'dispatcherServlet'
2026-08-16T14:06:09.606+05:30  INFO 2096 --- [user] [http-nio-8082-exec-1] o.s.web.servlet.DispatcherServlet        : Initializing Servlet 'dispatcherServlet'
2026-08-16T14:06:09.608+05:30  INFO 2096 --- [user] [http-nio-8082-exec-1] o.s.web.servlet.DispatcherServlet        : Completed initialization in 1 ms
2026-08-16T14:06:09.640+05:30  WARN 2096 --- [user] [http-nio-8082-exec-1] c.e.u.exception.GlobalExceptionHandler   : AccessDeniedException: Validation failed for argument [0] in public org.springframework.http.ResponseEntity<?> com.ecommerce.user.controller.UserController.createUser(com.ecommerce.user.dto.UserRequest) with 4 errors: [Field error in object 'userRequest' on field 'role': rejected value [null]; codes [NotBlank.userRequest.role,NotBlank.role,NotBlank.java.lang.String,NotBlank]; arguments [org.springframework.context.support.DefaultMessageSourceResolvable: codes [userRequest.role,role]; arguments []; default message [role]]; default message [Password is required]] [Field error in object 'userRequest' on field 'password': rejected value [12]; codes [Size.userRequest.password,Size.password,Size.java.lang.String,Size]; arguments [org.springframework.context.support.DefaultMessageSourceResolvable: codes [userRequest.password,password]; arguments []; default message [password],2147483647,8]; default message [Password must be at least 8 characters]] [Field error in object 'userRequest' on field 'phone': rejected value [null]; codes [NotBlank.userRequest.phone,NotBlank.phone,NotBlank.java.lang.String,NotBlank]; arguments [org.springframework.context.support.DefaultMessageSourceResolvable: codes [userRequest.phone,phone]; arguments []; default message [phone]]; default message [Phone is required]] [Field error in object 'userRequest' on field 'email': rejected value [null]; codes [NotBlank.userRequest.email,NotBlank.email,NotBlank.java.lang.String,NotBlank]; arguments [org.springframework.context.support.DefaultMessageSourceResolvable: codes [userRequest.email,email]; arguments []; default message [email]]; default message [Email is required]] 
2026-08-16T14:06:09.647+05:30  WARN 2096 --- [user] [http-nio-8082-exec-1] .m.m.a.ExceptionHandlerExceptionResolver : Resolved [org.springframework.web.bind.MethodArgumentNotValidException: Validation failed for argument [0] in public org.springframework.http.ResponseEntity<?> com.ecommerce.user.controller.UserController.createUser(com.ecommerce.user.dto.UserRequest) with 4 errors: [Field error in object 'userRequest' on field 'role': rejected value [null]; codes [NotBlank.userRequest.role,NotBlank.role,NotBlank.java.lang.String,NotBlank]; arguments [org.springframework.context.support.DefaultMessageSourceResolvable: codes [userRequest.role,role]; arguments []; default message [role]]; default message [Password is required]] [Field error in object 'userRequest' on field 'password': rejected value [12]; codes [Size.userRequest.password,Size.password,Size.java.lang.String,Size]; arguments [org.springframework.context.support.DefaultMessageSourceResolvable: codes [userRequest.password,password]; arguments []; default message [password],2147483647,8]; default message [Password must be at least 8 characters]] [Field error in object 'userRequest' on field 'phone': rejected value [null]; codes [NotBlank.userRequest.phone,NotBlank.phone,NotBlank.java.lang.String,NotBlank]; arguments [org.springframework.context.support.DefaultMessageSourceResolvable: codes [userRequest.phone,phone]; arguments []; default message [phone]]; default message [Phone is required]] [Field error in object 'userRequest' on field 'email': rejected value [null]; codes [NotBlank.userRequest.email,NotBlank.email,NotBlank.java.lang.String,NotBlank]; arguments [org.springframework.context.support.DefaultMessageSourceResolvable: codes [userRequest.email,email]; arguments []; default message [email]]; default message [Email is required]] ]
2026-08-16T14:09:23.641+05:30  INFO 2096 --- [user] [SpringApplicationShutdownHook] o.s.c.n.e.s.EurekaServiceRegistry        : Unregistering application USER with eureka with status DOWN
2026-08-16T14:09:23.641+05:30  INFO 2096 --- [user] [SpringApplicationShutdownHook] com.netflix.discovery.DiscoveryClient    : Saw local status change event StatusChangeEvent [timestamp=1786869563641, current=DOWN, previous=UP]
2026-08-16T14:09:23.642+05:30  INFO 2096 --- [user] [DiscoveryClient-InstanceInfoReplicator-%d] com.netflix.discovery.DiscoveryClient    : DiscoveryClient_USER/LAPTOP-5SP7S7OV:user:8082: registering service...
2026-08-16T14:09:23.643+05:30  INFO 2096 --- [user] [SpringApplicationShutdownHook] o.s.b.w.e.tomcat.GracefulShutdown        : Commencing graceful shutdown. Waiting for active requests to complete
2026-08-16T14:09:23.652+05:30  INFO 2096 --- [user] [tomcat-shutdown] o.s.b.w.e.tomcat.GracefulShutdown        : Graceful shutdown complete
2026-08-16T14:09:23.655+05:30  INFO 2096 --- [user] [DiscoveryClient-InstanceInfoReplicator-%d] com.netflix.discovery.DiscoveryClient    : DiscoveryClient_USER/LAPTOP-5SP7S7OV:user:8082 - registration status: 204
2026-08-16T14:09:23.658+05:30  INFO 2096 --- [user] [SpringApplicationShutdownHook] j.LocalContainerEntityManagerFactoryBean : Closing JPA EntityManagerFactory for persistence unit 'default'
2026-08-16T14:09:23.658+05:30  INFO 2096 --- [user] [SpringApplicationShutdownHook] com.zaxxer.hikari.HikariDataSource       : HikariPool-3 - Shutdown initiated...
2026-08-16T14:09:23.673+05:30  INFO 2096 --- [user] [SpringApplicationShutdownHook] com.zaxxer.hikari.HikariDataSource       : HikariPool-3 - Shutdown completed.
2026-08-16T14:09:23.673+05:30  INFO 2096 --- [user] [SpringApplicationShutdownHook] com.netflix.discovery.DiscoveryClient    : Shutting down DiscoveryClient ...
2026-08-16T14:09:26.680+05:30  INFO 2096 --- [user] [SpringApplicationShutdownHook] com.netflix.discovery.DiscoveryClient    : Unregistering ...
2026-08-16T14:09:26.708+05:30  INFO 2096 --- [user] [SpringApplicationShutdownHook] c.n.d.s.t.d.RedirectingEurekaHttpClient  : Request execution error. endpoint=DefaultEndpoint{ serviceUrl='http://localhost:8761/eureka/} exception=I/O error on DELETE request for "http://localhost:8761/eureka/apps/USER/LAPTOP-5SP7S7OV:user:8082": Connect to http://localhost:8761 [localhost/127.0.0.1, localhost/0:0:0:0:0:0:0:1] failed: Connection refused: getsockopt stacktrace=org.springframework.web.client.ResourceAccessException: I/O error on DELETE request for "http://localhost:8761/eureka/apps/USER/LAPTOP-5SP7S7OV:user:8082": Connect to http://localhost:8761 [localhost/127.0.0.1, localhost/0:0:0:0:0:0:0:1] failed: Connection refused: getsockopt
	at org.springframework.web.client.RestTemplate.createResourceAccessException(RestTemplate.java:926)
	at org.springframework.web.client.RestTemplate.doExecute(RestTemplate.java:906)
	at org.springframework.web.client.RestTemplate.execute(RestTemplate.java:841)
	at org.springframework.web.client.RestTemplate.exchange(RestTemplate.java:702)
	at org.springframework.cloud.netflix.eureka.http.RestTemplateEurekaHttpClient.cancel(RestTemplateEurekaHttpClient.java:100)
	at com.netflix.discovery.shared.transport.decorator.EurekaHttpClientDecorator$2.execute(EurekaHttpClientDecorator.java:74)
	at com.netflix.discovery.shared.transport.decorator.RedirectingEurekaHttpClient.execute(RedirectingEurekaHttpClient.java:91)
	at com.netflix.discovery.shared.transport.decorator.EurekaHttpClientDecorator.cancel(EurekaHttpClientDecorator.java:71)
	at com.netflix.discovery.shared.transport.decorator.EurekaHttpClientDecorator$2.execute(EurekaHttpClientDecorator.java:74)
	at com.netflix.discovery.shared.transport.decorator.RetryableEurekaHttpClient.execute(RetryableEurekaHttpClient.java:120)
	at com.netflix.discovery.shared.transport.decorator.EurekaHttpClientDecorator.cancel(EurekaHttpClientDecorator.java:71)
	at com.netflix.discovery.shared.transport.decorator.EurekaHttpClientDecorator$2.execute(EurekaHttpClientDecorator.java:74)
	at com.netflix.discovery.shared.transport.decorator.SessionedEurekaHttpClient.execute(SessionedEurekaHttpClient.java:76)
	at com.netflix.discovery.shared.transport.decorator.EurekaHttpClientDecorator.cancel(EurekaHttpClientDecorator.java:71)
	at com.netflix.discovery.DiscoveryClient.unregister(DiscoveryClient.java:919)
	at com.netflix.discovery.DiscoveryClient.shutdown(DiscoveryClient.java:900)
	at java.base/jdk.internal.reflect.DirectMethodHandleAccessor.invoke(DirectMethodHandleAccessor.java:103)
	at java.base/java.lang.reflect.Method.invoke(Method.java:580)
	at org.springframework.beans.factory.annotation.InitDestroyAnnotationBeanPostProcessor$LifecycleMethod.invoke(InitDestroyAnnotationBeanPostProcessor.java:457)
	at org.springframework.beans.factory.annotation.InitDestroyAnnotationBeanPostProcessor$LifecycleMetadata.invokeDestroyMethods(InitDestroyAnnotationBeanPostProcessor.java:415)
	at org.springframework.beans.factory.annotation.InitDestroyAnnotationBeanPostProcessor.postProcessBeforeDestruction(InitDestroyAnnotationBeanPostProcessor.java:239)
	at org.springframework.beans.factory.support.DisposableBeanAdapter.destroy(DisposableBeanAdapter.java:202)
	at org.springframework.beans.factory.support.DisposableBeanAdapter.run(DisposableBeanAdapter.java:195)
	at org.springframework.cloud.context.scope.GenericScope$BeanLifecycleWrapper.destroy(GenericScope.java:389)
	at org.springframework.cloud.context.scope.GenericScope.destroy(GenericScope.java:136)
	at org.springframework.beans.factory.support.DisposableBeanAdapter.destroy(DisposableBeanAdapter.java:211)
	at org.springframework.beans.factory.support.DefaultSingletonBeanRegistry.destroyBean(DefaultSingletonBeanRegistry.java:668)
	at org.springframework.beans.factory.support.DefaultSingletonBeanRegistry.destroySingleton(DefaultSingletonBeanRegistry.java:625)
	at org.springframework.beans.factory.support.DefaultListableBeanFactory.destroySingleton(DefaultListableBeanFactory.java:1368)
	at org.springframework.beans.factory.support.DefaultSingletonBeanRegistry.destroySingletons(DefaultSingletonBeanRegistry.java:584)
	at org.springframework.beans.factory.support.DefaultListableBeanFactory.destroySingletons(DefaultListableBeanFactory.java:1361)
	at org.springframework.context.support.AbstractApplicationContext.destroyBeans(AbstractApplicationContext.java:1219)
	at org.springframework.context.support.AbstractApplicationContext.doClose(AbstractApplicationContext.java:1180)
	at org.springframework.boot.web.servlet.context.ServletWebServerApplicationContext.doClose(ServletWebServerApplicationContext.java:174)
	at org.springframework.context.support.AbstractApplicationContext.close(AbstractApplicationContext.java:1126)
	at org.springframework.boot.SpringApplicationShutdownHook.closeAndWait(SpringApplicationShutdownHook.java:147)
	at java.base/java.lang.Iterable.forEach(Iterable.java:75)
	at org.springframework.boot.SpringApplicationShutdownHook.run(SpringApplicationShutdownHook.java:116)
	at java.base/java.lang.Thread.run(Thread.java:1570)
Caused by: org.apache.hc.client5.http.HttpHostConnectException: Connect to http://localhost:8761 [localhost/127.0.0.1, localhost/0:0:0:0:0:0:0:1] failed: Connection refused: getsockopt
	at java.base/sun.nio.ch.Net.pollConnect(Native Method)
	at java.base/sun.nio.ch.Net.pollConnectNow(Net.java:682)
	at java.base/sun.nio.ch.NioSocketImpl.timedFinishConnect(NioSocketImpl.java:542)
	at java.base/sun.nio.ch.NioSocketImpl.connect(NioSocketImpl.java:592)
	at java.base/java.net.SocksSocketImpl.connect(SocksSocketImpl.java:327)
	at java.base/java.net.Socket.connect(Socket.java:752)
	at org.apache.hc.client5.http.impl.io.DefaultHttpClientConnectionOperator.connect(DefaultHttpClientConnectionOperator.java:216)
	at org.apache.hc.client5.http.impl.io.PoolingHttpClientConnectionManager.connect(PoolingHttpClientConnectionManager.java:490)
	at org.apache.hc.client5.http.impl.classic.InternalExecRuntime.connectEndpoint(InternalExecRuntime.java:164)
	at org.apache.hc.client5.http.impl.classic.InternalExecRuntime.connectEndpoint(InternalExecRuntime.java:174)
	at org.apache.hc.client5.http.impl.classic.ConnectExec.execute(ConnectExec.java:144)
	at org.apache.hc.client5.http.impl.classic.ExecChainElement.execute(ExecChainElement.java:51)
	at org.apache.hc.client5.http.impl.classic.ProtocolExec.execute(ProtocolExec.java:192)
	at org.apache.hc.client5.http.impl.classic.ExecChainElement.execute(ExecChainElement.java:51)
	at org.apache.hc.client5.http.impl.classic.ContentCompressionExec.execute(ContentCompressionExec.java:150)
	at org.apache.hc.client5.http.impl.classic.ExecChainElement.execute(ExecChainElement.java:51)
	at org.apache.hc.client5.http.impl.classic.HttpRequestRetryExec.execute(HttpRequestRetryExec.java:113)
	at org.apache.hc.client5.http.impl.classic.ExecChainElement.execute(ExecChainElement.java:51)
	at org.apache.hc.client5.http.impl.classic.RedirectExec.execute(RedirectExec.java:110)
	at org.apache.hc.client5.http.impl.classic.ExecChainElement.execute(ExecChainElement.java:51)
	at org.apache.hc.client5.http.impl.classic.InternalHttpClient.doExecute(InternalHttpClient.java:174)
	at org.apache.hc.client5.http.impl.classic.CloseableHttpClient.execute(CloseableHttpClient.java:87)
	at org.apache.hc.client5.http.impl.classic.CloseableHttpClient.execute(CloseableHttpClient.java:55)
	at org.apache.hc.client5.http.classic.HttpClient.executeOpen(HttpClient.java:183)
	at org.springframework.http.client.HttpComponentsClientHttpRequest.executeInternal(HttpComponentsClientHttpRequest.java:99)
	at org.springframework.http.client.AbstractStreamingClientHttpRequest.executeInternal(AbstractStreamingClientHttpRequest.java:71)
	at org.springframework.http.client.AbstractClientHttpRequest.execute(AbstractClientHttpRequest.java:81)
	at org.springframework.http.client.InterceptingClientHttpRequest$InterceptingRequestExecution.execute(InterceptingClientHttpRequest.java:117)
	at org.springframework.cloud.netflix.eureka.http.RestTemplateTransportClientFactory.lambda$restTemplate$3(RestTemplateTransportClientFactory.java:141)
	at org.springframework.http.client.InterceptingClientHttpRequest$InterceptingRequestExecution.execute(InterceptingClientHttpRequest.java:88)
	at org.springframework.http.client.InterceptingClientHttpRequest.executeInternal(InterceptingClientHttpRequest.java:72)
	at org.springframework.http.client.AbstractBufferingClientHttpRequest.executeInternal(AbstractBufferingClientHttpRequest.java:48)
	at org.springframework.http.client.AbstractClientHttpRequest.execute(AbstractClientHttpRequest.java:81)
	at org.springframework.web.client.RestTemplate.doExecute(RestTemplate.java:900)
	... 37 more

2026-08-16T14:09:26.709+05:30  WARN 2096 --- [user] [SpringApplicationShutdownHook] c.n.d.s.t.d.RetryableEurekaHttpClient    : Request execution failed with message: I/O error on DELETE request for "http://localhost:8761/eureka/apps/USER/LAPTOP-5SP7S7OV:user:8082": Connect to http://localhost:8761 [localhost/127.0.0.1, localhost/0:0:0:0:0:0:0:1] failed: Connection refused: getsockopt
2026-08-16T14:09:26.722+05:30  INFO 2096 --- [user] [SpringApplicationShutdownHook] c.n.d.s.t.d.RedirectingEurekaHttpClient  : Request execution error. endpoint=DefaultEndpoint{ serviceUrl='http://localhost:8761/eureka/}, exception=I/O error on DELETE request for "http://localhost:8761/eureka/apps/USER/LAPTOP-5SP7S7OV:user:8082": Connect to http://localhost:8761 [localhost/127.0.0.1, localhost/0:0:0:0:0:0:0:1] failed: Connection refused: getsockopt stacktrace=org.springframework.web.client.ResourceAccessException: I/O error on DELETE request for "http://localhost:8761/eureka/apps/USER/LAPTOP-5SP7S7OV:user:8082": Connect to http://localhost:8761 [localhost/127.0.0.1, localhost/0:0:0:0:0:0:0:1] failed: Connection refused: getsockopt
	at org.springframework.web.client.RestTemplate.createResourceAccessException(RestTemplate.java:926)
	at org.springframework.web.client.RestTemplate.doExecute(RestTemplate.java:906)
	at org.springframework.web.client.RestTemplate.execute(RestTemplate.java:841)
	at org.springframework.web.client.RestTemplate.exchange(RestTemplate.java:702)
	at org.springframework.cloud.netflix.eureka.http.RestTemplateEurekaHttpClient.cancel(RestTemplateEurekaHttpClient.java:100)
	at com.netflix.discovery.shared.transport.decorator.EurekaHttpClientDecorator$2.execute(EurekaHttpClientDecorator.java:74)
	at com.netflix.discovery.shared.transport.decorator.RedirectingEurekaHttpClient.executeOnNewServer(RedirectingEurekaHttpClient.java:121)
	at com.netflix.discovery.shared.transport.decorator.RedirectingEurekaHttpClient.execute(RedirectingEurekaHttpClient.java:80)
	at com.netflix.discovery.shared.transport.decorator.EurekaHttpClientDecorator.cancel(EurekaHttpClientDecorator.java:71)
	at com.netflix.discovery.shared.transport.decorator.EurekaHttpClientDecorator$2.execute(EurekaHttpClientDecorator.java:74)
	at com.netflix.discovery.shared.transport.decorator.RetryableEurekaHttpClient.execute(RetryableEurekaHttpClient.java:120)
	at com.netflix.discovery.shared.transport.decorator.EurekaHttpClientDecorator.cancel(EurekaHttpClientDecorator.java:71)
	at com.netflix.discovery.shared.transport.decorator.EurekaHttpClientDecorator$2.execute(EurekaHttpClientDecorator.java:74)
	at com.netflix.discovery.shared.transport.decorator.SessionedEurekaHttpClient.execute(SessionedEurekaHttpClient.java:76)
	at com.netflix.discovery.shared.transport.decorator.EurekaHttpClientDecorator.cancel(EurekaHttpClientDecorator.java:71)
	at com.netflix.discovery.DiscoveryClient.unregister(DiscoveryClient.java:919)
	at com.netflix.discovery.DiscoveryClient.shutdown(DiscoveryClient.java:900)
	at java.base/jdk.internal.reflect.DirectMethodHandleAccessor.invoke(DirectMethodHandleAccessor.java:103)
	at java.base/java.lang.reflect.Method.invoke(Method.java:580)
	at org.springframework.beans.factory.annotation.InitDestroyAnnotationBeanPostProcessor$LifecycleMethod.invoke(InitDestroyAnnotationBeanPostProcessor.java:457)
	at org.springframework.beans.factory.annotation.InitDestroyAnnotationBeanPostProcessor$LifecycleMetadata.invokeDestroyMethods(InitDestroyAnnotationBeanPostProcessor.java:415)
	at org.springframework.beans.factory.annotation.InitDestroyAnnotationBeanPostProcessor.postProcessBeforeDestruction(InitDestroyAnnotationBeanPostProcessor.java:239)
	at org.springframework.beans.factory.support.DisposableBeanAdapter.destroy(DisposableBeanAdapter.java:202)
	at org.springframework.beans.factory.support.DisposableBeanAdapter.run(DisposableBeanAdapter.java:195)
	at org.springframework.cloud.context.scope.GenericScope$BeanLifecycleWrapper.destroy(GenericScope.java:389)
	at org.springframework.cloud.context.scope.GenericScope.destroy(GenericScope.java:136)
	at org.springframework.beans.factory.support.DisposableBeanAdapter.destroy(DisposableBeanAdapter.java:211)
	at org.springframework.beans.factory.support.DefaultSingletonBeanRegistry.destroyBean(DefaultSingletonBeanRegistry.java:668)
	at org.springframework.beans.factory.support.DefaultSingletonBeanRegistry.destroySingleton(DefaultSingletonBeanRegistry.java:625)
	at org.springframework.beans.factory.support.DefaultListableBeanFactory.destroySingleton(DefaultListableBeanFactory.java:1368)
	at org.springframework.beans.factory.support.DefaultSingletonBeanRegistry.destroySingletons(DefaultSingletonBeanRegistry.java:584)
	at org.springframework.beans.factory.support.DefaultListableBeanFactory.destroySingletons(DefaultListableBeanFactory.java:1361)
	at org.springframework.context.support.AbstractApplicationContext.destroyBeans(AbstractApplicationContext.java:1219)
	at org.springframework.context.support.AbstractApplicationContext.doClose(AbstractApplicationContext.java:1180)
	at org.springframework.boot.web.servlet.context.ServletWebServerApplicationContext.doClose(ServletWebServerApplicationContext.java:174)
	at org.springframework.context.support.AbstractApplicationContext.close(AbstractApplicationContext.java:1126)
	at org.springframework.boot.SpringApplicationShutdownHook.closeAndWait(SpringApplicationShutdownHook.java:147)
	at java.base/java.lang.Iterable.forEach(Iterable.java:75)
	at org.springframework.boot.SpringApplicationShutdownHook.run(SpringApplicationShutdownHook.java:116)
	at java.base/java.lang.Thread.run(Thread.java:1570)
Caused by: org.apache.hc.client5.http.HttpHostConnectException: Connect to http://localhost:8761 [localhost/127.0.0.1, localhost/0:0:0:0:0:0:0:1] failed: Connection refused: getsockopt
	at java.base/sun.nio.ch.Net.pollConnect(Native Method)
	at java.base/sun.nio.ch.Net.pollConnectNow(Net.java:682)
	at java.base/sun.nio.ch.NioSocketImpl.timedFinishConnect(NioSocketImpl.java:542)
	at java.base/sun.nio.ch.NioSocketImpl.connect(NioSocketImpl.java:592)
	at java.base/java.net.SocksSocketImpl.connect(SocksSocketImpl.java:327)
	at java.base/java.net.Socket.connect(Socket.java:752)
	at org.apache.hc.client5.http.impl.io.DefaultHttpClientConnectionOperator.connect(DefaultHttpClientConnectionOperator.java:216)
	at org.apache.hc.client5.http.impl.io.PoolingHttpClientConnectionManager.connect(PoolingHttpClientConnectionManager.java:490)
	at org.apache.hc.client5.http.impl.classic.InternalExecRuntime.connectEndpoint(InternalExecRuntime.java:164)
	at org.apache.hc.client5.http.impl.classic.InternalExecRuntime.connectEndpoint(InternalExecRuntime.java:174)
	at org.apache.hc.client5.http.impl.classic.ConnectExec.execute(ConnectExec.java:144)
	at org.apache.hc.client5.http.impl.classic.ExecChainElement.execute(ExecChainElement.java:51)
	at org.apache.hc.client5.http.impl.classic.ProtocolExec.execute(ProtocolExec.java:192)
	at org.apache.hc.client5.http.impl.classic.ExecChainElement.execute(ExecChainElement.java:51)
	at org.apache.hc.client5.http.impl.classic.ContentCompressionExec.execute(ContentCompressionExec.java:150)
	at org.apache.hc.client5.http.impl.classic.ExecChainElement.execute(ExecChainElement.java:51)
	at org.apache.hc.client5.http.impl.classic.HttpRequestRetryExec.execute(HttpRequestRetryExec.java:113)
	at org.apache.hc.client5.http.impl.classic.ExecChainElement.execute(ExecChainElement.java:51)
	at org.apache.hc.client5.http.impl.classic.RedirectExec.execute(RedirectExec.java:110)
	at org.apache.hc.client5.http.impl.classic.ExecChainElement.execute(ExecChainElement.java:51)
	at org.apache.hc.client5.http.impl.classic.InternalHttpClient.doExecute(InternalHttpClient.java:174)
	at org.apache.hc.client5.http.impl.classic.CloseableHttpClient.execute(CloseableHttpClient.java:87)
	at org.apache.hc.client5.http.impl.classic.CloseableHttpClient.execute(CloseableHttpClient.java:55)
	at org.apache.hc.client5.http.classic.HttpClient.executeOpen(HttpClient.java:183)
	at org.springframework.http.client.HttpComponentsClientHttpRequest.executeInternal(HttpComponentsClientHttpRequest.java:99)
	at org.springframework.http.client.AbstractStreamingClientHttpRequest.executeInternal(AbstractStreamingClientHttpRequest.java:71)
	at org.springframework.http.client.AbstractClientHttpRequest.execute(AbstractClientHttpRequest.java:81)
	at org.springframework.http.client.InterceptingClientHttpRequest$InterceptingRequestExecution.execute(InterceptingClientHttpRequest.java:117)
	at org.springframework.cloud.netflix.eureka.http.RestTemplateTransportClientFactory.lambda$restTemplate$3(RestTemplateTransportClientFactory.java:141)
	at org.springframework.http.client.InterceptingClientHttpRequest$InterceptingRequestExecution.execute(InterceptingClientHttpRequest.java:88)
	at org.springframework.http.client.InterceptingClientHttpRequest.executeInternal(InterceptingClientHttpRequest.java:72)
	at org.springframework.http.client.AbstractBufferingClientHttpRequest.executeInternal(AbstractBufferingClientHttpRequest.java:48)
	at org.springframework.http.client.AbstractClientHttpRequest.execute(AbstractClientHttpRequest.java:81)
	at org.springframework.web.client.RestTemplate.doExecute(RestTemplate.java:900)
	... 38 more

2026-08-16T14:09:26.723+05:30  WARN 2096 --- [user] [SpringApplicationShutdownHook] c.n.d.s.t.d.RetryableEurekaHttpClient    : Request execution failed with message: I/O error on DELETE request for "http://localhost:8761/eureka/apps/USER/LAPTOP-5SP7S7OV:user:8082": Connect to http://localhost:8761 [localhost/127.0.0.1, localhost/0:0:0:0:0:0:0:1] failed: Connection refused: getsockopt
2026-08-16T14:09:26.723+05:30 ERROR 2096 --- [user] [SpringApplicationShutdownHook] com.netflix.discovery.DiscoveryClient    : DiscoveryClient_USER/LAPTOP-5SP7S7OV:user:8082 - de-registration failedCannot execute request on any known server

com.netflix.discovery.shared.transport.TransportException: Cannot execute request on any known server
	at com.netflix.discovery.shared.transport.decorator.RetryableEurekaHttpClient.execute(RetryableEurekaHttpClient.java:112) ~[eureka-client-2.0.4.jar:2.0.4]
	at com.netflix.discovery.shared.transport.decorator.EurekaHttpClientDecorator.cancel(EurekaHttpClientDecorator.java:71) ~[eureka-client-2.0.4.jar:2.0.4]
	at com.netflix.discovery.shared.transport.decorator.EurekaHttpClientDecorator$2.execute(EurekaHttpClientDecorator.java:74) ~[eureka-client-2.0.4.jar:2.0.4]
	at com.netflix.discovery.shared.transport.decorator.SessionedEurekaHttpClient.execute(SessionedEurekaHttpClient.java:76) ~[eureka-client-2.0.4.jar:2.0.4]
	at com.netflix.discovery.shared.transport.decorator.EurekaHttpClientDecorator.cancel(EurekaHttpClientDecorator.java:71) ~[eureka-client-2.0.4.jar:2.0.4]
	at com.netflix.discovery.DiscoveryClient.unregister(DiscoveryClient.java:919) ~[eureka-client-2.0.4.jar:2.0.4]
	at com.netflix.discovery.DiscoveryClient.shutdown(DiscoveryClient.java:900) ~[eureka-client-2.0.4.jar:2.0.4]
	at java.base/jdk.internal.reflect.DirectMethodHandleAccessor.invoke(DirectMethodHandleAccessor.java:103) ~[na:na]
	at java.base/java.lang.reflect.Method.invoke(Method.java:580) ~[na:na]
	at org.springframework.beans.factory.annotation.InitDestroyAnnotationBeanPostProcessor$LifecycleMethod.invoke(InitDestroyAnnotationBeanPostProcessor.java:457) ~[spring-beans-6.2.1.jar:6.2.1]
	at org.springframework.beans.factory.annotation.InitDestroyAnnotationBeanPostProcessor$LifecycleMetadata.invokeDestroyMethods(InitDestroyAnnotationBeanPostProcessor.java:415) ~[spring-beans-6.2.1.jar:6.2.1]
	at org.springframework.beans.factory.annotation.InitDestroyAnnotationBeanPostProcessor.postProcessBeforeDestruction(InitDestroyAnnotationBeanPostProcessor.java:239) ~[spring-beans-6.2.1.jar:6.2.1]
	at org.springframework.beans.factory.support.DisposableBeanAdapter.destroy(DisposableBeanAdapter.java:202) ~[spring-beans-6.2.1.jar:6.2.1]
	at org.springframework.beans.factory.support.DisposableBeanAdapter.run(DisposableBeanAdapter.java:195) ~[spring-beans-6.2.1.jar:6.2.1]
	at org.springframework.cloud.context.scope.GenericScope$BeanLifecycleWrapper.destroy(GenericScope.java:389) ~[spring-cloud-context-4.2.0.jar:4.2.0]
	at org.springframework.cloud.context.scope.GenericScope.destroy(GenericScope.java:136) ~[spring-cloud-context-4.2.0.jar:4.2.0]
	at org.springframework.beans.factory.support.DisposableBeanAdapter.destroy(DisposableBeanAdapter.java:211) ~[spring-beans-6.2.1.jar:6.2.1]
	at org.springframework.beans.factory.support.DefaultSingletonBeanRegistry.destroyBean(DefaultSingletonBeanRegistry.java:668) ~[spring-beans-6.2.1.jar:6.2.1]
	at org.springframework.beans.factory.support.DefaultSingletonBeanRegistry.destroySingleton(DefaultSingletonBeanRegistry.java:625) ~[spring-beans-6.2.1.jar:6.2.1]
	at org.springframework.beans.factory.support.DefaultListableBeanFactory.destroySingleton(DefaultListableBeanFactory.java:1368) ~[spring-beans-6.2.1.jar:6.2.1]
	at org.springframework.beans.factory.support.DefaultSingletonBeanRegistry.destroySingletons(DefaultSingletonBeanRegistry.java:584) ~[spring-beans-6.2.1.jar:6.2.1]
	at org.springframework.beans.factory.support.DefaultListableBeanFactory.destroySingletons(DefaultListableBeanFactory.java:1361) ~[spring-beans-6.2.1.jar:6.2.1]
	at org.springframework.context.support.AbstractApplicationContext.destroyBeans(AbstractApplicationContext.java:1219) ~[spring-context-6.2.1.jar:6.2.1]
	at org.springframework.context.support.AbstractApplicationContext.doClose(AbstractApplicationContext.java:1180) ~[spring-context-6.2.1.jar:6.2.1]
	at org.springframework.boot.web.servlet.context.ServletWebServerApplicationContext.doClose(ServletWebServerApplicationContext.java:174) ~[spring-boot-3.4.1.jar:3.4.1]
	at org.springframework.context.support.AbstractApplicationContext.close(AbstractApplicationContext.java:1126) ~[spring-context-6.2.1.jar:6.2.1]
	at org.springframework.boot.SpringApplicationShutdownHook.closeAndWait(SpringApplicationShutdownHook.java:147) ~[spring-boot-3.4.1.jar:3.4.1]
	at java.base/java.lang.Iterable.forEach(Iterable.java:75) ~[na:na]
	at org.springframework.boot.SpringApplicationShutdownHook.run(SpringApplicationShutdownHook.java:116) ~[spring-boot-3.4.1.jar:3.4.1]
	at java.base/java.lang.Thread.run(Thread.java:1570) ~[na:na]

2026-08-16T14:09:26.731+05:30  INFO 2096 --- [user] [SpringApplicationShutdownHook] com.netflix.discovery.DiscoveryClient    : Completed shut down of DiscoveryClient
2026-08-16T14:31:31.436+05:30  INFO 9488 --- [user] [restartedMain] com.ecommerce.user.UserApplication       : Starting UserApplication using Java 22.0.2 with PID 9488 (C:\Java_Projects\Updated_Ecom_Project\user\target\classes started by baibh in C:\Java_Projects\Updated_Ecom_Project)
2026-08-16T14:31:31.443+05:30  INFO 9488 --- [user] [restartedMain] com.ecommerce.user.UserApplication       : No active profile set, falling back to 1 default profile: "default"
2026-08-16T14:31:31.585+05:30  INFO 9488 --- [user] [restartedMain] o.s.c.c.c.ConfigServerConfigDataLoader   : Fetching config from server at : http://localhost:8888
2026-08-16T14:31:31.586+05:30  INFO 9488 --- [user] [restartedMain] o.s.c.c.c.ConfigServerConfigDataLoader   : Located environment: name=user, profiles=[default], label=null, version=null, state=null
2026-08-16T14:31:31.595+05:30  INFO 9488 --- [user] [restartedMain] .e.DevToolsPropertyDefaultsPostProcessor : Devtools property defaults active! Set 'spring.devtools.add-properties' to 'false' to disable
2026-08-16T14:31:31.596+05:30  INFO 9488 --- [user] [restartedMain] .e.DevToolsPropertyDefaultsPostProcessor : For additional web related logging consider setting the 'logging.level.web' property to 'DEBUG'
2026-08-16T14:31:35.283+05:30  INFO 9488 --- [user] [restartedMain] .s.d.r.c.RepositoryConfigurationDelegate : Bootstrapping Spring Data JPA repositories in DEFAULT mode.
2026-08-16T14:31:35.758+05:30  INFO 9488 --- [user] [restartedMain] .s.d.r.c.RepositoryConfigurationDelegate : Finished Spring Data repository scanning in 447 ms. Found 1 JPA repository interface.
2026-08-16T14:31:36.805+05:30  INFO 9488 --- [user] [restartedMain] o.s.cloud.context.scope.GenericScope     : BeanFactory id=f5f76aed-b3b1-3238-9ea7-b193f4a7ea29
2026-08-16T14:31:39.139+05:30  INFO 9488 --- [user] [restartedMain] o.s.b.w.embedded.tomcat.TomcatWebServer  : Tomcat initialized with port 8082 (http)
2026-08-16T14:31:39.182+05:30  INFO 9488 --- [user] [restartedMain] o.apache.catalina.core.StandardService   : Starting service [Tomcat]
2026-08-16T14:31:39.183+05:30  INFO 9488 --- [user] [restartedMain] o.apache.catalina.core.StandardEngine    : Starting Servlet engine: [Apache Tomcat/10.1.34]
2026-08-16T14:31:39.378+05:30  INFO 9488 --- [user] [restartedMain] o.a.c.c.C.[Tomcat].[localhost].[/]       : Initializing Spring embedded WebApplicationContext
2026-08-16T14:31:39.379+05:30  INFO 9488 --- [user] [restartedMain] w.s.c.ServletWebServerApplicationContext : Root WebApplicationContext: initialization completed in 7781 ms
2026-08-16T14:31:40.862+05:30  INFO 9488 --- [user] [restartedMain] o.hibernate.jpa.internal.util.LogHelper  : HHH000204: Processing PersistenceUnitInfo [name: default]
2026-08-16T14:31:41.079+05:30  INFO 9488 --- [user] [restartedMain] org.hibernate.Version                    : HHH000412: Hibernate ORM core version 6.6.4.Final
2026-08-16T14:31:41.165+05:30  INFO 9488 --- [user] [restartedMain] o.h.c.internal.RegionFactoryInitiator    : HHH000026: Second-level cache disabled
2026-08-16T14:31:41.815+05:30  INFO 9488 --- [user] [restartedMain] o.s.o.j.p.SpringPersistenceUnitInfo      : No LoadTimeWeaver setup: ignoring JPA class transformer
2026-08-16T14:31:41.891+05:30  INFO 9488 --- [user] [restartedMain] com.zaxxer.hikari.HikariDataSource       : HikariPool-1 - Starting...
2026-08-16T14:31:42.693+05:30  INFO 9488 --- [user] [restartedMain] com.zaxxer.hikari.pool.HikariPool        : HikariPool-1 - Added connection com.mysql.cj.jdbc.ConnectionImpl@62499f6b
2026-08-16T14:31:42.699+05:30  INFO 9488 --- [user] [restartedMain] com.zaxxer.hikari.HikariDataSource       : HikariPool-1 - Start completed.
2026-08-16T14:31:42.799+05:30  WARN 9488 --- [user] [restartedMain] org.hibernate.orm.deprecation            : HHH90000025: MySQL8Dialect does not need to be specified explicitly using 'hibernate.dialect' (remove the property setting and it will be selected by default)
2026-08-16T14:31:42.802+05:30  WARN 9488 --- [user] [restartedMain] org.hibernate.orm.deprecation            : HHH90000026: MySQL8Dialect has been deprecated; use org.hibernate.dialect.MySQLDialect instead
2026-08-16T14:31:42.861+05:30  INFO 9488 --- [user] [restartedMain] org.hibernate.orm.connections.pooling    : HHH10001005: Database info:
	Database JDBC URL [Connecting through datasource 'HikariDataSource (HikariPool-1)']
	Database driver: undefined/unknown
	Database version: 8.0
	Autocommit mode: undefined/unknown
	Isolation level: undefined/unknown
	Minimum pool size: undefined/unknown
	Maximum pool size: undefined/unknown
2026-08-16T14:31:45.310+05:30  INFO 9488 --- [user] [restartedMain] o.h.e.t.j.p.i.JtaPlatformInitiator       : HHH000489: No JTA platform available (set 'hibernate.transaction.jta.platform' to enable JTA platform integration)
2026-08-16T14:31:45.420+05:30  INFO 9488 --- [user] [restartedMain] j.LocalContainerEntityManagerFactoryBean : Initialized JPA EntityManagerFactory for persistence unit 'default'
2026-08-16T14:31:46.882+05:30  INFO 9488 --- [user] [restartedMain] eAuthenticationProviderManagerConfigurer : Global AuthenticationManager configured with AuthenticationProvider bean with name authProvider
2026-08-16T14:31:46.885+05:30  WARN 9488 --- [user] [restartedMain] r$InitializeUserDetailsManagerConfigurer : Global AuthenticationManager configured with an AuthenticationProvider bean. UserDetailsService beans will not be used by Spring Security for automatically configuring username/password login. Consider removing the AuthenticationProvider bean. Alternatively, consider using the UserDetailsService in a manually instantiated DaoAuthenticationProvider. If the current configuration is intentional, to turn off this warning, increase the logging level of 'org.springframework.security.config.annotation.authentication.configuration.InitializeUserDetailsBeanManagerConfigurer' to ERROR
2026-08-16T14:31:47.110+05:30  WARN 9488 --- [user] [restartedMain] JpaBaseConfiguration$JpaWebConfiguration : spring.jpa.open-in-view is enabled by default. Therefore, database queries may be performed during view rendering. Explicitly configure spring.jpa.open-in-view to disable this warning
2026-08-16T14:31:48.965+05:30  INFO 9488 --- [user] [restartedMain] o.s.b.a.e.web.EndpointLinksResolver      : Exposing 18 endpoints beneath base path '/actuator'
2026-08-16T14:31:50.402+05:30  WARN 9488 --- [user] [restartedMain] o.s.b.d.a.OptionalLiveReloadServer       : Unable to start LiveReload server
2026-08-16T14:31:50.484+05:30  INFO 9488 --- [user] [restartedMain] DiscoveryClientOptionalArgsConfiguration : Eureka HTTP Client uses RestTemplate.
2026-08-16T14:31:50.641+05:30  WARN 9488 --- [user] [restartedMain] iguration$LoadBalancerCaffeineWarnLogger : Spring Cloud LoadBalancer is currently working with the default cache. While this cache implementation is useful for development and tests, it's recommended to use Caffeine cache in production.You can switch to using Caffeine cache, by adding it and org.springframework.cache.caffeine.CaffeineCacheManager to the classpath.
2026-08-16T14:31:50.876+05:30  INFO 9488 --- [user] [restartedMain] o.s.c.n.eureka.InstanceInfoFactory       : Setting initial instance status as: STARTING
2026-08-16T14:31:50.952+05:30  INFO 9488 --- [user] [restartedMain] com.netflix.discovery.DiscoveryClient    : Initializing Eureka in region us-east-1
2026-08-16T14:31:50.964+05:30  INFO 9488 --- [user] [restartedMain] c.n.d.s.r.aws.ConfigClusterResolver      : Resolving eureka endpoints via configuration
2026-08-16T14:31:50.982+05:30  INFO 9488 --- [user] [restartedMain] com.netflix.discovery.DiscoveryClient    : Disable delta property : false
2026-08-16T14:31:50.983+05:30  INFO 9488 --- [user] [restartedMain] com.netflix.discovery.DiscoveryClient    : Single vip registry refresh property : null
2026-08-16T14:31:50.983+05:30  INFO 9488 --- [user] [restartedMain] com.netflix.discovery.DiscoveryClient    : Force full registry fetch : false
2026-08-16T14:31:50.983+05:30  INFO 9488 --- [user] [restartedMain] com.netflix.discovery.DiscoveryClient    : Application is null : false
2026-08-16T14:31:50.983+05:30  INFO 9488 --- [user] [restartedMain] com.netflix.discovery.DiscoveryClient    : Registered Applications size is zero : true
2026-08-16T14:31:50.984+05:30  INFO 9488 --- [user] [restartedMain] com.netflix.discovery.DiscoveryClient    : Application version is -1: true
2026-08-16T14:31:50.984+05:30  INFO 9488 --- [user] [restartedMain] com.netflix.discovery.DiscoveryClient    : Getting all instance registry info from the eureka server
2026-08-16T14:31:51.454+05:30  INFO 9488 --- [user] [restartedMain] com.netflix.discovery.DiscoveryClient    : The response status is 200
2026-08-16T14:31:51.456+05:30  INFO 9488 --- [user] [restartedMain] com.netflix.discovery.DiscoveryClient    : Starting heartbeat executor: renew interval is: 30
2026-08-16T14:31:51.458+05:30  INFO 9488 --- [user] [restartedMain] c.n.discovery.InstanceInfoReplicator     : InstanceInfoReplicator onDemand update allowed rate per min is 4
2026-08-16T14:31:51.461+05:30  INFO 9488 --- [user] [restartedMain] com.netflix.discovery.DiscoveryClient    : Discovery Client initialized at timestamp 1786870911460 with initial instances count: 0
2026-08-16T14:31:51.471+05:30  INFO 9488 --- [user] [restartedMain] o.s.c.n.e.s.EurekaServiceRegistry        : Registering application USER with eureka with status UP
2026-08-16T14:31:51.472+05:30  INFO 9488 --- [user] [restartedMain] com.netflix.discovery.DiscoveryClient    : Saw local status change event StatusChangeEvent [timestamp=1786870911472, current=UP, previous=STARTING]
2026-08-16T14:31:51.475+05:30  INFO 9488 --- [user] [DiscoveryClient-InstanceInfoReplicator-%d] com.netflix.discovery.DiscoveryClient    : DiscoveryClient_USER/LAPTOP-5SP7S7OV:user:8082: registering service...
2026-08-16T14:31:51.520+05:30  INFO 9488 --- [user] [restartedMain] o.s.b.w.embedded.tomcat.TomcatWebServer  : Tomcat started on port 8082 (http) with context path '/'
2026-08-16T14:31:51.522+05:30  INFO 9488 --- [user] [restartedMain] .s.c.n.e.s.EurekaAutoServiceRegistration : Updating port to 8082
2026-08-16T14:31:51.566+05:30  INFO 9488 --- [user] [restartedMain] com.ecommerce.user.UserApplication       : Started UserApplication in 23.918 seconds (process running for 25.964)
2026-08-16T14:31:51.571+05:30  INFO 9488 --- [user] [DiscoveryClient-InstanceInfoReplicator-%d] com.netflix.discovery.DiscoveryClient    : DiscoveryClient_USER/LAPTOP-5SP7S7OV:user:8082 - registration status: 204
2026-08-16T14:32:21.469+05:30  INFO 9488 --- [user] [DiscoveryClient-CacheRefreshExecutor-%d] com.netflix.discovery.DiscoveryClient    : Disable delta property : false
2026-08-16T14:32:21.469+05:30  INFO 9488 --- [user] [DiscoveryClient-CacheRefreshExecutor-%d] com.netflix.discovery.DiscoveryClient    : Single vip registry refresh property : null
2026-08-16T14:32:21.469+05:30  INFO 9488 --- [user] [DiscoveryClient-CacheRefreshExecutor-%d] com.netflix.discovery.DiscoveryClient    : Force full registry fetch : false
2026-08-16T14:32:21.470+05:30  INFO 9488 --- [user] [DiscoveryClient-CacheRefreshExecutor-%d] com.netflix.discovery.DiscoveryClient    : Application is null : false
2026-08-16T14:32:21.470+05:30  INFO 9488 --- [user] [DiscoveryClient-CacheRefreshExecutor-%d] com.netflix.discovery.DiscoveryClient    : Registered Applications size is zero : true
2026-08-16T14:32:21.470+05:30  INFO 9488 --- [user] [DiscoveryClient-CacheRefreshExecutor-%d] com.netflix.discovery.DiscoveryClient    : Application version is -1: false
2026-08-16T14:32:21.470+05:30  INFO 9488 --- [user] [DiscoveryClient-CacheRefreshExecutor-%d] com.netflix.discovery.DiscoveryClient    : Getting all instance registry info from the eureka server
2026-08-16T14:32:21.502+05:30  INFO 9488 --- [user] [DiscoveryClient-CacheRefreshExecutor-%d] com.netflix.discovery.DiscoveryClient    : The response status is 200
2026-08-16T14:32:43.764+05:30  INFO 9488 --- [user] [http-nio-8082-exec-1] o.a.c.c.C.[Tomcat].[localhost].[/]       : Initializing Spring DispatcherServlet 'dispatcherServlet'
2026-08-16T14:32:43.764+05:30  INFO 9488 --- [user] [http-nio-8082-exec-1] o.s.web.servlet.DispatcherServlet        : Initializing Servlet 'dispatcherServlet'
2026-08-16T14:32:43.767+05:30  INFO 9488 --- [user] [http-nio-8082-exec-1] o.s.web.servlet.DispatcherServlet        : Completed initialization in 3 ms
2026-08-16T14:32:43.958+05:30  WARN 9488 --- [user] [http-nio-8082-exec-1] c.e.u.exception.GlobalExceptionHandler   : AccessDeniedException: Validation failed for argument [0] in public org.springframework.http.ResponseEntity<?> com.ecommerce.user.controller.UserController.createUser(com.ecommerce.user.dto.UserRequest) with 3 errors: [Field error in object 'userRequest' on field 'role': rejected value [null]; codes [NotBlank.userRequest.role,NotBlank.role,NotBlank.java.lang.String,NotBlank]; arguments [org.springframework.context.support.DefaultMessageSourceResolvable: codes [userRequest.role,role]; arguments []; default message [role]]; default message [Password is required]] [Field error in object 'userRequest' on field 'phone': rejected value [null]; codes [NotBlank.userRequest.phone,NotBlank.phone,NotBlank.java.lang.String,NotBlank]; arguments [org.springframework.context.support.DefaultMessageSourceResolvable: codes [userRequest.phone,phone]; arguments []; default message [phone]]; default message [Phone is required]] [Field error in object 'userRequest' on field 'password': rejected value [12]; codes [Size.userRequest.password,Size.password,Size.java.lang.String,Size]; arguments [org.springframework.context.support.DefaultMessageSourceResolvable: codes [userRequest.password,password]; arguments []; default message [password],2147483647,8]; default message [Password must be at least 8 characters]] 
2026-08-16T14:32:43.980+05:30  WARN 9488 --- [user] [http-nio-8082-exec-1] .m.m.a.ExceptionHandlerExceptionResolver : Resolved [org.springframework.web.bind.MethodArgumentNotValidException: Validation failed for argument [0] in public org.springframework.http.ResponseEntity<?> com.ecommerce.user.controller.UserController.createUser(com.ecommerce.user.dto.UserRequest) with 3 errors: [Field error in object 'userRequest' on field 'role': rejected value [null]; codes [NotBlank.userRequest.role,NotBlank.role,NotBlank.java.lang.String,NotBlank]; arguments [org.springframework.context.support.DefaultMessageSourceResolvable: codes [userRequest.role,role]; arguments []; default message [role]]; default message [Password is required]] [Field error in object 'userRequest' on field 'phone': rejected value [null]; codes [NotBlank.userRequest.phone,NotBlank.phone,NotBlank.java.lang.String,NotBlank]; arguments [org.springframework.context.support.DefaultMessageSourceResolvable: codes [userRequest.phone,phone]; arguments []; default message [phone]]; default message [Phone is required]] [Field error in object 'userRequest' on field 'password': rejected value [12]; codes [Size.userRequest.password,Size.password,Size.java.lang.String,Size]; arguments [org.springframework.context.support.DefaultMessageSourceResolvable: codes [userRequest.password,password]; arguments []; default message [password],2147483647,8]; default message [Password must be at least 8 characters]] ]
2026-08-16T14:32:46.530+05:30  WARN 9488 --- [user] [http-nio-8082-exec-2] c.e.u.exception.GlobalExceptionHandler   : AccessDeniedException: Validation failed for argument [0] in public org.springframework.http.ResponseEntity<?> com.ecommerce.user.controller.UserController.createUser(com.ecommerce.user.dto.UserRequest) with 3 errors: [Field error in object 'userRequest' on field 'phone': rejected value [null]; codes [NotBlank.userRequest.phone,NotBlank.phone,NotBlank.java.lang.String,NotBlank]; arguments [org.springframework.context.support.DefaultMessageSourceResolvable: codes [userRequest.phone,phone]; arguments []; default message [phone]]; default message [Phone is required]] [Field error in object 'userRequest' on field 'password': rejected value [12]; codes [Size.userRequest.password,Size.password,Size.java.lang.String,Size]; arguments [org.springframework.context.support.DefaultMessageSourceResolvable: codes [userRequest.password,password]; arguments []; default message [password],2147483647,8]; default message [Password must be at least 8 characters]] [Field error in object 'userRequest' on field 'role': rejected value [null]; codes [NotBlank.userRequest.role,NotBlank.role,NotBlank.java.lang.String,NotBlank]; arguments [org.springframework.context.support.DefaultMessageSourceResolvable: codes [userRequest.role,role]; arguments []; default message [role]]; default message [Password is required]] 
2026-08-16T14:32:46.532+05:30  WARN 9488 --- [user] [http-nio-8082-exec-2] .m.m.a.ExceptionHandlerExceptionResolver : Resolved [org.springframework.web.bind.MethodArgumentNotValidException: Validation failed for argument [0] in public org.springframework.http.ResponseEntity<?> com.ecommerce.user.controller.UserController.createUser(com.ecommerce.user.dto.UserRequest) with 3 errors: [Field error in object 'userRequest' on field 'phone': rejected value [null]; codes [NotBlank.userRequest.phone,NotBlank.phone,NotBlank.java.lang.String,NotBlank]; arguments [org.springframework.context.support.DefaultMessageSourceResolvable: codes [userRequest.phone,phone]; arguments []; default message [phone]]; default message [Phone is required]] [Field error in object 'userRequest' on field 'password': rejected value [12]; codes [Size.userRequest.password,Size.password,Size.java.lang.String,Size]; arguments [org.springframework.context.support.DefaultMessageSourceResolvable: codes [userRequest.password,password]; arguments []; default message [password],2147483647,8]; default message [Password must be at least 8 characters]] [Field error in object 'userRequest' on field 'role': rejected value [null]; codes [NotBlank.userRequest.role,NotBlank.role,NotBlank.java.lang.String,NotBlank]; arguments [org.springframework.context.support.DefaultMessageSourceResolvable: codes [userRequest.role,role]; arguments []; default message [role]]; default message [Password is required]] ]
2026-08-16T14:33:43.766+05:30  WARN 9488 --- [user] [http-nio-8082-exec-3] c.e.u.exception.GlobalExceptionHandler   : AccessDeniedException: Validation failed for argument [0] in public org.springframework.http.ResponseEntity<?> com.ecommerce.user.controller.UserController.createUser(com.ecommerce.user.dto.UserRequest) with 2 errors: [Field error in object 'userRequest' on field 'phone': rejected value [null]; codes [NotBlank.userRequest.phone,NotBlank.phone,NotBlank.java.lang.String,NotBlank]; arguments [org.springframework.context.support.DefaultMessageSourceResolvable: codes [userRequest.phone,phone]; arguments []; default message [phone]]; default message [Phone is required]] [Field error in object 'userRequest' on field 'role': rejected value [null]; codes [NotBlank.userRequest.role,NotBlank.role,NotBlank.java.lang.String,NotBlank]; arguments [org.springframework.context.support.DefaultMessageSourceResolvable: codes [userRequest.role,role]; arguments []; default message [role]]; default message [Password is required]] 
2026-08-16T14:33:43.768+05:30  WARN 9488 --- [user] [http-nio-8082-exec-3] .m.m.a.ExceptionHandlerExceptionResolver : Resolved [org.springframework.web.bind.MethodArgumentNotValidException: Validation failed for argument [0] in public org.springframework.http.ResponseEntity<?> com.ecommerce.user.controller.UserController.createUser(com.ecommerce.user.dto.UserRequest) with 2 errors: [Field error in object 'userRequest' on field 'phone': rejected value [null]; codes [NotBlank.userRequest.phone,NotBlank.phone,NotBlank.java.lang.String,NotBlank]; arguments [org.springframework.context.support.DefaultMessageSourceResolvable: codes [userRequest.phone,phone]; arguments []; default message [phone]]; default message [Phone is required]] [Field error in object 'userRequest' on field 'role': rejected value [null]; codes [NotBlank.userRequest.role,NotBlank.role,NotBlank.java.lang.String,NotBlank]; arguments [org.springframework.context.support.DefaultMessageSourceResolvable: codes [userRequest.role,role]; arguments []; default message [role]]; default message [Password is required]] ]
2026-08-16T14:33:47.436+05:30  INFO 9488 --- [user] [File Watcher] rtingClassPathChangeChangedEventListener : Restarting due to 1 class path change (0 additions, 1 deletion, 0 modifications)
2026-08-16T14:33:47.439+05:30  INFO 9488 --- [user] [Thread-1] o.s.c.n.e.s.EurekaServiceRegistry        : Unregistering application USER with eureka with status DOWN
2026-08-16T14:33:47.439+05:30  INFO 9488 --- [user] [Thread-1] com.netflix.discovery.DiscoveryClient    : Saw local status change event StatusChangeEvent [timestamp=1786871027439, current=DOWN, previous=UP]
2026-08-16T14:33:47.439+05:30  INFO 9488 --- [user] [DiscoveryClient-InstanceInfoReplicator-%d] com.netflix.discovery.DiscoveryClient    : DiscoveryClient_USER/LAPTOP-5SP7S7OV:user:8082: registering service...
2026-08-16T14:33:47.444+05:30  INFO 9488 --- [user] [Thread-1] o.s.b.w.e.tomcat.GracefulShutdown        : Commencing graceful shutdown. Waiting for active requests to complete
2026-08-16T14:33:47.452+05:30  INFO 9488 --- [user] [DiscoveryClient-InstanceInfoReplicator-%d] com.netflix.discovery.DiscoveryClient    : DiscoveryClient_USER/LAPTOP-5SP7S7OV:user:8082 - registration status: 204
2026-08-16T14:33:47.455+05:30  INFO 9488 --- [user] [tomcat-shutdown] o.s.b.w.e.tomcat.GracefulShutdown        : Graceful shutdown complete
2026-08-16T14:33:47.473+05:30  INFO 9488 --- [user] [Thread-1] j.LocalContainerEntityManagerFactoryBean : Closing JPA EntityManagerFactory for persistence unit 'default'
2026-08-16T14:33:47.479+05:30  INFO 9488 --- [user] [Thread-1] com.zaxxer.hikari.HikariDataSource       : HikariPool-1 - Shutdown initiated...
2026-08-16T14:33:47.501+05:30  INFO 9488 --- [user] [Thread-1] com.zaxxer.hikari.HikariDataSource       : HikariPool-1 - Shutdown completed.
2026-08-16T14:33:47.502+05:30  INFO 9488 --- [user] [Thread-1] com.netflix.discovery.DiscoveryClient    : Shutting down DiscoveryClient ...
2026-08-16T14:33:50.511+05:30  INFO 9488 --- [user] [Thread-1] com.netflix.discovery.DiscoveryClient    : Unregistering ...
2026-08-16T14:33:50.535+05:30  INFO 9488 --- [user] [Thread-1] com.netflix.discovery.DiscoveryClient    : DiscoveryClient_USER/LAPTOP-5SP7S7OV:user:8082 - deregister  status: 200
2026-08-16T14:33:50.536+05:30  INFO 9488 --- [user] [Thread-1] com.netflix.discovery.DiscoveryClient    : Completed shut down of DiscoveryClient
2026-08-16T14:33:50.914+05:30  INFO 9488 --- [user] [restartedMain] com.ecommerce.user.UserApplication       : Starting UserApplication using Java 22.0.2 with PID 9488 (C:\Java_Projects\Updated_Ecom_Project\user\target\classes started by baibh in C:\Java_Projects\Updated_Ecom_Project)
2026-08-16T14:33:50.915+05:30  INFO 9488 --- [user] [restartedMain] com.ecommerce.user.UserApplication       : No active profile set, falling back to 1 default profile: "default"
2026-08-16T14:33:50.919+05:30  INFO 9488 --- [user] [restartedMain] o.s.c.c.c.ConfigServerConfigDataLoader   : Fetching config from server at : http://localhost:8888
2026-08-16T14:33:50.920+05:30  INFO 9488 --- [user] [restartedMain] o.s.c.c.c.ConfigServerConfigDataLoader   : Located environment: name=user, profiles=[default], label=null, version=null, state=null
2026-08-16T14:33:51.882+05:30  INFO 9488 --- [user] [restartedMain] .s.d.r.c.RepositoryConfigurationDelegate : Bootstrapping Spring Data JPA repositories in DEFAULT mode.
2026-08-16T14:33:51.959+05:30  INFO 9488 --- [user] [restartedMain] .s.d.r.c.RepositoryConfigurationDelegate : Finished Spring Data repository scanning in 69 ms. Found 1 JPA repository interface.
2026-08-16T14:33:52.199+05:30  INFO 9488 --- [user] [restartedMain] o.s.cloud.context.scope.GenericScope     : BeanFactory id=f5f76aed-b3b1-3238-9ea7-b193f4a7ea29
2026-08-16T14:33:52.385+05:30  INFO 9488 --- [user] [restartedMain] o.s.b.w.embedded.tomcat.TomcatWebServer  : Tomcat initialized with port 8082 (http)
2026-08-16T14:33:52.386+05:30  INFO 9488 --- [user] [restartedMain] o.apache.catalina.core.StandardService   : Starting service [Tomcat]
2026-08-16T14:33:52.387+05:30  INFO 9488 --- [user] [restartedMain] o.apache.catalina.core.StandardEngine    : Starting Servlet engine: [Apache Tomcat/10.1.34]
2026-08-16T14:33:52.444+05:30  INFO 9488 --- [user] [restartedMain] o.a.c.c.C.[Tomcat].[localhost].[/]       : Initializing Spring embedded WebApplicationContext
2026-08-16T14:33:52.444+05:30  INFO 9488 --- [user] [restartedMain] w.s.c.ServletWebServerApplicationContext : Root WebApplicationContext: initialization completed in 1524 ms
2026-08-16T14:33:52.686+05:30  INFO 9488 --- [user] [restartedMain] o.hibernate.jpa.internal.util.LogHelper  : HHH000204: Processing PersistenceUnitInfo [name: default]
2026-08-16T14:33:52.690+05:30  INFO 9488 --- [user] [restartedMain] o.h.c.internal.RegionFactoryInitiator    : HHH000026: Second-level cache disabled
2026-08-16T14:33:52.704+05:30  INFO 9488 --- [user] [restartedMain] o.s.o.j.p.SpringPersistenceUnitInfo      : No LoadTimeWeaver setup: ignoring JPA class transformer
2026-08-16T14:33:52.705+05:30  INFO 9488 --- [user] [restartedMain] com.zaxxer.hikari.HikariDataSource       : HikariPool-2 - Starting...
2026-08-16T14:33:52.724+05:30  INFO 9488 --- [user] [restartedMain] com.zaxxer.hikari.pool.HikariPool        : HikariPool-2 - Added connection com.mysql.cj.jdbc.ConnectionImpl@26c6f1fa
2026-08-16T14:33:52.725+05:30  INFO 9488 --- [user] [restartedMain] com.zaxxer.hikari.HikariDataSource       : HikariPool-2 - Start completed.
2026-08-16T14:33:52.725+05:30  WARN 9488 --- [user] [restartedMain] org.hibernate.orm.deprecation            : HHH90000025: MySQL8Dialect does not need to be specified explicitly using 'hibernate.dialect' (remove the property setting and it will be selected by default)
2026-08-16T14:33:52.726+05:30  WARN 9488 --- [user] [restartedMain] org.hibernate.orm.deprecation            : HHH90000026: MySQL8Dialect has been deprecated; use org.hibernate.dialect.MySQLDialect instead
2026-08-16T14:33:52.726+05:30  INFO 9488 --- [user] [restartedMain] org.hibernate.orm.connections.pooling    : HHH10001005: Database info:
	Database JDBC URL [Connecting through datasource 'HikariDataSource (HikariPool-2)']
	Database driver: undefined/unknown
	Database version: 8.0
	Autocommit mode: undefined/unknown
	Isolation level: undefined/unknown
	Minimum pool size: undefined/unknown
	Maximum pool size: undefined/unknown
2026-08-16T14:33:52.843+05:30  INFO 9488 --- [user] [restartedMain] o.h.e.t.j.p.i.JtaPlatformInitiator       : HHH000489: No JTA platform available (set 'hibernate.transaction.jta.platform' to enable JTA platform integration)
2026-08-16T14:33:52.863+05:30  INFO 9488 --- [user] [restartedMain] j.LocalContainerEntityManagerFactoryBean : Initialized JPA EntityManagerFactory for persistence unit 'default'
2026-08-16T14:33:53.113+05:30  INFO 9488 --- [user] [restartedMain] eAuthenticationProviderManagerConfigurer : Global AuthenticationManager configured with AuthenticationProvider bean with name authProvider
2026-08-16T14:33:53.114+05:30  WARN 9488 --- [user] [restartedMain] r$InitializeUserDetailsManagerConfigurer : Global AuthenticationManager configured with an AuthenticationProvider bean. UserDetailsService beans will not be used by Spring Security for automatically configuring username/password login. Consider removing the AuthenticationProvider bean. Alternatively, consider using the UserDetailsService in a manually instantiated DaoAuthenticationProvider. If the current configuration is intentional, to turn off this warning, increase the logging level of 'org.springframework.security.config.annotation.authentication.configuration.InitializeUserDetailsBeanManagerConfigurer' to ERROR
2026-08-16T14:33:53.158+05:30  WARN 9488 --- [user] [restartedMain] JpaBaseConfiguration$JpaWebConfiguration : spring.jpa.open-in-view is enabled by default. Therefore, database queries may be performed during view rendering. Explicitly configure spring.jpa.open-in-view to disable this warning
2026-08-16T14:33:53.795+05:30  INFO 9488 --- [user] [restartedMain] o.s.b.a.e.web.EndpointLinksResolver      : Exposing 18 endpoints beneath base path '/actuator'
2026-08-16T14:33:54.224+05:30  WARN 9488 --- [user] [restartedMain] o.s.b.d.a.OptionalLiveReloadServer       : Unable to start LiveReload server
2026-08-16T14:33:54.278+05:30  INFO 9488 --- [user] [restartedMain] DiscoveryClientOptionalArgsConfiguration : Eureka HTTP Client uses RestTemplate.
2026-08-16T14:33:54.355+05:30  WARN 9488 --- [user] [restartedMain] iguration$LoadBalancerCaffeineWarnLogger : Spring Cloud LoadBalancer is currently working with the default cache. While this cache implementation is useful for development and tests, it's recommended to use Caffeine cache in production.You can switch to using Caffeine cache, by adding it and org.springframework.cache.caffeine.CaffeineCacheManager to the classpath.
2026-08-16T14:33:54.394+05:30  INFO 9488 --- [user] [restartedMain] o.s.c.n.eureka.InstanceInfoFactory       : Setting initial instance status as: STARTING
2026-08-16T14:33:54.398+05:30  INFO 9488 --- [user] [restartedMain] com.netflix.discovery.DiscoveryClient    : Initializing Eureka in region us-east-1
2026-08-16T14:33:54.398+05:30  INFO 9488 --- [user] [restartedMain] c.n.d.s.r.aws.ConfigClusterResolver      : Resolving eureka endpoints via configuration
2026-08-16T14:33:54.399+05:30  INFO 9488 --- [user] [restartedMain] com.netflix.discovery.DiscoveryClient    : Disable delta property : false
2026-08-16T14:33:54.399+05:30  INFO 9488 --- [user] [restartedMain] com.netflix.discovery.DiscoveryClient    : Single vip registry refresh property : null
2026-08-16T14:33:54.399+05:30  INFO 9488 --- [user] [restartedMain] com.netflix.discovery.DiscoveryClient    : Force full registry fetch : false
2026-08-16T14:33:54.399+05:30  INFO 9488 --- [user] [restartedMain] com.netflix.discovery.DiscoveryClient    : Application is null : false
2026-08-16T14:33:54.399+05:30  INFO 9488 --- [user] [restartedMain] com.netflix.discovery.DiscoveryClient    : Registered Applications size is zero : true
2026-08-16T14:33:54.399+05:30  INFO 9488 --- [user] [restartedMain] com.netflix.discovery.DiscoveryClient    : Application version is -1: true
2026-08-16T14:33:54.400+05:30  INFO 9488 --- [user] [restartedMain] com.netflix.discovery.DiscoveryClient    : Getting all instance registry info from the eureka server
2026-08-16T14:33:54.469+05:30  INFO 9488 --- [user] [restartedMain] com.netflix.discovery.DiscoveryClient    : The response status is 200
2026-08-16T14:33:54.470+05:30  INFO 9488 --- [user] [restartedMain] com.netflix.discovery.DiscoveryClient    : Starting heartbeat executor: renew interval is: 30
2026-08-16T14:33:54.470+05:30  INFO 9488 --- [user] [restartedMain] c.n.discovery.InstanceInfoReplicator     : InstanceInfoReplicator onDemand update allowed rate per min is 4
2026-08-16T14:33:54.471+05:30  INFO 9488 --- [user] [restartedMain] com.netflix.discovery.DiscoveryClient    : Discovery Client initialized at timestamp 1786871034471 with initial instances count: 4
2026-08-16T14:33:54.477+05:30  INFO 9488 --- [user] [restartedMain] o.s.c.n.e.s.EurekaServiceRegistry        : Registering application USER with eureka with status UP
2026-08-16T14:33:54.478+05:30  INFO 9488 --- [user] [restartedMain] com.netflix.discovery.DiscoveryClient    : Saw local status change event StatusChangeEvent [timestamp=1786871034478, current=UP, previous=STARTING]
2026-08-16T14:33:54.478+05:30  INFO 9488 --- [user] [DiscoveryClient-InstanceInfoReplicator-%d] com.netflix.discovery.DiscoveryClient    : DiscoveryClient_USER/LAPTOP-5SP7S7OV:user:8082: registering service...
2026-08-16T14:33:54.485+05:30  INFO 9488 --- [user] [restartedMain] o.s.b.w.embedded.tomcat.TomcatWebServer  : Tomcat started on port 8082 (http) with context path '/'
2026-08-16T14:33:54.487+05:30  INFO 9488 --- [user] [restartedMain] .s.c.n.e.s.EurekaAutoServiceRegistration : Updating port to 8082
2026-08-16T14:33:54.501+05:30  INFO 9488 --- [user] [DiscoveryClient-InstanceInfoReplicator-%d] com.netflix.discovery.DiscoveryClient    : DiscoveryClient_USER/LAPTOP-5SP7S7OV:user:8082 - registration status: 204
2026-08-16T14:33:54.507+05:30  INFO 9488 --- [user] [restartedMain] com.ecommerce.user.UserApplication       : Started UserApplication in 3.848 seconds (process running for 148.905)
2026-08-16T14:33:54.512+05:30  INFO 9488 --- [user] [restartedMain] .ConditionEvaluationDeltaLoggingListener : Condition evaluation unchanged
2026-08-16T14:33:55.674+05:30  INFO 9488 --- [user] [File Watcher] rtingClassPathChangeChangedEventListener : Restarting due to 1 class path change (1 addition, 0 deletions, 0 modifications)
2026-08-16T14:33:55.677+05:30  INFO 9488 --- [user] [Thread-7] o.s.c.n.e.s.EurekaServiceRegistry        : Unregistering application USER with eureka with status DOWN
2026-08-16T14:33:55.678+05:30  INFO 9488 --- [user] [Thread-7] com.netflix.discovery.DiscoveryClient    : Saw local status change event StatusChangeEvent [timestamp=1786871035678, current=DOWN, previous=UP]
2026-08-16T14:33:55.678+05:30  INFO 9488 --- [user] [DiscoveryClient-InstanceInfoReplicator-%d] com.netflix.discovery.DiscoveryClient    : DiscoveryClient_USER/LAPTOP-5SP7S7OV:user:8082: registering service...
2026-08-16T14:33:55.680+05:30  INFO 9488 --- [user] [Thread-7] o.s.b.w.e.tomcat.GracefulShutdown        : Commencing graceful shutdown. Waiting for active requests to complete
2026-08-16T14:33:55.690+05:30  INFO 9488 --- [user] [DiscoveryClient-InstanceInfoReplicator-%d] com.netflix.discovery.DiscoveryClient    : DiscoveryClient_USER/LAPTOP-5SP7S7OV:user:8082 - registration status: 204
2026-08-16T14:33:55.693+05:30  INFO 9488 --- [user] [tomcat-shutdown] o.s.b.w.e.tomcat.GracefulShutdown        : Graceful shutdown complete
2026-08-16T14:33:55.704+05:30  INFO 9488 --- [user] [Thread-7] j.LocalContainerEntityManagerFactoryBean : Closing JPA EntityManagerFactory for persistence unit 'default'
2026-08-16T14:33:55.705+05:30  INFO 9488 --- [user] [Thread-7] com.zaxxer.hikari.HikariDataSource       : HikariPool-2 - Shutdown initiated...
2026-08-16T14:33:55.718+05:30  INFO 9488 --- [user] [Thread-7] com.zaxxer.hikari.HikariDataSource       : HikariPool-2 - Shutdown completed.
2026-08-16T14:33:55.719+05:30  INFO 9488 --- [user] [Thread-7] com.netflix.discovery.DiscoveryClient    : Shutting down DiscoveryClient ...
2026-08-16T14:33:58.719+05:30  INFO 9488 --- [user] [Thread-7] com.netflix.discovery.DiscoveryClient    : Unregistering ...
2026-08-16T14:33:58.741+05:30  INFO 9488 --- [user] [Thread-7] com.netflix.discovery.DiscoveryClient    : DiscoveryClient_USER/LAPTOP-5SP7S7OV:user:8082 - deregister  status: 200
2026-08-16T14:33:58.741+05:30  INFO 9488 --- [user] [Thread-7] com.netflix.discovery.DiscoveryClient    : Completed shut down of DiscoveryClient
2026-08-16T14:33:58.962+05:30  INFO 9488 --- [user] [restartedMain] com.ecommerce.user.UserApplication       : Starting UserApplication using Java 22.0.2 with PID 9488 (C:\Java_Projects\Updated_Ecom_Project\user\target\classes started by baibh in C:\Java_Projects\Updated_Ecom_Project)
2026-08-16T14:33:58.963+05:30  INFO 9488 --- [user] [restartedMain] com.ecommerce.user.UserApplication       : No active profile set, falling back to 1 default profile: "default"
2026-08-16T14:33:58.966+05:30  INFO 9488 --- [user] [restartedMain] o.s.c.c.c.ConfigServerConfigDataLoader   : Fetching config from server at : http://localhost:8888
2026-08-16T14:33:58.967+05:30  INFO 9488 --- [user] [restartedMain] o.s.c.c.c.ConfigServerConfigDataLoader   : Located environment: name=user, profiles=[default], label=null, version=null, state=null
2026-08-16T14:33:59.550+05:30  INFO 9488 --- [user] [restartedMain] .s.d.r.c.RepositoryConfigurationDelegate : Bootstrapping Spring Data JPA repositories in DEFAULT mode.
2026-08-16T14:33:59.581+05:30  INFO 9488 --- [user] [restartedMain] .s.d.r.c.RepositoryConfigurationDelegate : Finished Spring Data repository scanning in 28 ms. Found 1 JPA repository interface.
2026-08-16T14:33:59.786+05:30  INFO 9488 --- [user] [restartedMain] o.s.cloud.context.scope.GenericScope     : BeanFactory id=f5f76aed-b3b1-3238-9ea7-b193f4a7ea29
2026-08-16T14:33:59.986+05:30  INFO 9488 --- [user] [restartedMain] o.s.b.w.embedded.tomcat.TomcatWebServer  : Tomcat initialized with port 8082 (http)
2026-08-16T14:33:59.987+05:30  INFO 9488 --- [user] [restartedMain] o.apache.catalina.core.StandardService   : Starting service [Tomcat]
2026-08-16T14:33:59.988+05:30  INFO 9488 --- [user] [restartedMain] o.apache.catalina.core.StandardEngine    : Starting Servlet engine: [Apache Tomcat/10.1.34]
2026-08-16T14:34:00.049+05:30  INFO 9488 --- [user] [restartedMain] o.a.c.c.C.[Tomcat].[localhost].[/]       : Initializing Spring embedded WebApplicationContext
2026-08-16T14:34:00.050+05:30  INFO 9488 --- [user] [restartedMain] w.s.c.ServletWebServerApplicationContext : Root WebApplicationContext: initialization completed in 1083 ms
2026-08-16T14:34:00.260+05:30  INFO 9488 --- [user] [restartedMain] o.hibernate.jpa.internal.util.LogHelper  : HHH000204: Processing PersistenceUnitInfo [name: default]
2026-08-16T14:34:00.263+05:30  INFO 9488 --- [user] [restartedMain] o.h.c.internal.RegionFactoryInitiator    : HHH000026: Second-level cache disabled
2026-08-16T14:34:00.276+05:30  INFO 9488 --- [user] [restartedMain] o.s.o.j.p.SpringPersistenceUnitInfo      : No LoadTimeWeaver setup: ignoring JPA class transformer
2026-08-16T14:34:00.277+05:30  INFO 9488 --- [user] [restartedMain] com.zaxxer.hikari.HikariDataSource       : HikariPool-3 - Starting...
2026-08-16T14:34:00.296+05:30  INFO 9488 --- [user] [restartedMain] com.zaxxer.hikari.pool.HikariPool        : HikariPool-3 - Added connection com.mysql.cj.jdbc.ConnectionImpl@73d86d6f
2026-08-16T14:34:00.296+05:30  INFO 9488 --- [user] [restartedMain] com.zaxxer.hikari.HikariDataSource       : HikariPool-3 - Start completed.
2026-08-16T14:34:00.297+05:30  WARN 9488 --- [user] [restartedMain] org.hibernate.orm.deprecation            : HHH90000025: MySQL8Dialect does not need to be specified explicitly using 'hibernate.dialect' (remove the property setting and it will be selected by default)
2026-08-16T14:34:00.297+05:30  WARN 9488 --- [user] [restartedMain] org.hibernate.orm.deprecation            : HHH90000026: MySQL8Dialect has been deprecated; use org.hibernate.dialect.MySQLDialect instead
2026-08-16T14:34:00.298+05:30  INFO 9488 --- [user] [restartedMain] org.hibernate.orm.connections.pooling    : HHH10001005: Database info:
	Database JDBC URL [Connecting through datasource 'HikariDataSource (HikariPool-3)']
	Database driver: undefined/unknown
	Database version: 8.0
	Autocommit mode: undefined/unknown
	Isolation level: undefined/unknown
	Minimum pool size: undefined/unknown
	Maximum pool size: undefined/unknown
2026-08-16T14:34:00.444+05:30  INFO 9488 --- [user] [restartedMain] o.h.e.t.j.p.i.JtaPlatformInitiator       : HHH000489: No JTA platform available (set 'hibernate.transaction.jta.platform' to enable JTA platform integration)
2026-08-16T14:34:00.462+05:30  INFO 9488 --- [user] [restartedMain] j.LocalContainerEntityManagerFactoryBean : Initialized JPA EntityManagerFactory for persistence unit 'default'
2026-08-16T14:34:00.676+05:30  INFO 9488 --- [user] [restartedMain] eAuthenticationProviderManagerConfigurer : Global AuthenticationManager configured with AuthenticationProvider bean with name authProvider
2026-08-16T14:34:00.676+05:30  WARN 9488 --- [user] [restartedMain] r$InitializeUserDetailsManagerConfigurer : Global AuthenticationManager configured with an AuthenticationProvider bean. UserDetailsService beans will not be used by Spring Security for automatically configuring username/password login. Consider removing the AuthenticationProvider bean. Alternatively, consider using the UserDetailsService in a manually instantiated DaoAuthenticationProvider. If the current configuration is intentional, to turn off this warning, increase the logging level of 'org.springframework.security.config.annotation.authentication.configuration.InitializeUserDetailsBeanManagerConfigurer' to ERROR
2026-08-16T14:34:00.711+05:30  WARN 9488 --- [user] [restartedMain] JpaBaseConfiguration$JpaWebConfiguration : spring.jpa.open-in-view is enabled by default. Therefore, database queries may be performed during view rendering. Explicitly configure spring.jpa.open-in-view to disable this warning
2026-08-16T14:34:01.114+05:30  INFO 9488 --- [user] [restartedMain] o.s.b.a.e.web.EndpointLinksResolver      : Exposing 18 endpoints beneath base path '/actuator'
2026-08-16T14:34:01.370+05:30  WARN 9488 --- [user] [restartedMain] o.s.b.d.a.OptionalLiveReloadServer       : Unable to start LiveReload server
2026-08-16T14:34:01.398+05:30  INFO 9488 --- [user] [restartedMain] DiscoveryClientOptionalArgsConfiguration : Eureka HTTP Client uses RestTemplate.
2026-08-16T14:34:01.434+05:30  WARN 9488 --- [user] [restartedMain] iguration$LoadBalancerCaffeineWarnLogger : Spring Cloud LoadBalancer is currently working with the default cache. While this cache implementation is useful for development and tests, it's recommended to use Caffeine cache in production.You can switch to using Caffeine cache, by adding it and org.springframework.cache.caffeine.CaffeineCacheManager to the classpath.
2026-08-16T14:34:01.456+05:30  INFO 9488 --- [user] [restartedMain] o.s.c.n.eureka.InstanceInfoFactory       : Setting initial instance status as: STARTING
2026-08-16T14:34:01.462+05:30  INFO 9488 --- [user] [restartedMain] com.netflix.discovery.DiscoveryClient    : Initializing Eureka in region us-east-1
2026-08-16T14:34:01.463+05:30  INFO 9488 --- [user] [restartedMain] c.n.d.s.r.aws.ConfigClusterResolver      : Resolving eureka endpoints via configuration
2026-08-16T14:34:01.463+05:30  INFO 9488 --- [user] [restartedMain] com.netflix.discovery.DiscoveryClient    : Disable delta property : false
2026-08-16T14:34:01.463+05:30  INFO 9488 --- [user] [restartedMain] com.netflix.discovery.DiscoveryClient    : Single vip registry refresh property : null
2026-08-16T14:34:01.464+05:30  INFO 9488 --- [user] [restartedMain] com.netflix.discovery.DiscoveryClient    : Force full registry fetch : false
2026-08-16T14:34:01.464+05:30  INFO 9488 --- [user] [restartedMain] com.netflix.discovery.DiscoveryClient    : Application is null : false
2026-08-16T14:34:01.464+05:30  INFO 9488 --- [user] [restartedMain] com.netflix.discovery.DiscoveryClient    : Registered Applications size is zero : true
2026-08-16T14:34:01.464+05:30  INFO 9488 --- [user] [restartedMain] com.netflix.discovery.DiscoveryClient    : Application version is -1: true
2026-08-16T14:34:01.464+05:30  INFO 9488 --- [user] [restartedMain] com.netflix.discovery.DiscoveryClient    : Getting all instance registry info from the eureka server
2026-08-16T14:34:01.525+05:30  INFO 9488 --- [user] [restartedMain] com.netflix.discovery.DiscoveryClient    : The response status is 200
2026-08-16T14:34:01.526+05:30  INFO 9488 --- [user] [restartedMain] com.netflix.discovery.DiscoveryClient    : Starting heartbeat executor: renew interval is: 30
2026-08-16T14:34:01.527+05:30  INFO 9488 --- [user] [restartedMain] c.n.discovery.InstanceInfoReplicator     : InstanceInfoReplicator onDemand update allowed rate per min is 4
2026-08-16T14:34:01.528+05:30  INFO 9488 --- [user] [restartedMain] com.netflix.discovery.DiscoveryClient    : Discovery Client initialized at timestamp 1786871041528 with initial instances count: 3
2026-08-16T14:34:01.534+05:30  INFO 9488 --- [user] [restartedMain] o.s.c.n.e.s.EurekaServiceRegistry        : Registering application USER with eureka with status UP
2026-08-16T14:34:01.534+05:30  INFO 9488 --- [user] [restartedMain] com.netflix.discovery.DiscoveryClient    : Saw local status change event StatusChangeEvent [timestamp=1786871041534, current=UP, previous=STARTING]
2026-08-16T14:34:01.534+05:30  INFO 9488 --- [user] [DiscoveryClient-InstanceInfoReplicator-%d] com.netflix.discovery.DiscoveryClient    : DiscoveryClient_USER/LAPTOP-5SP7S7OV:user:8082: registering service...
2026-08-16T14:34:01.548+05:30  INFO 9488 --- [user] [restartedMain] o.s.b.w.embedded.tomcat.TomcatWebServer  : Tomcat started on port 8082 (http) with context path '/'
2026-08-16T14:34:01.549+05:30  INFO 9488 --- [user] [restartedMain] .s.c.n.e.s.EurekaAutoServiceRegistration : Updating port to 8082
2026-08-16T14:34:01.563+05:30  INFO 9488 --- [user] [DiscoveryClient-InstanceInfoReplicator-%d] com.netflix.discovery.DiscoveryClient    : DiscoveryClient_USER/LAPTOP-5SP7S7OV:user:8082 - registration status: 204
2026-08-16T14:34:01.566+05:30  INFO 9488 --- [user] [restartedMain] com.ecommerce.user.UserApplication       : Started UserApplication in 2.737 seconds (process running for 155.964)
2026-08-16T14:34:01.568+05:30  INFO 9488 --- [user] [restartedMain] .ConditionEvaluationDeltaLoggingListener : Condition evaluation unchanged
2026-08-16T14:34:14.754+05:30  INFO 9488 --- [user] [http-nio-8082-exec-1] o.a.c.c.C.[Tomcat].[localhost].[/]       : Initializing Spring DispatcherServlet 'dispatcherServlet'
2026-08-16T14:34:14.755+05:30  INFO 9488 --- [user] [http-nio-8082-exec-1] o.s.web.servlet.DispatcherServlet        : Initializing Servlet 'dispatcherServlet'
2026-08-16T14:34:14.756+05:30  INFO 9488 --- [user] [http-nio-8082-exec-1] o.s.web.servlet.DispatcherServlet        : Completed initialization in 1 ms
2026-08-16T14:34:14.781+05:30  INFO 9488 --- [user] [http-nio-8082-exec-1] c.e.user.controller.UserController       : Post request for the Login for user:john@gmail.com, received
2026-08-16T14:34:14.782+05:30  INFO 9488 --- [user] [http-nio-8082-exec-1] com.ecommerce.user.service.UserService   : Initiating the Authetication for the user:john@gmail.com
2026-08-16T14:34:15.067+05:30  WARN 9488 --- [user] [http-nio-8082-exec-1] com.ecommerce.user.service.UserService   : Autentication Failed:Invalid username or password 
2026-08-16T14:34:15.068+05:30  WARN 9488 --- [user] [http-nio-8082-exec-1] c.e.u.exception.GlobalExceptionHandler   : BadCredentialsException for URI: /api/public/users/login
2026-08-16T14:34:15.073+05:30  WARN 9488 --- [user] [http-nio-8082-exec-1] .m.m.a.ExceptionHandlerExceptionResolver : Resolved [org.springframework.security.authentication.BadCredentialsException: Invalid username or password]
2026-08-16T14:34:17.327+05:30  INFO 9488 --- [user] [http-nio-8082-exec-2] c.e.user.controller.UserController       : Post request for the Login for user:john@gmail.com, received
2026-08-16T14:34:17.327+05:30  INFO 9488 --- [user] [http-nio-8082-exec-2] com.ecommerce.user.service.UserService   : Initiating the Authetication for the user:john@gmail.com
2026-08-16T14:34:17.338+05:30  WARN 9488 --- [user] [http-nio-8082-exec-2] com.ecommerce.user.service.UserService   : Autentication Failed:Invalid username or password 
2026-08-16T14:34:17.339+05:30  WARN 9488 --- [user] [http-nio-8082-exec-2] c.e.u.exception.GlobalExceptionHandler   : BadCredentialsException for URI: /api/public/users/login
2026-08-16T14:34:17.341+05:30  WARN 9488 --- [user] [http-nio-8082-exec-2] .m.m.a.ExceptionHandlerExceptionResolver : Resolved [org.springframework.security.authentication.BadCredentialsException: Invalid username or password]
2026-08-16T14:34:18.750+05:30  INFO 9488 --- [user] [http-nio-8082-exec-3] c.e.user.controller.UserController       : Post request for the Login for user:john@gmail.com, received
2026-08-16T14:34:18.750+05:30  INFO 9488 --- [user] [http-nio-8082-exec-3] com.ecommerce.user.service.UserService   : Initiating the Authetication for the user:john@gmail.com
2026-08-16T14:34:18.766+05:30  WARN 9488 --- [user] [http-nio-8082-exec-3] com.ecommerce.user.service.UserService   : Autentication Failed:Invalid username or password 
2026-08-16T14:34:18.767+05:30  WARN 9488 --- [user] [http-nio-8082-exec-3] c.e.u.exception.GlobalExceptionHandler   : BadCredentialsException for URI: /api/public/users/login
2026-08-16T14:34:18.768+05:30  WARN 9488 --- [user] [http-nio-8082-exec-3] .m.m.a.ExceptionHandlerExceptionResolver : Resolved [org.springframework.security.authentication.BadCredentialsException: Invalid username or password]
2026-08-16T14:39:01.475+05:30  INFO 9488 --- [user] [AsyncResolver-bootstrap-executor-%d] c.n.d.s.r.aws.ConfigClusterResolver      : Resolving eureka endpoints via configuration
2026-08-16T14:42:02.414+05:30  INFO 9488 --- [user] [http-nio-8082-exec-5] c.e.user.controller.UserController       : Post request for the Login for user:john@gmail.com, received
2026-08-16T14:42:02.414+05:30  INFO 9488 --- [user] [http-nio-8082-exec-5] com.ecommerce.user.service.UserService   : Initiating the Authetication for the user:john@gmail.com
2026-08-16T14:42:02.428+05:30  INFO 9488 --- [user] [http-nio-8082-exec-5] com.ecommerce.user.service.UserService   : Authentication Successfully generating the token
2026-08-16T14:44:01.484+05:30  INFO 9488 --- [user] [AsyncResolver-bootstrap-executor-%d] c.n.d.s.r.aws.ConfigClusterResolver      : Resolving eureka endpoints via configuration
2026-08-16T14:48:26.874+05:30  INFO 9488 --- [user] [http-nio-8082-exec-6] c.e.user.controller.UserController       : Get request for the user with id:1, received
2026-08-16T14:48:26.874+05:30  INFO 9488 --- [user] [http-nio-8082-exec-6] com.ecommerce.user.service.UserService   : Fetching the User with id:1
2026-08-16T14:48:29.864+05:30  INFO 9488 --- [user] [http-nio-8082-exec-8] c.e.user.controller.UserController       : Get request for the user with id:1, received
2026-08-16T14:48:29.864+05:30  INFO 9488 --- [user] [http-nio-8082-exec-8] com.ecommerce.user.service.UserService   : Fetching the User with id:1
2026-08-16T14:49:01.498+05:30  INFO 9488 --- [user] [AsyncResolver-bootstrap-executor-%d] c.n.d.s.r.aws.ConfigClusterResolver      : Resolving eureka endpoints via configuration
2026-08-16T14:54:01.500+05:30  INFO 9488 --- [user] [AsyncResolver-bootstrap-executor-%d] c.n.d.s.r.aws.ConfigClusterResolver      : Resolving eureka endpoints via configuration
2026-08-16T14:59:01.519+05:30  INFO 9488 --- [user] [AsyncResolver-bootstrap-executor-%d] c.n.d.s.r.aws.ConfigClusterResolver      : Resolving eureka endpoints via configuration
2026-08-16T15:04:01.527+05:30  INFO 9488 --- [user] [AsyncResolver-bootstrap-executor-%d] c.n.d.s.r.aws.ConfigClusterResolver      : Resolving eureka endpoints via configuration
2026-08-16T15:09:01.533+05:30  INFO 9488 --- [user] [AsyncResolver-bootstrap-executor-%d] c.n.d.s.r.aws.ConfigClusterResolver      : Resolving eureka endpoints via configuration
2026-08-16T15:14:01.535+05:30  INFO 9488 --- [user] [AsyncResolver-bootstrap-executor-%d] c.n.d.s.r.aws.ConfigClusterResolver      : Resolving eureka endpoints via configuration
2026-08-16T15:19:01.544+05:30  INFO 9488 --- [user] [AsyncResolver-bootstrap-executor-%d] c.n.d.s.r.aws.ConfigClusterResolver      : Resolving eureka endpoints via configuration
2026-08-16T15:24:01.555+05:30  INFO 9488 --- [user] [AsyncResolver-bootstrap-executor-%d] c.n.d.s.r.aws.ConfigClusterResolver      : Resolving eureka endpoints via configuration
2026-08-16T15:29:01.570+05:30  INFO 9488 --- [user] [AsyncResolver-bootstrap-executor-%d] c.n.d.s.r.aws.ConfigClusterResolver      : Resolving eureka endpoints via configuration
2026-08-16T15:34:01.587+05:30  INFO 9488 --- [user] [AsyncResolver-bootstrap-executor-%d] c.n.d.s.r.aws.ConfigClusterResolver      : Resolving eureka endpoints via configuration
2026-08-16T15:41:28.932+05:30  WARN 9488 --- [user] [HikariPool-3 housekeeper] com.zaxxer.hikari.pool.HikariPool        : HikariPool-3 - Thread starvation or clock leap detected (housekeeper delta=6m57s579ms882µs800ns).
2026-08-16T15:45:29.136+05:30  INFO 9488 --- [user] [AsyncResolver-bootstrap-executor-%d] c.n.d.s.r.aws.ConfigClusterResolver      : Resolving eureka endpoints via configuration
2026-08-16T15:50:29.150+05:30  INFO 9488 --- [user] [AsyncResolver-bootstrap-executor-%d] c.n.d.s.r.aws.ConfigClusterResolver      : Resolving eureka endpoints via configuration
2026-08-16T15:55:29.166+05:30  INFO 9488 --- [user] [AsyncResolver-bootstrap-executor-%d] c.n.d.s.r.aws.ConfigClusterResolver      : Resolving eureka endpoints via configuration
2026-08-16T16:00:29.178+05:30  INFO 9488 --- [user] [AsyncResolver-bootstrap-executor-%d] c.n.d.s.r.aws.ConfigClusterResolver      : Resolving eureka endpoints via configuration
2026-08-16T16:05:29.180+05:30  INFO 9488 --- [user] [AsyncResolver-bootstrap-executor-%d] c.n.d.s.r.aws.ConfigClusterResolver      : Resolving eureka endpoints via configuration
2026-08-16T16:10:29.193+05:30  INFO 9488 --- [user] [AsyncResolver-bootstrap-executor-%d] c.n.d.s.r.aws.ConfigClusterResolver      : Resolving eureka endpoints via configuration
2026-08-16T16:15:29.195+05:30  INFO 9488 --- [user] [AsyncResolver-bootstrap-executor-%d] c.n.d.s.r.aws.ConfigClusterResolver      : Resolving eureka endpoints via configuration
2026-08-16T16:20:29.210+05:30  INFO 9488 --- [user] [AsyncResolver-bootstrap-executor-%d] c.n.d.s.r.aws.ConfigClusterResolver      : Resolving eureka endpoints via configuration
2026-08-16T16:25:29.224+05:30  INFO 9488 --- [user] [AsyncResolver-bootstrap-executor-%d] c.n.d.s.r.aws.ConfigClusterResolver      : Resolving eureka endpoints via configuration
2026-08-16T16:35:27.857+05:30  WARN 9488 --- [user] [HikariPool-3 housekeeper] com.zaxxer.hikari.pool.HikariPool        : HikariPool-3 - Thread starvation or clock leap detected (housekeeper delta=8m58s139ms922µs200ns).
2026-08-16T16:36:03.048+05:30  INFO 9488 --- [user] [SpringApplicationShutdownHook] o.s.c.n.e.s.EurekaServiceRegistry        : Unregistering application USER with eureka with status DOWN
2026-08-16T16:36:03.049+05:30  INFO 9488 --- [user] [SpringApplicationShutdownHook] com.netflix.discovery.DiscoveryClient    : Saw local status change event StatusChangeEvent [timestamp=1786878363049, current=DOWN, previous=UP]
2026-08-16T16:36:03.049+05:30  INFO 9488 --- [user] [DiscoveryClient-InstanceInfoReplicator-%d] com.netflix.discovery.DiscoveryClient    : DiscoveryClient_USER/LAPTOP-5SP7S7OV:user:8082: registering service...
2026-08-16T16:36:03.050+05:30  INFO 9488 --- [user] [SpringApplicationShutdownHook] o.s.b.w.e.tomcat.GracefulShutdown        : Commencing graceful shutdown. Waiting for active requests to complete
2026-08-16T16:36:03.061+05:30  INFO 9488 --- [user] [tomcat-shutdown] o.s.b.w.e.tomcat.GracefulShutdown        : Graceful shutdown complete
2026-08-16T16:36:03.069+05:30  INFO 9488 --- [user] [SpringApplicationShutdownHook] j.LocalContainerEntityManagerFactoryBean : Closing JPA EntityManagerFactory for persistence unit 'default'
2026-08-16T16:36:03.069+05:30  INFO 9488 --- [user] [DiscoveryClient-InstanceInfoReplicator-%d] com.netflix.discovery.DiscoveryClient    : DiscoveryClient_USER/LAPTOP-5SP7S7OV:user:8082 - registration status: 204
2026-08-16T16:36:03.070+05:30  INFO 9488 --- [user] [SpringApplicationShutdownHook] com.zaxxer.hikari.HikariDataSource       : HikariPool-3 - Shutdown initiated...
2026-08-16T16:36:03.089+05:30  INFO 9488 --- [user] [SpringApplicationShutdownHook] com.zaxxer.hikari.HikariDataSource       : HikariPool-3 - Shutdown completed.
2026-08-16T16:36:03.089+05:30  INFO 9488 --- [user] [SpringApplicationShutdownHook] com.netflix.discovery.DiscoveryClient    : Shutting down DiscoveryClient ...
2026-08-16T16:36:06.102+05:30  INFO 9488 --- [user] [SpringApplicationShutdownHook] com.netflix.discovery.DiscoveryClient    : Unregistering ...
2026-08-16T16:36:06.130+05:30  INFO 9488 --- [user] [SpringApplicationShutdownHook] c.n.d.s.t.d.RedirectingEurekaHttpClient  : Request execution error. endpoint=DefaultEndpoint{ serviceUrl='http://localhost:8761/eureka/} exception=I/O error on DELETE request for "http://localhost:8761/eureka/apps/USER/LAPTOP-5SP7S7OV:user:8082": Connect to http://localhost:8761 [localhost/127.0.0.1, localhost/0:0:0:0:0:0:0:1] failed: Connection refused: getsockopt stacktrace=org.springframework.web.client.ResourceAccessException: I/O error on DELETE request for "http://localhost:8761/eureka/apps/USER/LAPTOP-5SP7S7OV:user:8082": Connect to http://localhost:8761 [localhost/127.0.0.1, localhost/0:0:0:0:0:0:0:1] failed: Connection refused: getsockopt
	at org.springframework.web.client.RestTemplate.createResourceAccessException(RestTemplate.java:926)
	at org.springframework.web.client.RestTemplate.doExecute(RestTemplate.java:906)
	at org.springframework.web.client.RestTemplate.execute(RestTemplate.java:841)
	at org.springframework.web.client.RestTemplate.exchange(RestTemplate.java:702)
	at org.springframework.cloud.netflix.eureka.http.RestTemplateEurekaHttpClient.cancel(RestTemplateEurekaHttpClient.java:100)
	at com.netflix.discovery.shared.transport.decorator.EurekaHttpClientDecorator$2.execute(EurekaHttpClientDecorator.java:74)
	at com.netflix.discovery.shared.transport.decorator.RedirectingEurekaHttpClient.execute(RedirectingEurekaHttpClient.java:91)
	at com.netflix.discovery.shared.transport.decorator.EurekaHttpClientDecorator.cancel(EurekaHttpClientDecorator.java:71)
	at com.netflix.discovery.shared.transport.decorator.EurekaHttpClientDecorator$2.execute(EurekaHttpClientDecorator.java:74)
	at com.netflix.discovery.shared.transport.decorator.RetryableEurekaHttpClient.execute(RetryableEurekaHttpClient.java:120)
	at com.netflix.discovery.shared.transport.decorator.EurekaHttpClientDecorator.cancel(EurekaHttpClientDecorator.java:71)
	at com.netflix.discovery.shared.transport.decorator.EurekaHttpClientDecorator$2.execute(EurekaHttpClientDecorator.java:74)
	at com.netflix.discovery.shared.transport.decorator.SessionedEurekaHttpClient.execute(SessionedEurekaHttpClient.java:76)
	at com.netflix.discovery.shared.transport.decorator.EurekaHttpClientDecorator.cancel(EurekaHttpClientDecorator.java:71)
	at com.netflix.discovery.DiscoveryClient.unregister(DiscoveryClient.java:919)
	at com.netflix.discovery.DiscoveryClient.shutdown(DiscoveryClient.java:900)
	at java.base/jdk.internal.reflect.DirectMethodHandleAccessor.invoke(DirectMethodHandleAccessor.java:103)
	at java.base/java.lang.reflect.Method.invoke(Method.java:580)
	at org.springframework.beans.factory.annotation.InitDestroyAnnotationBeanPostProcessor$LifecycleMethod.invoke(InitDestroyAnnotationBeanPostProcessor.java:457)
	at org.springframework.beans.factory.annotation.InitDestroyAnnotationBeanPostProcessor$LifecycleMetadata.invokeDestroyMethods(InitDestroyAnnotationBeanPostProcessor.java:415)
	at org.springframework.beans.factory.annotation.InitDestroyAnnotationBeanPostProcessor.postProcessBeforeDestruction(InitDestroyAnnotationBeanPostProcessor.java:239)
	at org.springframework.beans.factory.support.DisposableBeanAdapter.destroy(DisposableBeanAdapter.java:202)
	at org.springframework.beans.factory.support.DisposableBeanAdapter.run(DisposableBeanAdapter.java:195)
	at org.springframework.cloud.context.scope.GenericScope$BeanLifecycleWrapper.destroy(GenericScope.java:389)
	at org.springframework.cloud.context.scope.GenericScope.destroy(GenericScope.java:136)
	at org.springframework.beans.factory.support.DisposableBeanAdapter.destroy(DisposableBeanAdapter.java:211)
	at org.springframework.beans.factory.support.DefaultSingletonBeanRegistry.destroyBean(DefaultSingletonBeanRegistry.java:668)
	at org.springframework.beans.factory.support.DefaultSingletonBeanRegistry.destroySingleton(DefaultSingletonBeanRegistry.java:625)
	at org.springframework.beans.factory.support.DefaultListableBeanFactory.destroySingleton(DefaultListableBeanFactory.java:1368)
	at org.springframework.beans.factory.support.DefaultSingletonBeanRegistry.destroySingletons(DefaultSingletonBeanRegistry.java:584)
	at org.springframework.beans.factory.support.DefaultListableBeanFactory.destroySingletons(DefaultListableBeanFactory.java:1361)
	at org.springframework.context.support.AbstractApplicationContext.destroyBeans(AbstractApplicationContext.java:1219)
	at org.springframework.context.support.AbstractApplicationContext.doClose(AbstractApplicationContext.java:1180)
	at org.springframework.boot.web.servlet.context.ServletWebServerApplicationContext.doClose(ServletWebServerApplicationContext.java:174)
	at org.springframework.context.support.AbstractApplicationContext.close(AbstractApplicationContext.java:1126)
	at org.springframework.boot.SpringApplicationShutdownHook.closeAndWait(SpringApplicationShutdownHook.java:147)
	at java.base/java.lang.Iterable.forEach(Iterable.java:75)
	at org.springframework.boot.SpringApplicationShutdownHook.run(SpringApplicationShutdownHook.java:116)
	at java.base/java.lang.Thread.run(Thread.java:1570)
Caused by: org.apache.hc.client5.http.HttpHostConnectException: Connect to http://localhost:8761 [localhost/127.0.0.1, localhost/0:0:0:0:0:0:0:1] failed: Connection refused: getsockopt
	at java.base/sun.nio.ch.Net.pollConnect(Native Method)
	at java.base/sun.nio.ch.Net.pollConnectNow(Net.java:682)
	at java.base/sun.nio.ch.NioSocketImpl.timedFinishConnect(NioSocketImpl.java:542)
	at java.base/sun.nio.ch.NioSocketImpl.connect(NioSocketImpl.java:592)
	at java.base/java.net.SocksSocketImpl.connect(SocksSocketImpl.java:327)
	at java.base/java.net.Socket.connect(Socket.java:752)
	at org.apache.hc.client5.http.impl.io.DefaultHttpClientConnectionOperator.connect(DefaultHttpClientConnectionOperator.java:216)
	at org.apache.hc.client5.http.impl.io.PoolingHttpClientConnectionManager.connect(PoolingHttpClientConnectionManager.java:490)
	at org.apache.hc.client5.http.impl.classic.InternalExecRuntime.connectEndpoint(InternalExecRuntime.java:164)
	at org.apache.hc.client5.http.impl.classic.InternalExecRuntime.connectEndpoint(InternalExecRuntime.java:174)
	at org.apache.hc.client5.http.impl.classic.ConnectExec.execute(ConnectExec.java:144)
	at org.apache.hc.client5.http.impl.classic.ExecChainElement.execute(ExecChainElement.java:51)
	at org.apache.hc.client5.http.impl.classic.ProtocolExec.execute(ProtocolExec.java:192)
	at org.apache.hc.client5.http.impl.classic.ExecChainElement.execute(ExecChainElement.java:51)
	at org.apache.hc.client5.http.impl.classic.ContentCompressionExec.execute(ContentCompressionExec.java:150)
	at org.apache.hc.client5.http.impl.classic.ExecChainElement.execute(ExecChainElement.java:51)
	at org.apache.hc.client5.http.impl.classic.HttpRequestRetryExec.execute(HttpRequestRetryExec.java:113)
	at org.apache.hc.client5.http.impl.classic.ExecChainElement.execute(ExecChainElement.java:51)
	at org.apache.hc.client5.http.impl.classic.RedirectExec.execute(RedirectExec.java:110)
	at org.apache.hc.client5.http.impl.classic.ExecChainElement.execute(ExecChainElement.java:51)
	at org.apache.hc.client5.http.impl.classic.InternalHttpClient.doExecute(InternalHttpClient.java:174)
	at org.apache.hc.client5.http.impl.classic.CloseableHttpClient.execute(CloseableHttpClient.java:87)
	at org.apache.hc.client5.http.impl.classic.CloseableHttpClient.execute(CloseableHttpClient.java:55)
	at org.apache.hc.client5.http.classic.HttpClient.executeOpen(HttpClient.java:183)
	at org.springframework.http.client.HttpComponentsClientHttpRequest.executeInternal(HttpComponentsClientHttpRequest.java:99)
	at org.springframework.http.client.AbstractStreamingClientHttpRequest.executeInternal(AbstractStreamingClientHttpRequest.java:71)
	at org.springframework.http.client.AbstractClientHttpRequest.execute(AbstractClientHttpRequest.java:81)
	at org.springframework.http.client.InterceptingClientHttpRequest$InterceptingRequestExecution.execute(InterceptingClientHttpRequest.java:117)
	at org.springframework.cloud.netflix.eureka.http.RestTemplateTransportClientFactory.lambda$restTemplate$3(RestTemplateTransportClientFactory.java:141)
	at org.springframework.http.client.InterceptingClientHttpRequest$InterceptingRequestExecution.execute(InterceptingClientHttpRequest.java:88)
	at org.springframework.http.client.InterceptingClientHttpRequest.executeInternal(InterceptingClientHttpRequest.java:72)
	at org.springframework.http.client.AbstractBufferingClientHttpRequest.executeInternal(AbstractBufferingClientHttpRequest.java:48)
	at org.springframework.http.client.AbstractClientHttpRequest.execute(AbstractClientHttpRequest.java:81)
	at org.springframework.web.client.RestTemplate.doExecute(RestTemplate.java:900)
	... 37 more

2026-08-16T16:36:06.130+05:30  WARN 9488 --- [user] [SpringApplicationShutdownHook] c.n.d.s.t.d.RetryableEurekaHttpClient    : Request execution failed with message: I/O error on DELETE request for "http://localhost:8761/eureka/apps/USER/LAPTOP-5SP7S7OV:user:8082": Connect to http://localhost:8761 [localhost/127.0.0.1, localhost/0:0:0:0:0:0:0:1] failed: Connection refused: getsockopt
2026-08-16T16:36:06.166+05:30  INFO 9488 --- [user] [SpringApplicationShutdownHook] c.n.d.s.t.d.RedirectingEurekaHttpClient  : Request execution error. endpoint=DefaultEndpoint{ serviceUrl='http://localhost:8761/eureka/}, exception=I/O error on DELETE request for "http://localhost:8761/eureka/apps/USER/LAPTOP-5SP7S7OV:user:8082": Connect to http://localhost:8761 [localhost/127.0.0.1, localhost/0:0:0:0:0:0:0:1] failed: Connection refused: getsockopt stacktrace=org.springframework.web.client.ResourceAccessException: I/O error on DELETE request for "http://localhost:8761/eureka/apps/USER/LAPTOP-5SP7S7OV:user:8082": Connect to http://localhost:8761 [localhost/127.0.0.1, localhost/0:0:0:0:0:0:0:1] failed: Connection refused: getsockopt
	at org.springframework.web.client.RestTemplate.createResourceAccessException(RestTemplate.java:926)
	at org.springframework.web.client.RestTemplate.doExecute(RestTemplate.java:906)
	at org.springframework.web.client.RestTemplate.execute(RestTemplate.java:841)
	at org.springframework.web.client.RestTemplate.exchange(RestTemplate.java:702)
	at org.springframework.cloud.netflix.eureka.http.RestTemplateEurekaHttpClient.cancel(RestTemplateEurekaHttpClient.java:100)
	at com.netflix.discovery.shared.transport.decorator.EurekaHttpClientDecorator$2.execute(EurekaHttpClientDecorator.java:74)
	at com.netflix.discovery.shared.transport.decorator.RedirectingEurekaHttpClient.executeOnNewServer(RedirectingEurekaHttpClient.java:121)
	at com.netflix.discovery.shared.transport.decorator.RedirectingEurekaHttpClient.execute(RedirectingEurekaHttpClient.java:80)
	at com.netflix.discovery.shared.transport.decorator.EurekaHttpClientDecorator.cancel(EurekaHttpClientDecorator.java:71)
	at com.netflix.discovery.shared.transport.decorator.EurekaHttpClientDecorator$2.execute(EurekaHttpClientDecorator.java:74)
	at com.netflix.discovery.shared.transport.decorator.RetryableEurekaHttpClient.execute(RetryableEurekaHttpClient.java:120)
	at com.netflix.discovery.shared.transport.decorator.EurekaHttpClientDecorator.cancel(EurekaHttpClientDecorator.java:71)
	at com.netflix.discovery.shared.transport.decorator.EurekaHttpClientDecorator$2.execute(EurekaHttpClientDecorator.java:74)
	at com.netflix.discovery.shared.transport.decorator.SessionedEurekaHttpClient.execute(SessionedEurekaHttpClient.java:76)
	at com.netflix.discovery.shared.transport.decorator.EurekaHttpClientDecorator.cancel(EurekaHttpClientDecorator.java:71)
	at com.netflix.discovery.DiscoveryClient.unregister(DiscoveryClient.java:919)
	at com.netflix.discovery.DiscoveryClient.shutdown(DiscoveryClient.java:900)
	at java.base/jdk.internal.reflect.DirectMethodHandleAccessor.invoke(DirectMethodHandleAccessor.java:103)
	at java.base/java.lang.reflect.Method.invoke(Method.java:580)
	at org.springframework.beans.factory.annotation.InitDestroyAnnotationBeanPostProcessor$LifecycleMethod.invoke(InitDestroyAnnotationBeanPostProcessor.java:457)
	at org.springframework.beans.factory.annotation.InitDestroyAnnotationBeanPostProcessor$LifecycleMetadata.invokeDestroyMethods(InitDestroyAnnotationBeanPostProcessor.java:415)
	at org.springframework.beans.factory.annotation.InitDestroyAnnotationBeanPostProcessor.postProcessBeforeDestruction(InitDestroyAnnotationBeanPostProcessor.java:239)
	at org.springframework.beans.factory.support.DisposableBeanAdapter.destroy(DisposableBeanAdapter.java:202)
	at org.springframework.beans.factory.support.DisposableBeanAdapter.run(DisposableBeanAdapter.java:195)
	at org.springframework.cloud.context.scope.GenericScope$BeanLifecycleWrapper.destroy(GenericScope.java:389)
	at org.springframework.cloud.context.scope.GenericScope.destroy(GenericScope.java:136)
	at org.springframework.beans.factory.support.DisposableBeanAdapter.destroy(DisposableBeanAdapter.java:211)
	at org.springframework.beans.factory.support.DefaultSingletonBeanRegistry.destroyBean(DefaultSingletonBeanRegistry.java:668)
	at org.springframework.beans.factory.support.DefaultSingletonBeanRegistry.destroySingleton(DefaultSingletonBeanRegistry.java:625)
	at org.springframework.beans.factory.support.DefaultListableBeanFactory.destroySingleton(DefaultListableBeanFactory.java:1368)
	at org.springframework.beans.factory.support.DefaultSingletonBeanRegistry.destroySingletons(DefaultSingletonBeanRegistry.java:584)
	at org.springframework.beans.factory.support.DefaultListableBeanFactory.destroySingletons(DefaultListableBeanFactory.java:1361)
	at org.springframework.context.support.AbstractApplicationContext.destroyBeans(AbstractApplicationContext.java:1219)
	at org.springframework.context.support.AbstractApplicationContext.doClose(AbstractApplicationContext.java:1180)
	at org.springframework.boot.web.servlet.context.ServletWebServerApplicationContext.doClose(ServletWebServerApplicationContext.java:174)
	at org.springframework.context.support.AbstractApplicationContext.close(AbstractApplicationContext.java:1126)
	at org.springframework.boot.SpringApplicationShutdownHook.closeAndWait(SpringApplicationShutdownHook.java:147)
	at java.base/java.lang.Iterable.forEach(Iterable.java:75)
	at org.springframework.boot.SpringApplicationShutdownHook.run(SpringApplicationShutdownHook.java:116)
	at java.base/java.lang.Thread.run(Thread.java:1570)
Caused by: org.apache.hc.client5.http.HttpHostConnectException: Connect to http://localhost:8761 [localhost/127.0.0.1, localhost/0:0:0:0:0:0:0:1] failed: Connection refused: getsockopt
	at java.base/sun.nio.ch.Net.pollConnect(Native Method)
	at java.base/sun.nio.ch.Net.pollConnectNow(Net.java:682)
	at java.base/sun.nio.ch.NioSocketImpl.timedFinishConnect(NioSocketImpl.java:542)
	at java.base/sun.nio.ch.NioSocketImpl.connect(NioSocketImpl.java:592)
	at java.base/java.net.SocksSocketImpl.connect(SocksSocketImpl.java:327)
	at java.base/java.net.Socket.connect(Socket.java:752)
	at org.apache.hc.client5.http.impl.io.DefaultHttpClientConnectionOperator.connect(DefaultHttpClientConnectionOperator.java:216)
	at org.apache.hc.client5.http.impl.io.PoolingHttpClientConnectionManager.connect(PoolingHttpClientConnectionManager.java:490)
	at org.apache.hc.client5.http.impl.classic.InternalExecRuntime.connectEndpoint(InternalExecRuntime.java:164)
	at org.apache.hc.client5.http.impl.classic.InternalExecRuntime.connectEndpoint(InternalExecRuntime.java:174)
	at org.apache.hc.client5.http.impl.classic.ConnectExec.execute(ConnectExec.java:144)
	at org.apache.hc.client5.http.impl.classic.ExecChainElement.execute(ExecChainElement.java:51)
	at org.apache.hc.client5.http.impl.classic.ProtocolExec.execute(ProtocolExec.java:192)
	at org.apache.hc.client5.http.impl.classic.ExecChainElement.execute(ExecChainElement.java:51)
	at org.apache.hc.client5.http.impl.classic.ContentCompressionExec.execute(ContentCompressionExec.java:150)
	at org.apache.hc.client5.http.impl.classic.ExecChainElement.execute(ExecChainElement.java:51)
	at org.apache.hc.client5.http.impl.classic.HttpRequestRetryExec.execute(HttpRequestRetryExec.java:113)
	at org.apache.hc.client5.http.impl.classic.ExecChainElement.execute(ExecChainElement.java:51)
	at org.apache.hc.client5.http.impl.classic.RedirectExec.execute(RedirectExec.java:110)
	at org.apache.hc.client5.http.impl.classic.ExecChainElement.execute(ExecChainElement.java:51)
	at org.apache.hc.client5.http.impl.classic.InternalHttpClient.doExecute(InternalHttpClient.java:174)
	at org.apache.hc.client5.http.impl.classic.CloseableHttpClient.execute(CloseableHttpClient.java:87)
	at org.apache.hc.client5.http.impl.classic.CloseableHttpClient.execute(CloseableHttpClient.java:55)
	at org.apache.hc.client5.http.classic.HttpClient.executeOpen(HttpClient.java:183)
	at org.springframework.http.client.HttpComponentsClientHttpRequest.executeInternal(HttpComponentsClientHttpRequest.java:99)
	at org.springframework.http.client.AbstractStreamingClientHttpRequest.executeInternal(AbstractStreamingClientHttpRequest.java:71)
	at org.springframework.http.client.AbstractClientHttpRequest.execute(AbstractClientHttpRequest.java:81)
	at org.springframework.http.client.InterceptingClientHttpRequest$InterceptingRequestExecution.execute(InterceptingClientHttpRequest.java:117)
	at org.springframework.cloud.netflix.eureka.http.RestTemplateTransportClientFactory.lambda$restTemplate$3(RestTemplateTransportClientFactory.java:141)
	at org.springframework.http.client.InterceptingClientHttpRequest$InterceptingRequestExecution.execute(InterceptingClientHttpRequest.java:88)
	at org.springframework.http.client.InterceptingClientHttpRequest.executeInternal(InterceptingClientHttpRequest.java:72)
	at org.springframework.http.client.AbstractBufferingClientHttpRequest.executeInternal(AbstractBufferingClientHttpRequest.java:48)
	at org.springframework.http.client.AbstractClientHttpRequest.execute(AbstractClientHttpRequest.java:81)
	at org.springframework.web.client.RestTemplate.doExecute(RestTemplate.java:900)
	... 38 more

2026-08-16T16:36:06.166+05:30  WARN 9488 --- [user] [SpringApplicationShutdownHook] c.n.d.s.t.d.RetryableEurekaHttpClient    : Request execution failed with message: I/O error on DELETE request for "http://localhost:8761/eureka/apps/USER/LAPTOP-5SP7S7OV:user:8082": Connect to http://localhost:8761 [localhost/127.0.0.1, localhost/0:0:0:0:0:0:0:1] failed: Connection refused: getsockopt
2026-08-16T16:36:06.167+05:30 ERROR 9488 --- [user] [SpringApplicationShutdownHook] com.netflix.discovery.DiscoveryClient    : DiscoveryClient_USER/LAPTOP-5SP7S7OV:user:8082 - de-registration failedCannot execute request on any known server

com.netflix.discovery.shared.transport.TransportException: Cannot execute request on any known server
	at com.netflix.discovery.shared.transport.decorator.RetryableEurekaHttpClient.execute(RetryableEurekaHttpClient.java:112) ~[eureka-client-2.0.4.jar:2.0.4]
	at com.netflix.discovery.shared.transport.decorator.EurekaHttpClientDecorator.cancel(EurekaHttpClientDecorator.java:71) ~[eureka-client-2.0.4.jar:2.0.4]
	at com.netflix.discovery.shared.transport.decorator.EurekaHttpClientDecorator$2.execute(EurekaHttpClientDecorator.java:74) ~[eureka-client-2.0.4.jar:2.0.4]
	at com.netflix.discovery.shared.transport.decorator.SessionedEurekaHttpClient.execute(SessionedEurekaHttpClient.java:76) ~[eureka-client-2.0.4.jar:2.0.4]
	at com.netflix.discovery.shared.transport.decorator.EurekaHttpClientDecorator.cancel(EurekaHttpClientDecorator.java:71) ~[eureka-client-2.0.4.jar:2.0.4]
	at com.netflix.discovery.DiscoveryClient.unregister(DiscoveryClient.java:919) ~[eureka-client-2.0.4.jar:2.0.4]
	at com.netflix.discovery.DiscoveryClient.shutdown(DiscoveryClient.java:900) ~[eureka-client-2.0.4.jar:2.0.4]
	at java.base/jdk.internal.reflect.DirectMethodHandleAccessor.invoke(DirectMethodHandleAccessor.java:103) ~[na:na]
	at java.base/java.lang.reflect.Method.invoke(Method.java:580) ~[na:na]
	at org.springframework.beans.factory.annotation.InitDestroyAnnotationBeanPostProcessor$LifecycleMethod.invoke(InitDestroyAnnotationBeanPostProcessor.java:457) ~[spring-beans-6.2.1.jar:6.2.1]
	at org.springframework.beans.factory.annotation.InitDestroyAnnotationBeanPostProcessor$LifecycleMetadata.invokeDestroyMethods(InitDestroyAnnotationBeanPostProcessor.java:415) ~[spring-beans-6.2.1.jar:6.2.1]
	at org.springframework.beans.factory.annotation.InitDestroyAnnotationBeanPostProcessor.postProcessBeforeDestruction(InitDestroyAnnotationBeanPostProcessor.java:239) ~[spring-beans-6.2.1.jar:6.2.1]
	at org.springframework.beans.factory.support.DisposableBeanAdapter.destroy(DisposableBeanAdapter.java:202) ~[spring-beans-6.2.1.jar:6.2.1]
	at org.springframework.beans.factory.support.DisposableBeanAdapter.run(DisposableBeanAdapter.java:195) ~[spring-beans-6.2.1.jar:6.2.1]
	at org.springframework.cloud.context.scope.GenericScope$BeanLifecycleWrapper.destroy(GenericScope.java:389) ~[spring-cloud-context-4.2.0.jar:4.2.0]
	at org.springframework.cloud.context.scope.GenericScope.destroy(GenericScope.java:136) ~[spring-cloud-context-4.2.0.jar:4.2.0]
	at org.springframework.beans.factory.support.DisposableBeanAdapter.destroy(DisposableBeanAdapter.java:211) ~[spring-beans-6.2.1.jar:6.2.1]
	at org.springframework.beans.factory.support.DefaultSingletonBeanRegistry.destroyBean(DefaultSingletonBeanRegistry.java:668) ~[spring-beans-6.2.1.jar:6.2.1]
	at org.springframework.beans.factory.support.DefaultSingletonBeanRegistry.destroySingleton(DefaultSingletonBeanRegistry.java:625) ~[spring-beans-6.2.1.jar:6.2.1]
	at org.springframework.beans.factory.support.DefaultListableBeanFactory.destroySingleton(DefaultListableBeanFactory.java:1368) ~[spring-beans-6.2.1.jar:6.2.1]
	at org.springframework.beans.factory.support.DefaultSingletonBeanRegistry.destroySingletons(DefaultSingletonBeanRegistry.java:584) ~[spring-beans-6.2.1.jar:6.2.1]
	at org.springframework.beans.factory.support.DefaultListableBeanFactory.destroySingletons(DefaultListableBeanFactory.java:1361) ~[spring-beans-6.2.1.jar:6.2.1]
	at org.springframework.context.support.AbstractApplicationContext.destroyBeans(AbstractApplicationContext.java:1219) ~[spring-context-6.2.1.jar:6.2.1]
	at org.springframework.context.support.AbstractApplicationContext.doClose(AbstractApplicationContext.java:1180) ~[spring-context-6.2.1.jar:6.2.1]
	at org.springframework.boot.web.servlet.context.ServletWebServerApplicationContext.doClose(ServletWebServerApplicationContext.java:174) ~[spring-boot-3.4.1.jar:3.4.1]
	at org.springframework.context.support.AbstractApplicationContext.close(AbstractApplicationContext.java:1126) ~[spring-context-6.2.1.jar:6.2.1]
	at org.springframework.boot.SpringApplicationShutdownHook.closeAndWait(SpringApplicationShutdownHook.java:147) ~[spring-boot-3.4.1.jar:3.4.1]
	at java.base/java.lang.Iterable.forEach(Iterable.java:75) ~[na:na]
	at org.springframework.boot.SpringApplicationShutdownHook.run(SpringApplicationShutdownHook.java:116) ~[spring-boot-3.4.1.jar:3.4.1]
	at java.base/java.lang.Thread.run(Thread.java:1570) ~[na:na]

2026-08-16T16:36:06.172+05:30  INFO 9488 --- [user] [SpringApplicationShutdownHook] com.netflix.discovery.DiscoveryClient    : Completed shut down of DiscoveryClient
